t,x,y,z,roll,pitch,yaw
0.00000,0.04000,0.01241,0.28825,-0.01944,0.00694,0.00000
0.10000,0.08000,0.01165,0.29138,-0.02079,0.00715,-0.00000
0.20000,0.12000,0.01078,0.29475,-0.02179,0.00711,0.00000
0.30000,0.16000,0.00980,0.29832,-0.02243,0.00682,0.00000
0.40000,0.20000,0.00874,0.30203,-0.02269,0.00627,0.00000
0.50000,0.24000,0.00760,0.30581,-0.02255,0.00547,0.00000
0.60000,0.28000,0.00641,0.30961,-0.02203,0.00445,0.00000
0.70000,0.32000,0.00516,0.31335,-0.02113,0.00324,0.00000
0.80000,0.36000,0.00389,0.31699,-0.01988,0.00190,0.00000
0.90000,0.40000,0.00261,0.32044,-0.01830,0.00045,0.00000
1.00000,0.44000,0.00133,0.32366,-0.01643,-0.00103,0.00000
1.10000,0.48000,0.00007,0.32659,-0.01434,-0.00251,0.00000
1.20000,0.52000,-0.00115,0.32918,-0.01206,-0.00394,0.00000
1.30000,0.56000,-0.00232,0.33138,-0.00965,-0.00527,0.00000
1.40000,0.60000,-0.00343,0.33316,-0.00719,-0.00649,-0.00000
1.50000,0.64000,-0.00446,0.33449,-0.00471,-0.00757,0.00000
1.60000,0.68000,-0.00539,0.33534,-0.00229,-0.00850,-0.00000
1.70000,0.72000,-0.00621,0.33571,0.00003,-0.00928,0.00000
1.80000,0.76000,-0.00692,0.33558,0.00221,-0.00992,0.00000
1.90000,0.80000,-0.00751,0.33495,0.00420,-0.01043,0.00000
2.00000,0.84000,-0.00796,0.33385,0.00598,-0.01082,0.00000
2.10000,0.88000,-0.00828,0.33227,0.00754,-0.01111,0.00000
2.20000,0.92000,-0.00845,0.33026,0.00886,-0.01131,0.00000
2.30000,0.96000,-0.00848,0.32782,0.00995,-0.01143,0.00000
2.40000,1.00000,-0.00838,0.32501,0.01082,-0.01147,0.00000
2.50000,1.04000,-0.00814,0.32185,0.01149,-0.01143,0.00000
2.60000,1.08000,-0.00777,0.31839,0.01199,-0.01130,0.00000
2.70000,1.12000,-0.00728,0.31467,0.01234,-0.01107,0.00000
2.80000,1.16000,-0.00669,0.31073,0.01259,-0.01072,0.00000
2.90000,1.20000,-0.00600,0.30664,0.01276,-0.01022,0.00000
3.00000,1.24000,-0.00523,0.30243,0.01288,-0.00956,-0.00000
3.10000,1.28000,-0.00440,0.29815,0.01300,-0.00872,0.00000
3.20000,1.32000,-0.00353,0.29386,0.01312,-0.00769,0.00000
3.30000,1.36000,-0.00264,0.28961,0.01327,-0.00646,0.00000
3.40000,1.40000,-0.00175,0.28545,0.01346,-0.00503,0.00000
3.50000,1.44000,-0.00087,0.28143,0.01369,-0.00343,0.00000
3.60000,1.48000,-0.00004,0.27760,0.01395,-0.00167,0.00000
3.70000,1.52000,0.00074,0.27400,0.01424,0.00021,0.00000
3.80000,1.56000,0.00144,0.27070,0.01453,0.00216,0.00000
3.90000,1.60000,0.00204,0.26772,0.01480,0.00413,0.00000
4.00000,1.64000,0.00254,0.26512,0.01502,0.00607,0.00000
4.10000,1.68000,0.00292,0.26293,0.01515,0.00793,-0.00000
4.20000,1.72000,0.00317,0.26120,0.01517,0.00964,-0.00000
4.30000,1.76000,0.00328,0.25994,0.01503,0.01116,-0.00000
4.40000,1.80000,0.00325,0.25918,0.01471,0.01245,0.00000
4.50000,1.84000,0.00309,0.25894,0.01417,0.01347,0.00000
4.60000,1.88000,0.00279,0.25924,0.01339,0.01420,0.00000
4.70000,1.92000,0.00237,0.26008,0.01236,0.01463,-0.00000
4.80000,1.96000,0.00182,0.26144,0.01106,0.01477,0.00000
4.90000,2.00000,0.00117,0.26332,0.00948,0.01462,0.00000
5.00000,2.04000,0.00043,0.26570,0.00764,0.01421,0.00000
5.10000,2.08000,-0.00038,0.26854,0.00554,0.01357,0.00000
5.20000,2.12000,-0.00125,0.27180,0.00321,0.01273,0.00000
5.30000,2.16000,-0.00215,0.27545,0.00067,0.01173,-0.00000
5.40000,2.20000,-0.00306,0.27943,-0.00204,0.01061,0.00000
5.50000,2.24000,-0.00397,0.28367,-0.00487,0.00940,0.00000
5.60000,2.28000,-0.00484,0.28813,-0.00779,0.00813,0.00000
5.70000,2.32000,-0.00566,0.29273,-0.01074,0.00684,0.00000
5.80000,2.36000,-0.00641,0.29740,-0.01367,0.00554,0.00000
5.90000,2.40000,-0.00707,0.30208,-0.01653,0.00424,0.00000
6.00000,2.44000,-0.00763,0.30670,-0.01926,0.00296,-0.00000
6.10000,2.48000,-0.00807,0.31119,-0.02182,0.00171,0.00000
6.20000,2.52000,-0.00838,0.31549,-0.02416,0.00048,0.00000
6.30000,2.56000,-0.00855,0.31955,-0.02624,-0.00071,0.00000
6.40000,2.60000,-0.00859,0.32331,-0.02801,-0.00188,-0.00000
6.50000,2.64000,-0.00847,0.32671,-0.02944,-0.00300,0.00000
6.60000,2.68000,-0.00822,0.32973,-0.03051,-0.00409,0.00000
6.70000,2.72000,-0.00781,0.33232,-0.03118,-0.00512,-0.00000
6.80000,2.76000,-0.00728,0.33446,-0.03145,-0.00608,0.00000
6.90000,2.80000,-0.00661,0.33613,-0.03130,-0.00696,-0.00000
7.00000,2.84000,-0.00581,0.33731,-0.03071,-0.00773,0.00000
7.10000,2.88000,-0.00491,0.33799,-0.02970,-0.00839,0.00000
7.20000,2.92000,-0.00390,0.33819,-0.02825,-0.00891,-0.00000
7.30000,2.96000,-0.00280,0.33790,-0.02637,-0.00928,0.00000
7.40000,3.00000,-0.00162,0.33714,-0.02409,-0.00949,-0.00000
7.50000,3.04000,-0.00038,0.33593,-0.02140,-0.00954,-0.00000
7.60000,3.08000,0.00092,0.33429,-0.01833,-0.00942,0.00000
7.70000,3.12000,0.00225,0.33226,-0.01492,-0.00915,0.00000
7.80000,3.16000,0.00360,0.32988,-0.01118,-0.00875,0.00000
7.90000,3.20000,0.00496,0.32718,-0.00716,-0.00824,-0.00000
8.00000,3.24000,0.00631,0.32421,-0.00292,-0.00763,0.00000
8.10000,3.28000,0.00764,0.32101,0.00151,-0.00698,0.00000
8.20000,3.32000,0.00893,0.31764,0.00604,-0.00630,0.00000
8.30000,3.36000,0.01017,0.31414,0.01062,-0.00563,0.00000
8.40000,3.40000,0.01134,0.31057,0.01516,-0.00499,0.00000
8.50000,3.44000,0.01243,0.30698,0.01958,-0.00440,0.00000
8.60000,3.48000,0.01342,0.30342,0.02379,-0.00389,0.00000
8.70000,3.52000,0.01431,0.29994,0.02769,-0.00344,-0.00000
8.80000,3.56000,0.01506,0.29657,0.03120,-0.00307,0.00000
8.90000,3.60000,0.01568,0.29337,0.03423,-0.00276,-0.00000
9.00000,3.64000,0.01614,0.29036,0.03669,-0.00250,-0.00000
9.10000,3.68000,0.01645,0.28759,0.03851,-0.00226,0.00000
9.20000,3.72000,0.01659,0.28508,0.03963,-0.00201,0.00000
9.30000,3.76000,0.01655,0.28284,0.04002,-0.00174,0.00000
9.40000,3.80000,0.01634,0.28089,0.03964,-0.00141,0.00000
9.50000,3.84000,0.01594,0.27925,0.03851,-0.00100,-0.00000
9.60000,3.88000,0.01536,0.27791,0.03663,-0.00050,-0.00000
9.70000,3.92000,0.01461,0.27687,0.03406,0.00011,0.00000
9.80000,3.96000,0.01368,0.27614,0.03085,0.00082,-0.00000
9.90000,4.00000,0.01259,0.27569,0.02710,0.00162,0.00000
10.00000,4.04000,0.01135,0.27552,0.02292,0.00250,0.00000
10.10000,4.08000,0.00996,0.27560,0.01840,0.00344,0.00000
10.20000,4.12000,0.00845,0.27593,0.01370,0.00441,-0.00000
10.30000,4.16000,0.00682,0.27648,0.00892,0.00539,0.00000
10.40000,4.20000,0.00510,0.27722,0.00421,0.00632,-0.00000
10.50000,4.24000,0.00330,0.27815,-0.00032,0.00720,-0.00000
10.60000,4.28000,0.00143,0.27924,-0.00456,0.00799,0.00000
10.70000,4.32000,-0.00048,0.28046,-0.00841,0.00867,0.00000
10.80000,4.36000,-0.00241,0.28181,-0.01179,0.00922,0.00000
10.90000,4.40000,-0.00435,0.28325,-0.01466,0.00964,0.00000
11.00000,4.44000,-0.00628,0.28478,-0.01698,0.00993,0.00000
11.10000,4.48000,-0.00818,0.28638,-0.01875,0.01007,0.00000
11.20000,4.52000,-0.01004,0.28803,-0.01998,0.01010,-0.00000
11.30000,4.56000,-0.01183,0.28971,-0.02072,0.01000,0.00000
11.40000,4.60000,-0.01354,0.29141,-0.02102,0.00980,-0.00000
11.50000,4.64000,-0.01514,0.29311,-0.02094,0.00950,0.00000
11.60000,4.68000,-0.01664,0.29481,-0.02055,0.00910,0.00000
11.70000,4.72000,-0.01800,0.29648,-0.01993,0.00862,0.00000
11.80000,4.76000,-0.01921,0.29811,-0.01916,0.00804,0.00000
11.90000,4.80000,-0.02025,0.29970,-0.01829,0.00736,0.00000
12.00000,4.84000,-0.02112,0.30123,-0.01740,0.00656,0.00000
12.10000,4.88000,-0.02179,0.30269,-0.01653,0.00564,0.00000
12.20000,4.92000,-0.02225,0.30407,-0.01569,0.00457,-0.00000
12.30000,4.96000,-0.02250,0.30537,-0.01492,0.00333,0.00000
12.40000,5.00000,-0.02252,0.30657,-0.01420,0.00193,0.00000
12.50000,5.04000,-0.02231,0.30768,-0.01353,0.00035,0.00000
12.60000,5.08000,-0.02187,0.30868,-0.01288,-0.00139,0.00000
12.70000,5.12000,-0.02119,0.30959,-0.01221,-0.00328,0.00000
12.80000,5.16000,-0.02029,0.31039,-0.01149,-0.00528,0.00000
12.90000,5.20000,-0.01917,0.31109,-0.01068,-0.00734,0.00000
13.00000,5.24000,-0.01783,0.31169,-0.00976,-0.00942,0.00000
13.10000,5.28000,-0.01630,0.31220,-0.00869,-0.01144,0.00000
13.20000,5.32000,-0.01459,0.31262,-0.00745,-0.01332,0.00000
13.30000,5.36000,-0.01273,0.31294,-0.00605,-0.01499,-0.00000
13.40000,5.40000,-0.01073,0.31318,-0.00449,-0.01636,0.00000
13.50000,5.44000,-0.00863,0.31333,-0.00278,-0.01737,0.00000
13.60000,5.48000,-0.00644,0.31340,-0.00097,-0.01795,0.00000
13.70000,5.52000,-0.00420,0.31338,0.00091,-0.01805,0.00000
13.80000,5.56000,-0.00193,0.31328,0.00280,-0.01765,0.00000
13.90000,5.60000,0.00034,0.31309,0.00466,-0.01673,-0.00000
14.00000,5.64000,0.00258,0.31281,0.00641,-0.01530,0.00000
14.10000,5.68000,0.00478,0.31244,0.00801,-0.01342,0.00000
14.20000,5.72000,0.00691,0.31197,0.00941,-0.01113,-0.00000
14.30000,5.76000,0.00895,0.31140,0.01055,-0.00851,0.00000
14.40000,5.80000,0.01088,0.31073,0.01141,-0.00567,-0.00000
14.50000,5.84000,0.01270,0.30996,0.01196,-0.00271,0.00000
14.60000,5.88000,0.01438,0.30909,0.01219,0.00027,0.00000
14.70000,5.92000,0.01593,0.30812,0.01209,0.00314,0.00000
14.80000,5.96000,0.01733,0.30706,0.01169,0.00580,0.00000
14.90000,6.00000,0.01857,0.30592,0.01100,0.00816,0.00000
15.00000,6.04000,0.01966,0.30471,0.01005,0.01014,0.00000
15.10000,6.08000,0.02060,0.30344,0.00889,0.01168,0.00000
15.20000,6.12000,0.02138,0.30213,0.00757,0.01275,0.00000
15.30000,6.16000,0.02200,0.30080,0.00612,0.01334,0.00000
15.40000,6.20000,0.02246,0.29948,0.00460,0.01345,0.00000
15.50000,6.24000,0.02276,0.29817,0.00306,0.01311,0.00000
15.60000,6.28000,0.02291,0.29692,0.00155,0.01238,0.00000
15.70000,6.32000,0.02289,0.29573,0.00011,0.01132,0.00000
15.80000,6.36000,0.02272,0.29463,-0.00122,0.01001,-0.00000
15.90000,6.40000,0.02239,0.29364,-0.00239,0.00853,0.00000
16.00000,6.44000,0.02190,0.29278,-0.00339,0.00695,0.00000
16.10000,6.48000,0.02126,0.29205,-0.00418,0.00536,0.00000
16.20000,6.52000,0.02045,0.29148,-0.00474,0.00382,0.00000
16.30000,6.56000,0.01948,0.29106,-0.00505,0.00240,-0.00000
16.40000,6.60000,0.01834,0.29080,-0.00512,0.00113,0.00000
16.50000,6.64000,0.01705,0.29069,-0.00493,0.00005,0.00000
16.60000,6.68000,0.01560,0.29073,-0.00448,-0.00081,0.00000
16.70000,6.72000,0.01399,0.29091,-0.00379,-0.00146,0.00000
16.80000,6.76000,0.01223,0.29122,-0.00287,-0.00190,-0.00000
16.90000,6.80000,0.01032,0.29164,-0.00175,-0.00214,0.00000
17.00000,6.84000,0.00827,0.29216,-0.00046,-0.00221,0.00000
17.10000,6.88000,0.00610,0.29276,0.00098,-0.00213,-0.00000
17.20000,6.92000,0.00380,0.29341,0.00250,-0.00193,0.00000
17.30000,6.96000,0.00139,0.29410,0.00406,-0.00163,0.00000
17.40000,7.00000,-0.00110,0.29482,0.00561,-0.00126,0.00000
17.50000,7.04000,-0.00366,0.29554,0.00708,-0.00084,-0.00000
17.60000,7.08000,-0.00628,0.29625,0.00843,-0.00040,-0.00000
17.70000,7.12000,-0.00892,0.29694,0.00959,0.00006,-0.00000
17.80000,7.16000,-0.01156,0.29760,0.01051,0.00052,0.00000
17.90000,7.20000,-0.01417,0.29822,0.01116,0.00096,-0.00000
18.00000,7.24000,-0.01672,0.29880,0.01149,0.00138,0.00000
18.10000,7.28000,-0.01918,0.29932,0.01148,0.00175,0.00000
18.20000,7.32000,-0.02152,0.29979,0.01113,0.00207,0.00000
18.30000,7.36000,-0.02370,0.30020,0.01044,0.00232,-0.00000
18.40000,7.40000,-0.02569,0.30056,0.00944,0.00248,0.00000
18.50000,7.44000,-0.02745,0.30087,0.00815,0.00254,0.00000
18.60000,7.48000,-0.02896,0.30112,0.00664,0.00248,0.00000
18.70000,7.52000,-0.03018,0.30133,0.00495,0.00228,0.00000
18.80000,7.56000,-0.03108,0.30149,0.00315,0.00194,0.00000
18.90000,7.60000,-0.03164,0.30161,0.00131,0.00144,-0.00000
19.00000,7.64000,-0.03184,0.30169,-0.00049,0.00079,0.00000
19.10000,7.68000,-0.03166,0.30173,-0.00220,-0.00000,0.00000
19.20000,7.72000,-0.03110,0.30173,-0.00375,-0.00093,-0.00000
19.30000,7.76000,-0.03015,0.30170,-0.00509,-0.00195,0.00000
19.40000,7.80000,-0.02881,0.30163,-0.00619,-0.00304,0.00000
19.50000,7.84000,-0.02709,0.30154,-0.00703,-0.00416,0.00000
19.60000,7.88000,-0.02500,0.30143,-0.00761,-0.00525,0.00000
19.70000,7.92000,-0.02257,0.30130,-0.00794,-0.00627,0.00000
19.80000,7.96000,-0.01981,0.30116,-0.00804,-0.00716,0.00000
19.90000,8.00000,-0.01676,0.30101,-0.00795,-0.00788,0.00000
20.00000,8.04000,-0.01345,0.30086,-0.00773,-0.00839,-0.00000
20.10000,8.08000,-0.00992,0.30071,-0.00743,-0.00864,-0.00000
20.20000,8.12000,-0.00622,0.30057,-0.00709,-0.00863,0.00000
20.30000,8.16000,-0.00240,0.30045,-0.00679,-0.00834,0.00000
20.40000,8.20000,0.00151,0.30035,-0.00655,-0.00778,0.00000
20.50000,8.24000,0.00544,0.30028,-0.00642,-0.00697,0.00000
20.60000,8.28000,0.00936,0.30024,-0.00643,-0.00593,0.00000
20.70000,8.32000,0.01319,0.30022,-0.00659,-0.00471,0.00000
20.80000,8.36000,0.01690,0.30023,-0.00689,-0.00336,0.00000
20.90000,8.40000,0.02043,0.30026,-0.00733,-0.00195,0.00000
21.00000,8.44000,0.02373,0.30031,-0.00786,-0.00051,0.00000
21.10000,8.48000,0.02675,0.30037,-0.00846,0.00087,0.00000
21.20000,8.52000,0.02945,0.30043,-0.00907,0.00217,0.00000
21.30000,8.56000,0.03179,0.30048,-0.00965,0.00333,0.00000
21.40000,8.60000,0.03373,0.30051,-0.01013,0.00432,0.00000
21.50000,8.64000,0.03523,0.30051,-0.01048,0.00511,0.00000
21.60000,8.68000,0.03627,0.30048,-0.01064,0.00570,0.00000
21.70000,8.72000,0.03682,0.30039,-0.01057,0.00610,0.00000
21.80000,8.76000,0.03687,0.30025,-0.01027,0.00630,0.00000
21.90000,8.80000,0.03641,0.30006,-0.00970,0.00633,0.00000
22.00000,8.84000,0.03544,0.29981,-0.00887,0.00623,0.00000
22.10000,8.88000,0.03397,0.29951,-0.00780,0.00601,0.00000
22.20000,8.92000,0.03200,0.29916,-0.00650,0.00571,0.00000
22.30000,8.96000,0.02957,0.29879,-0.00501,0.00535,0.00000
22.40000,9.00000,0.02671,0.29840,-0.00336,0.00495,0.00000
22.50000,9.04000,0.02345,0.29801,-0.00161,0.00453,0.00000
22.60000,9.08000,0.01984,0.29764,0.00020,0.00410,0.00000
22.70000,9.12000,0.01595,0.29732,0.00203,0.00365,-0.00000
22.80000,9.16000,0.01182,0.29707,0.00383,0.00318,0.00000
22.90000,9.20000,0.00753,0.29692,0.00557,0.00268,0.00000
23.00000,9.24000,0.00314,0.29687,0.00721,0.00214,0.00000
23.10000,9.28000,-0.00126,0.29696,0.00873,0.00154,0.00000
23.20000,9.32000,-0.00562,0.29720,0.01011,0.00086,0.00000
23.30000,9.36000,-0.00985,0.29759,0.01134,0.00012,0.00000
23.40000,9.40000,-0.01389,0.29814,0.01240,-0.00071,0.00000
23.50000,9.44000,-0.01767,0.29885,0.01331,-0.00159,0.00000
23.60000,9.48000,-0.02113,0.29971,0.01405,-0.00252,0.00000
23.70000,9.52000,-0.02422,0.30071,0.01463,-0.00347,0.00000
23.80000,9.56000,-0.02688,0.30183,0.01505,-0.00439,0.00000
23.90000,9.60000,-0.02908,0.30303,0.01532,-0.00524,0.00000
24.00000,9.64000,-0.03080,0.30430,0.01543,-0.00597,0.00000
24.10000,9.68000,-0.03201,0.30558,0.01538,-0.00655,0.00000
24.20000,9.72000,-0.03271,0.30686,0.01518,-0.00692,0.00000
24.30000,9.76000,-0.03289,0.30809,0.01480,-0.00704,0.00000
24.40000,9.80000,-0.03258,0.30922,0.01426,-0.00688,-0.00000
24.50000,9.84000,-0.03178,0.31023,0.01355,-0.00645,-0.00000
24.60000,9.88000,-0.03054,0.31107,0.01267,-0.00572,0.00000
24.70000,9.92000,-0.02887,0.31171,0.01162,-0.00472,0.00000
24.80000,9.96000,-0.02683,0.31214,0.01041,-0.00349,0.00000
24.90000,10.00000,-0.02446,0.31232,0.00904,-0.00206,0.00000
25.00000,10.04000,-0.02181,0.31225,0.00755,-0.00050,-0.00000
25.10000,10.08000,-0.01894,0.31190,0.00595,0.00114,0.00000
25.20000,10.12000,-0.01589,0.31129,0.00427,0.00277,0.00000
25.30000,10.16000,-0.01272,0.31041,0.00253,0.00433,0.00000
25.40000,10.20000,-0.00949,0.30929,0.00078,0.00574,0.00000
25.50000,10.24000,-0.00624,0.30793,-0.00095,0.00696,0.00000
25.60000,10.28000,-0.00302,0.30636,-0.00263,0.00794,-0.00000
25.70000,10.32000,0.00012,0.30461,-0.00422,0.00864,0.00000
25.80000,10.36000,0.00315,0.30271,-0.00569,0.00905,-0.00000
25.90000,10.40000,0.00602,0.30070,-0.00702,0.00918,0.00000
26.00000,10.44000,0.00871,0.29862,-0.00818,0.00903,-0.00000
26.10000,10.48000,0.01119,0.29650,-0.00916,0.00864,0.00000
26.20000,10.52000,0.01344,0.29439,-0.00996,0.00807,0.00000
26.30000,10.56000,0.01544,0.29232,-0.01057,0.00735,0.00000
26.40000,10.60000,0.01717,0.29033,-0.01099,0.00654,-0.00000
26.50000,10.64000,0.01864,0.28847,-0.01124,0.00569,0.00000
26.60000,10.68000,0.01984,0.28676,-0.01133,0.00486,0.00000
26.70000,10.72000,0.02075,0.28523,-0.01126,0.00407,0.00000
26.80000,10.76000,0.02140,0.28391,-0.01106,0.00336,0.00000
26.90000,10.80000,0.02177,0.28283,-0.01075,0.00272,0.00000
27.00000,10.84000,0.02188,0.28201,-0.01034,0.00217,0.00000
27.10000,10.88000,0.02174,0.28145,-0.00984,0.00167,0.00000
27.20000,10.92000,0.02136,0.28116,-0.00927,0.00120,0.00000
27.30000,10.96000,0.02075,0.28116,-0.00864,0.00071,0.00000
27.40000,11.00000,0.01992,0.28145,-0.00797,0.00015,0.00000
27.50000,11.04000,0.01888,0.28201,-0.00726,-0.00053,0.00000
27.60000,11.08000,0.01766,0.28284,-0.00652,-0.00136,0.00000
27.70000,11.12000,0.01627,0.28393,-0.00577,-0.00239,0.00000
27.80000,11.16000,0.01472,0.28526,-0.00500,-0.00364,0.00000
27.90000,11.20000,0.01303,0.28681,-0.00423,-0.00512,0.00000
28.00000,11.24000,0.01123,0.28856,-0.00347,-0.00682,0.00000
28.10000,11.28000,0.00932,0.29048,-0.00274,-0.00869,0.00000
28.20000,11.32000,0.00734,0.29255,-0.00203,-0.01070,0.00000
28.30000,11.36000,0.00530,0.29472,-0.00136,-0.01276,0.00000
28.40000,11.40000,0.00322,0.29698,-0.00074,-0.01479,0.00000
28.50000,11.44000,0.00113,0.29928,-0.00019,-0.01670,0.00000
28.60000,11.48000,-0.00095,0.30161,0.00030,-0.01837,-0.00000
28.70000,11.52000,-0.00300,0.30391,0.00071,-0.01970,0.00000
28.80000,11.56000,-0.00499,0.30616,0.00105,-0.02059,-0.00000
28.90000,11.60000,-0.00690,0.30833,0.00131,-0.02096,0.00000
29.00000,11.64000,-0.00870,0.31039,0.00150,-0.02074,-0.00000
29.10000,11.68000,-0.01037,0.31230,0.00163,-0.01988,0.00000
29.20000,11.72000,-0.01189,0.31405,0.00170,-0.01837,0.00000
29.30000,11.76000,-0.01324,0.31559,0.00173,-0.01620,0.00000
29.40000,11.80000,-0.01439,0.31693,0.00173,-0.01341,0.00000
29.50000,11.84000,-0.01534,0.31802,0.00171,-0.01008,0.00000
29.60000,11.88000,-0.01606,0.31886,0.00168,-0.00630,-0.00000
29.70000,11.92000,-0.01656,0.31943,0.00165,-0.00217,0.00000
29.80000,11.96000,-0.01683,0.31973,0.00162,0.00218,-0.00000
29.90000,12.00000,-0.01685,0.31975,0.00161,0.00659,0.00000
30.00000,12.04000,-0.01665,0.31948,0.00161,0.01094,0.00000
30.10000,12.08000,-0.01622,0.31894,0.00162,0.01506,0.00000
30.20000,12.12000,-0.01557,0.31812,0.00163,0.01884,-0.00000
30.30000,12.16000,-0.01472,0.31705,0.00164,0.02213,0.00000
30.40000,12.20000,-0.01368,0.31573,0.00165,0.02485,0.00000
30.50000,12.24000,-0.01248,0.31418,0.00164,0.02691,0.00000
30.60000,12.28000,-0.01114,0.31244,0.00162,0.02826,0.00000
30.70000,12.32000,-0.00969,0.31053,0.00159,0.02887,0.00000
30.80000,12.36000,-0.00814,0.30848,0.00155,0.02875,-0.00000
30.90000,12.40000,-0.00654,0.30632,0.00152,0.02792,0.00000
31.00000,12.44000,-0.00491,0.30410,0.00149,0.02642,0.00000
31.10000,12.48000,-0.00327,0.30184,0.00148,0.02435,0.00000
31.20000,12.52000,-0.00165,0.29958,0.00153,0.02177,0.00000
31.30000,12.56000,-0.00008,0.29737,0.00163,0.01879,0.00000
31.40000,12.60000,0.00142,0.29524,0.00181,0.01552,0.00000
31.50000,12.64000,0.00282,0.29321,0.00209,0.01206,-0.00000
31.60000,12.68000,0.00412,0.29133,0.00247,0.00852,0.00000
31.70000,12.72000,0.00530,0.28962,0.00296,0.00499,0.00000
31.80000,12.76000,0.00633,0.28811,0.00356,0.00156,0.00000
31.90000,12.80000,0.00722,0.28681,0.00426,-0.00169,0.00000
32.00000,12.84000,0.00796,0.28575,0.00503,-0.00470,-0.00000
32.10000,12.88000,0.00854,0.28493,0.00585,-0.00742,0.00000
32.20000,12.92000,0.00897,0.28435,0.00669,-0.00983,0.00000
32.30000,12.96000,0.00926,0.28403,0.00750,-0.01191,0.00000
32.40000,13.00000,0.00939,0.28395,0.00823,-0.01364,0.00000
32.50000,13.04000,0.00940,0.28411,0.00885,-0.01505,0.00000
32.60000,13.08000,0.00928,0.28450,0.00932,-0.01614,0.00000
32.70000,13.12000,0.00904,0.28511,0.00959,-0.01693,0.00000
32.80000,13.16000,0.00872,0.28591,0.00964,-0.01744,0.00000
32.90000,13.20000,0.00830,0.28689,0.00944,-0.01769,0.00000
33.00000,13.24000,0.00782,0.28803,0.00899,-0.01772,0.00000
33.10000,13.28000,0.00729,0.28931,0.00830,-0.01753,-0.00000
33.20000,13.32000,0.00672,0.29069,0.00739,-0.01716,-0.00000
33.30000,13.36000,0.00612,0.29216,0.00627,-0.01661,0.00000
33.40000,13.40000,0.00552,0.29370,0.00499,-0.01589,0.00000
33.50000,13.44000,0.00491,0.29528,0.00360,-0.01501,0.00000
33.60000,13.48000,0.00431,0.29688,0.00215,-0.01398,-0.00000
33.70000,13.52000,0.00373,0.29848,0.00068,-0.01281,0.00000
33.80000,13.56000,0.00318,0.30004,-0.00075,-0.01150,0.00000
33.90000,13.60000,0.00266,0.30157,-0.00211,-0.01006,0.00000
34.00000,13.64000,0.00216,0.30302,-0.00334,-0.00851,-0.00000
34.10000,13.68000,0.00171,0.30439,-0.00444,-0.00685,-0.00000
34.20000,13.72000,0.00129,0.30566,-0.00539,-0.00511,0.00000
34.30000,13.76000,0.00090,0.30681,-0.00619,-0.00330,0.00000
34.40000,13.80000,0.00054,0.30783,-0.00684,-0.00147,0.00000
34.50000,13.84000,0.00022,0.30871,-0.00737,0.00037,0.00000
34.60000,13.88000,-0.00008,0.30944,-0.00781,0.00217,-0.00000
34.70000,13.92000,-0.00035,0.31000,-0.00818,0.00391,0.00000
34.80000,13.96000,-0.00060,0.31040,-0.00853,0.00555,-0.00000
34.90000,14.00000,-0.00082,0.31063,-0.00887,0.00706,0.00000
35.00000,14.04000,-0.00102,0.31070,-0.00923,0.00840,0.00000
35.10000,14.08000,-0.00120,0.31060,-0.00962,0.00956,0.00000
35.20000,14.12000,-0.00136,0.31034,-0.01006,0.01052,0.00000
35.30000,14.16000,-0.00149,0.30993,-0.01053,0.01127,0.00000
35.40000,14.20000,-0.00160,0.30939,-0.01100,0.01181,0.00000
35.50000,14.24000,-0.00169,0.30871,-0.01146,0.01213,0.00000
35.60000,14.28000,-0.00175,0.30792,-0.01185,0.01225,0.00000
35.70000,14.32000,-0.00180,0.30704,-0.01214,0.01218,-0.00000
35.80000,14.36000,-0.00182,0.30607,-0.01227,0.01195,0.00000
35.90000,14.40000,-0.00182,0.30505,-0.01220,0.01156,0.00000
36.00000,14.44000,-0.00180,0.30398,-0.01189,0.01106,0.00000
36.10000,14.48000,-0.00178,0.30288,-0.01131,0.01045,0.00000
36.20000,14.52000,-0.00175,0.30178,-0.01043,0.00975,0.00000
36.30000,14.56000,-0.00172,0.30069,-0.00927,0.00899,0.00000
36.40000,14.60000,-0.00170,0.29963,-0.00783,0.00816,0.00000
36.50000,14.64000,-0.00169,0.29861,-0.00615,0.00728,0.00000
36.60000,14.68000,-0.00171,0.29765,-0.00428,0.00635,0.00000
36.70000,14.72000,-0.00176,0.29675,-0.00227,0.00536,-0.00000
36.80000,14.76000,-0.00185,0.29594,-0.00021,0.00432,0.00000
36.90000,14.80000,-0.00198,0.29521,0.00182,0.00321,-0.00000
37.00000,14.84000,-0.00215,0.29459,0.00376,0.00203,0.00000
37.10000,14.88000,-0.00238,0.29407,0.00552,0.00078,0.00000
37.20000,14.92000,-0.00265,0.29366,0.00702,-0.00054,0.00000
37.30000,14.96000,-0.00297,0.29337,0.00823,-0.00192,0.00000
37.40000,15.00000,-0.00332,0.29319,0.00910,-0.00334,0.00000
37.50000,15.04000,-0.00371,0.29313,0.00961,-0.00478,0.00000
37.60000,15.08000,-0.00413,0.29318,0.00977,-0.00620,0.00000
37.70000,15.12000,-0.00456,0.29335,0.00959,-0.00758,0.00000
37.80000,15.16000,-0.00498,0.29362,0.00912,-0.00886,-0.00000
37.90000,15.20000,-0.00540,0.29400,0.00841,-0.00999,-0.00000
38.00000,15.24000,-0.00579,0.29447,0.00753,-0.01094,-0.00000
38.10000,15.28000,-0.00614,0.29502,0.00656,-0.01164,0.00000
38.20000,15.32000,-0.00643,0.29565,0.00557,-0.01207,0.00000
38.30000,15.36000,-0.00666,0.29634,0.00464,-0.01218,0.00000
38.40000,15.40000,-0.00681,0.29708,0.00383,-0.01197,0.00000
38.50000,15.44000,-0.00687,0.29784,0.00320,-0.01142,0.00000
38.60000,15.48000,-0.00683,0.29863,0.00278,-0.01053,-0.00000
38.70000,15.52000,-0.00669,0.29942,0.00261,-0.00934,0.00000
38.80000,15.56000,-0.00644,0.30019,0.00267,-0.00788,-0.00000
38.90000,15.60000,-0.00608,0.30094,0.00297,-0.00620,0.00000
39.00000,15.64000,-0.00560,0.30165,0.00347,-0.00437,0.00000
39.10000,15.68000,-0.00501,0.30229,0.00412,-0.00246,0.00000
39.20000,15.72000,-0.00432,0.30287,0.00488,-0.00055,0.00000
39.30000,15.76000,-0.00351,0.30337,0.00569,0.00130,0.00000
39.40000,15.80000,-0.00261,0.30379,0.00649,0.00299,-0.00000
39.50000,15.84000,-0.00161,0.30411,0.00722,0.00448,-0.00000
39.60000,15.88000,-0.00052,0.30433,0.00784,0.00571,0.00000
39.70000,15.92000,0.00064,0.30445,0.00830,0.00664,0.00000
39.80000,15.96000,0.00187,0.30447,0.00858,0.00725,0.00000
39.90000,16.00000,0.00314,0.30439,0.00867,0.00755,0.00000
40.00000,16.04000,0.00446,0.30421,0.00856,0.00754,0.00000
40.10000,16.08000,0.00579,0.30394,0.00827,0.00726,0.00000
40.20000,16.12000,0.00713,0.30359,0.00781,0.00676,0.00000
40.30000,16.16000,0.00845,0.30316,0.00721,0.00609,0.00000
40.40000,16.20000,0.00974,0.30266,0.00650,0.00532,0.00000
40.50000,16.24000,0.01097,0.30211,0.00571,0.00451,0.00000
40.60000,16.28000,0.01212,0.30152,0.00488,0.00373,0.00000
40.70000,16.32000,0.01317,0.30089,0.00402,0.00303,0.00000
40.80000,16.36000,0.01408,0.30024,0.00316,0.00245,0.00000
40.90000,16.40000,0.01485,0.29959,0.00230,0.00203,0.00000
41.00000,16.44000,0.01545,0.29895,0.00144,0.00178,-0.00000
41.10000,16.48000,0.01586,0.29833,0.00059,0.00169,0.00000
41.20000,16.52000,0.01606,0.29775,-0.00029,0.00176,-0.00000
41.30000,16.56000,0.01603,0.29722,-0.00120,0.00194,0.00000
41.40000,16.60000,0.01578,0.29675,-0.00216,0.00220,-0.00000
41.50000,16.64000,0.01528,0.29637,-0.00320,0.00248,0.00000
41.60000,16.68000,0.01455,0.29607,-0.00432,0.00274,0.00000
41.70000,16.72000,0.01358,0.29586,-0.00554,0.00291,0.00000
41.80000,16.76000,0.01239,0.29577,-0.00685,0.00295,-0.00000
41.90000,16.80000,0.01098,0.29578,-0.00824,0.00282,0.00000
42.00000,16.84000,0.00939,0.29591,-0.00969,0.00249,0.00000
42.10000,16.88000,0.00762,0.29615,-0.01116,0.00197,0.00000
42.20000,16.92000,0.00571,0.29651,-0.01261,0.00125,0.00000
42.30000,16.96000,0.00368,0.29698,-0.01398,0.00035,-0.00000
42.40000,17.00000,0.00158,0.29754,-0.01524,-0.00068,0.00000
42.50000,17.04000,-0.00057,0.29819,-0.01630,-0.00180,0.00000
42.60000,17.08000,-0.00273,0.29892,-0.01714,-0.00295,0.00000
42.70000,17.12000,-0.00487,0.29971,-0.01768,-0.00406,0.00000
42.80000,17.16000,-0.00695,0.30054,-0.01791,-0.00508,-0.00000
42.90000,17.20000,-0.00894,0.30139,-0.01778,-0.00593,-0.00000
43.00000,17.24000,-0.01082,0.30224,-0.01729,-0.00658,0.00000
43.10000,17.28000,-0.01255,0.30306,-0.01644,-0.00698,0.00000
43.20000,17.32000,-0.01411,0.30385,-0.01525,-0.00710,-0.00000
43.30000,17.36000,-0.01548,0.30458,-0.01375,-0.00696,-0.00000
43.40000,17.40000,-0.01666,0.30523,-0.01197,-0.00654,0.00000
43.50000,17.44000,-0.01761,0.30579,-0.00999,-0.00589,-0.00000
43.60000,17.48000,-0.01835,0.30623,-0.00785,-0.00504,0.00000
43.70000,17.52000,-0.01886,0.30656,-0.00563,-0.00405,0.00000
43.80000,17.56000,-0.01915,0.30675,-0.00338,-0.00299,0.00000
43.90000,17.60000,-0.01920,0.30681,-0.00118,-0.00191,0.00000
44.00000,17.64000,-0.01904,0.30673,0.00094,-0.00090,0.00000
44.10000,17.68000,-0.01867,0.30652,0.00292,-0.00000,0.00000
44.20000,17.72000,-0.01809,0.30617,0.00473,0.00072,0.00000
44.30000,17.76000,-0.01732,0.30570,0.00635,0.00123,-0.00000
44.40000,17.80000,-0.01637,0.30510,0.00776,0.00150,0.00000
44.50000,17.84000,-0.01525,0.30441,0.00897,0.00153,0.00000
44.60000,17.88000,-0.01398,0.30361,0.01000,0.00132,0.00000
44.70000,17.92000,-0.01257,0.30274,0.01085,0.00090,0.00000
44.80000,17.96000,-0.01104,0.30181,0.01155,0.00030,0.00000
44.90000,18.00000,-0.00942,0.30084,0.01213,-0.00042,-0.00000
45.00000,18.04000,-0.00770,0.29984,0.01262,-0.00121,0.00000
45.10000,18.08000,-0.00593,0.29884,0.01303,-0.00199,-0.00000
45.20000,18.12000,-0.00410,0.29784,0.01339,-0.00271,0.00000
45.30000,18.16000,-0.00225,0.29688,0.01371,-0.00331,0.00000
45.40000,18.20000,-0.00040,0.29596,0.01399,-0.00373,0.00000
45.50000,18.24000,0.00145,0.29511,0.01424,-0.00392,-0.00000
45.60000,18.28000,0.00326,0.29434,0.01443,-0.00387,-0.00000
45.70000,18.32000,0.00502,0.29366,0.01456,-0.00354,0.00000
45.80000,18.36000,0.00671,0.29307,0.01461,-0.00294,0.00000
45.90000,18.40000,0.00831,0.29260,0.01454,-0.00208,0.00000
46.00000,18.44000,0.00981,0.29224,0.01434,-0.00098,0.00000
46.10000,18.48000,0.01119,0.29200,0.01398,0.00031,0.00000
46.20000,18.52000,0.01244,0.29188,0.01345,0.00175,0.00000
46.30000,18.56000,0.01355,0.29187,0.01272,0.00329,0.00000
46.40000,18.60000,0.01451,0.29197,0.01178,0.00486,-0.00000
46.50000,18.64000,0.01531,0.29216,0.01064,0.00641,0.00000
46.60000,18.68000,0.01594,0.29244,0.00931,0.00788,0.00000
46.70000,18.72000,0.01641,0.29279,0.00779,0.00921,0.00000
46.80000,18.76000,0.01671,0.29321,0.00611,0.01035,0.00000
46.90000,18.80000,0.01685,0.29366,0.00429,0.01126,0.00000
47.00000,18.84000,0.01683,0.29415,0.00237,0.01189,-0.00000
47.10000,18.88000,0.01665,0.29465,0.00038,0.01223,0.00000
47.20000,18.92000,0.01633,0.29515,-0.00164,0.01226,0.00000
47.30000,18.96000,0.01586,0.29564,-0.00366,0.01197,0.00000
47.40000,19.00000,0.01525,0.29613,-0.00563,0.01136,-0.00000
47.50000,19.04000,0.01453,0.29659,-0.00752,0.01045,0.00000
47.60000,19.08000,0.01369,0.29704,-0.00931,0.00926,0.00000
47.70000,19.12000,0.01274,0.29747,-0.01097,0.00781,0.00000
47.80000,19.16000,0.01170,0.29789,-0.01247,0.00616,0.00000
47.90000,19.20000,0.01058,0.29832,-0.01380,0.00433,0.00000
48.00000,19.24000,0.00938,0.29876,-0.01494,0.00239,0.00000
48.10000,19.28000,0.00812,0.29923,-0.01590,0.00039,0.00000
48.20000,19.32000,0.00680,0.29974,-0.01665,-0.00162,0.00000
48.30000,19.36000,0.00544,0.30032,-0.01721,-0.00357,-0.00000
48.40000,19.40000,0.00404,0.30097,-0.01757,-0.00541,0.00000
48.50000,19.44000,0.00262,0.30172,-0.01774,-0.00708,0.00000
48.60000,19.48000,0.00118,0.30256,-0.01771,-0.00854,0.00000
48.70000,19.52000,-0.00027,0.30350,-0.01749,-0.00974,0.00000
48.80000,19.56000,-0.00170,0.30456,-0.01709,-0.01065,0.00000
48.90000,19.60000,-0.00312,0.30571,-0.01650,-0.01124,-0.00000
49.00000,19.64000,-0.00452,0.30696,-0.01574,-0.01150,0.00000
49.10000,19.68000,-0.00587,0.30828,-0.01479,-0.01144,0.00000
49.20000,19.72000,-0.00717,0.30966,-0.01368,-0.01107,0.00000
49.30000,19.76000,-0.00841,0.31106,-0.01240,-0.01043,0.00000
49.40000,19.80000,-0.00958,0.31246,-0.01097,-0.00955,-0.00000
49.50000,19.84000,-0.01066,0.31382,-0.00938,-0.00848,-0.00000
49.60000,19.88000,-0.01164,0.31510,-0.00764,-0.00729,-0.00000
49.70000,19.92000,-0.01251,0.31626,-0.00578,-0.00604,0.00000
49.80000,19.96000,-0.01325,0.31726,-0.00380,-0.00479,0.00000
49.90000,20.00000,-0.01387,0.31806,-0.00172,-0.00361,-0.00000
50.00000,20.04000,-0.01436,0.31862,0.00044,-0.00255,0.00000
50.10000,20.08000,-0.01470,0.31891,0.00265,-0.00166,0.00000
50.20000,20.12000,-0.01488,0.31889,0.00489,-0.00097,0.00000
50.30000,20.16000,-0.01492,0.31855,0.00714,-0.00052,-0.00000
50.40000,20.20000,-0.01480,0.31786,0.00935,-0.00030,-0.00000
50.50000,20.24000,-0.01453,0.31682,0.01150,-0.00031,0.00000
50.60000,20.28000,-0.01411,0.31542,0.01356,-0.00052,0.00000
50.70000,20.32000,-0.01355,0.31367,0.01547,-0.00090,0.00000
50.80000,20.36000,-0.01285,0.31158,0.01722,-0.00139,0.00000
50.90000,20.40000,-0.01201,0.30918,0.01875,-0.00194,-0.00000
51.00000,20.44000,-0.01106,0.30650,0.02004,-0.00248,0.00000
51.10000,20.48000,-0.01000,0.30357,0.02106,-0.00297,0.00000
51.20000,20.52000,-0.00885,0.30044,0.02176,-0.00333,0.00000
51.30000,20.56000,-0.00762,0.29715,0.02214,-0.00352,-0.00000
51.40000,20.60000,-0.00632,0.29377,0.02217,-0.00350,-0.00000
51.50000,20.64000,-0.00498,0.29035,0.02184,-0.00325,-0.00000
51.60000,20.68000,-0.00361,0.28695,0.02114,-0.00275,0.00000
51.70000,20.72000,-0.00222,0.28364,0.02008,-0.00201,0.00000
51.80000,20.76000,-0.00084,0.28047,0.01867,-0.00105,0.00000
51.90000,20.80000,0.00052,0.27750,0.01693,0.00010,-0.00000
52.00000,20.84000,0.00185,0.27479,0.01490,0.00139,0.00000
52.10000,20.88000,0.00313,0.27240,0.01262,0.00278,0.00000
52.20000,20.92000,0.00434,0.27038,0.01012,0.00420,0.00000
52.30000,20.96000,0.00548,0.26875,0.00747,0.00560,0.00000
52.40000,21.00000,0.00652,0.26757,0.00472,0.00693,0.00000
52.50000,21.04000,0.00746,0.26685,0.00193,0.00814,0.00000
52.60000,21.08000,0.00828,0.26661,-0.00084,0.00919,0.00000
52.70000,21.12000,0.00898,0.26687,-0.00352,0.01004,0.00000
52.80000,21.16000,0.00955,0.26763,-0.00607,0.01069,0.00000
52.90000,21.20000,0.00999,0.26887,-0.00842,0.01113,0.00000
53.00000,21.24000,0.01028,0.27058,-0.01054,0.01135,-0.00000
53.10000,21.28000,0.01044,0.27274,-0.01239,0.01138,-0.00000
53.20000,21.32000,0.01045,0.27532,-0.01394,0.01123,0.00000
53.30000,21.36000,0.01032,0.27828,-0.01519,0.01093,0.00000
53.40000,21.40000,0.01006,0.28157,-0.01612,0.01050,0.00000
53.50000,21.44000,0.00966,0.28515,-0.01675,0.00996,0.00000
53.60000,21.48000,0.00915,0.28897,-0.01708,0.00934,0.00000
53.70000,21.52000,0.00852,0.29296,-0.01715,0.00865,0.00000
53.80000,21.56000,0.00779,0.29709,-0.01699,0.00791,-0.00000
53.90000,21.60000,0.00697,0.30128,-0.01664,0.00711,0.00000
54.00000,21.64000,0.00608,0.30549,-0.01613,0.00625,0.00000
54.10000,21.68000,0.00514,0.30965,-0.01551,0.00533,-0.00000
54.20000,21.72000,0.00416,0.31372,-0.01481,0.00433,0.00000
54.30000,21.76000,0.00316,0.31764,-0.01408,0.00324,0.00000
54.40000,21.80000,0.00216,0.32137,-0.01335,0.00205,0.00000
54.50000,21.84000,0.00118,0.32485,-0.01264,0.00077,-0.00000
54.60000,21.88000,0.00025,0.32806,-0.01197,-0.00063,0.00000
54.70000,21.92000,-0.00063,0.33093,-0.01134,-0.00212,0.00000
54.80000,21.96000,-0.00144,0.33345,-0.01078,-0.00368,0.00000
54.90000,22.00000,-0.00215,0.33557,-0.01025,-0.00531,0.00000
55.00000,22.04000,-0.00275,0.33728,-0.00977,-0.00695,0.00000
55.10000,22.08000,-0.00324,0.33854,-0.00929,-0.00857,0.00000
55.20000,22.12000,-0.00360,0.33933,-0.00881,-0.01012,0.00000
55.30000,22.16000,-0.00382,0.33964,-0.00828,-0.01156,-0.00000
55.40000,22.20000,-0.00391,0.33947,-0.00769,-0.01283,-0.00000
55.50000,22.24000,-0.00386,0.33879,-0.00700,-0.01389,0.00000
55.60000,22.28000,-0.00367,0.33763,-0.00619,-0.01469,0.00000
55.70000,22.32000,-0.00336,0.33597,-0.00522,-0.01521,0.00000
55.80000,22.36000,-0.00292,0.33384,-0.00409,-0.01542,-0.00000
55.90000,22.40000,-0.00238,0.33125,-0.00277,-0.01532,0.00000
56.00000,22.44000,-0.00174,0.32824,-0.00127,-0.01490,0.00000
56.10000,22.48000,-0.00102,0.32483,0.00043,-0.01418,0.00000
56.20000,22.52000,-0.00025,0.32107,0.00230,-0.01319,0.00000
56.30000,22.56000,0.00057,0.31701,0.00433,-0.01196,0.00000
56.40000,22.60000,0.00140,0.31269,0.00650,-0.01054,0.00000
56.50000,22.64000,0.00222,0.30818,0.00877,-0.00897,0.00000
56.60000,22.68000,0.00302,0.30354,0.01110,-0.00730,-0.00000
56.70000,22.72000,0.00378,0.29883,0.01346,-0.00558,0.00000
56.80000,22.76000,0.00447,0.29413,0.01579,-0.00386,0.00000
56.90000,22.80000,0.00507,0.28949,0.01804,-0.00217,-0.00000
57.00000,22.84000,0.00556,0.28500,0.02018,-0.00054,0.00000
57.10000,22.88000,0.00595,0.28070,0.02213,0.00099,0.00000
57.20000,22.92000,0.00620,0.27668,0.02387,0.00242,0.00000
57.30000,22.96000,0.00632,0.27297,0.02534,0.00374,0.00000
57.40000,23.00000,0.00629,0.26965,0.02651,0.00493,-0.00000
57.50000,23.04000,0.00612,0.26674,0.02734,0.00600,-0.00000
57.60000,23.08000,0.00580,0.26430,0.02781,0.00695,0.00000
57.70000,23.12000,0.00534,0.26235,0.02789,0.00779,-0.00000
57.80000,23.16000,0.00475,0.26091,0.02757,0.00853,0.00000
57.90000,23.20000,0.00403,0.25999,0.02685,0.00916,-0.00000
58.00000,23.24000,0.00319,0.25961,0.02572,0.00969,0.00000
58.10000,23.28000,0.00226,0.25976,0.02420,0.01011,-0.00000
58.20000,23.32000,0.00123,0.26042,0.02229,0.01042,0.00000
58.30000,23.36000,0.00013,0.26158,0.02003,0.01061,0.00000
58.40000,23.40000,-0.00102,0.26322,0.01742,0.01067,0.00000
58.50000,23.44000,-0.00221,0.26531,0.01451,0.01060,0.00000
58.60000,23.48000,-0.00342,0.26780,0.01131,0.01038,0.00000
58.70000,23.52000,-0.00464,0.27066,0.00788,0.01002,0.00000
58.80000,23.56000,-0.00584,0.27383,0.00424,0.00952,0.00000
58.90000,23.60000,-0.00702,0.27728,0.00044,0.00888,0.00000
59.00000,23.64000,-0.00815,0.28095,-0.00347,0.00812,0.00000
59.10000,23.68000,-0.00922,0.28478,-0.00745,0.00725,0.00000
59.20000,23.72000,-0.01023,0.28873,-0.01145,0.00630,0.00000
59.30000,23.76000,-0.01115,0.29273,-0.01541,0.00531,0.00000
59.40000,23.80000,-0.01197,0.29673,-0.01928,0.00429,0.00000
59.50000,23.84000,-0.01268,0.30067,-0.02298,0.00328,0.00000
59.60000,23.88000,-0.01328,0.30452,-0.02647,0.00232,0.00000
59.70000,23.92000,-0.01375,0.30820,-0.02966,0.00142,0.00000
59.80000,23.96000,-0.01409,0.31169,-0.03250,0.00061,0.00000
59.90000,24.00000,-0.01428,0.31494,-0.03492,-0.00010,0.00000
60.00000,24.04000,-0.01432,0.31791,-0.03685,-0.00069,0.00000
60.10000,24.08000,-0.01421,0.32057,-0.03824,-0.00119,0.00000
60.20000,24.12000,-0.01394,0.32290,-0.03902,-0.00159,0.00000
60.30000,24.16000,-0.01351,0.32487,-0.03917,-0.00191,0.00000
60.40000,24.20000,-0.01292,0.32647,-0.03864,-0.00217,-0.00000
60.50000,24.24000,-0.01217,0.32769,-0.03742,-0.00241,0.00000
60.60000,24.28000,-0.01126,0.32854,-0.03551,-0.00264,0.00000
60.70000,24.32000,-0.01020,0.32901,-0.03293,-0.00289,-0.00000
60.80000,24.36000,-0.00900,0.32913,-0.02971,-0.00319,-0.00000
60.90000,24.40000,-0.00767,0.32890,-0.02592,-0.00355,-0.00000
61.00000,24.44000,-0.00622,0.32835,-0.02163,-0.00398,-0.00000
61.10000,24.48000,-0.00466,0.32750,-0.01693,-0.00448,0.00000
61.20000,24.52000,-0.00302,0.32638,-0.01194,-0.00504,0.00000
61.30000,24.56000,-0.00130,0.32502,-0.00677,-0.00566,-0.00000
61.40000,24.60000,0.00048,0.32346,-0.00155,-0.00630,0.00000
61.50000,24.64000,0.00228,0.32172,0.00359,-0.00694,0.00000
61.60000,24.68000,0.00410,0.31983,0.00852,-0.00755,0.00000
61.70000,24.72000,0.00592,0.31783,0.01311,-0.00809,0.00000
61.80000,24.76000,0.00771,0.31575,0.01727,-0.00855,0.00000
61.90000,24.80000,0.00945,0.31362,0.02090,-0.00888,0.00000
62.00000,24.84000,0.01113,0.31145,0.02393,-0.00908,0.00000
62.10000,24.88000,0.01272,0.30928,0.02630,-0.00913,-0.00000
62.20000,24.92000,0.01421,0.30713,0.02799,-0.00902,0.00000
62.30000,24.96000,0.01559,0.30500,0.02901,-0.00875,-0.00000
62.40000,25.00000,0.01684,0.30293,0.02937,-0.00833,0.00000
62.50000,25.04000,0.01794,0.30093,0.02913,-0.00778,-0.00000
62.60000,25.08000,0.01889,0.29900,0.02835,-0.00711,-0.00000
62.70000,25.12000,0.01968,0.29717,0.02711,-0.00633,0.00000
62.80000,25.16000,0.02029,0.29544,0.02550,-0.00547,0.00000
62.90000,25.20000,0.02071,0.29381,0.02362,-0.00455,0.00000
63.00000,25.24000,0.02095,0.29230,0.02156,-0.00357,0.00000
63.10000,25.28000,0.02099,0.29092,0.01941,-0.00256,0.00000
63.20000,25.32000,0.02084,0.28967,0.01726,-0.00150,0.00000
63.30000,25.36000,0.02047,0.28855,0.01517,-0.00040,0.00000
63.40000,25.40000,0.01991,0.28757,0.01319,0.00075,0.00000
63.50000,25.44000,0.01914,0.28673,0.01135,0.00194,0.00000
63.60000,25.48000,0.01817,0.28603,0.00968,0.00319,0.00000
63.70000,25.52000,0.01700,0.28548,0.00818,0.00450,0.00000
63.80000,25.56000,0.01564,0.28506,0.00682,0.00586,0.00000
63.90000,25.60000,0.01409,0.28477,0.00559,0.00727,0.00000
64.00000,25.64000,0.01239,0.28462,0.00444,0.00871,0.00000
64.10000,25.68000,0.01052,0.28459,0.00334,0.01014,0.00000
64.20000,25.72000,0.00853,0.28468,0.00226,0.01154,0.00000
64.30000,25.76000,0.00642,0.28487,0.00114,0.01285,0.00000
64.40000,25.80000,0.00421,0.28517,-0.00003,0.01403,0.00000
64.50000,25.84000,0.00195,0.28556,-0.00127,0.01500,0.00000
64.60000,25.88000,-0.00036,0.28603,-0.00260,0.01571,0.00000
64.70000,25.92000,-0.00267,0.28659,-0.00400,0.01610,0.00000
64.80000,25.96000,-0.00497,0.28721,-0.00546,0.01612,0.00000
64.90000,26.00000,-0.00723,0.28790,-0.00696,0.01573,0.00000
65.00000,26.04000,-0.00941,0.28864,-0.00844,0.01490,-0.00000
65.10000,26.08000,-0.01149,0.28945,-0.00986,0.01362,0.00000
65.20000,26.12000,-0.01344,0.29030,-0.01117,0.01191,-0.00000
65.30000,26.16000,-0.01526,0.29121,-0.01233,0.00980,0.00000
65.40000,26.20000,-0.01691,0.29217,-0.01328,0.00735,0.00000
65.50000,26.24000,-0.01838,0.29317,-0.01398,0.00461,0.00000
65.60000,26.28000,-0.01966,0.29423,-0.01439,0.00169,0.00000
65.70000,26.32000,-0.02074,0.29533,-0.01450,-0.00131,0.00000
65.80000,26.36000,-0.02161,0.29647,-0.01429,-0.00429,0.00000
65.90000,26.40000,-0.02228,0.29764,-0.01377,-0.00713,0.00000
66.00000,26.44000,-0.02274,0.29885,-0.01294,-0.00973,0.00000
66.10000,26.48000,-0.02299,0.30008,-0.01184,-0.01200,0.00000
66.20000,26.52000,-0.02305,0.30132,-0.01051,-0.01385,0.00000
66.30000,26.56000,-0.02291,0.30256,-0.00898,-0.01522,0.00000
66.40000,26.60000,-0.02260,0.30378,-0.00732,-0.01607,0.00000
66.50000,26.64000,-0.02211,0.30497,-0.00558,-0.01638,0.00000
66.60000,26.68000,-0.02145,0.30611,-0.00381,-0.01617,0.00000
66.70000,26.72000,-0.02064,0.30718,-0.00207,-0.01547,0.00000
66.80000,26.76000,-0.01968,0.30817,-0.00041,-0.01432,0.00000
66.90000,26.80000,-0.01859,0.30904,0.00111,-0.01281,0.00000
67.00000,26.84000,-0.01736,0.30980,0.00247,-0.01101,-0.00000
67.10000,26.88000,-0.01602,0.31041,0.00362,-0.00902,0.00000
67.20000,26.92000,-0.01457,0.31088,0.00455,-0.00693,-0.00000
67.30000,26.96000,-0.01300,0.31119,0.00522,-0.00484,0.00000
67.40000,27.00000,-0.01135,0.31133,0.00564,-0.00283,-0.00000
67.50000,27.04000,-0.00959,0.31131,0.00579,-0.00098,0.00000
67.60000,27.08000,-0.00776,0.31113,0.00569,0.00067,-0.00000
67.70000,27.12000,-0.00584,0.31079,0.00533,0.00205,0.00000
67.80000,27.16000,-0.00386,0.31031,0.00475,0.00315,-0.00000
67.90000,27.20000,-0.00182,0.30969,0.00394,0.00396,0.00000
68.00000,27.24000,0.00028,0.30896,0.00295,0.00448,0.00000
68.10000,27.28000,0.00242,0.30814,0.00180,0.00473,0.00000
68.20000,27.32000,0.00459,0.30724,0.00053,0.00474,0.00000
68.30000,27.36000,0.00678,0.30629,-0.00082,0.00454,0.00000
68.40000,27.40000,0.00897,0.30531,-0.00222,0.00419,0.00000
68.50000,27.44000,0.01115,0.30432,-0.00361,0.00372,-0.00000
68.60000,27.48000,0.01329,0.30334,-0.00494,0.00316,0.00000
68.70000,27.52000,0.01539,0.30240,-0.00618,0.00257,0.00000
68.80000,27.56000,0.01742,0.30150,-0.00726,0.00196,0.00000
68.90000,27.60000,0.01936,0.30066,-0.00815,0.00137,0.00000
69.00000,27.64000,0.02119,0.29990,-0.00879,0.00082,0.00000
69.10000,27.68000,0.02288,0.29921,-0.00917,0.00032,0.00000
69.20000,27.72000,0.02441,0.29861,-0.00924,-0.00012,0.00000
69.30000,27.76000,0.02576,0.29810,-0.00899,-0.00048,0.00000
69.40000,27.80000,0.02690,0.29767,-0.00841,-0.00077,0.00000
69.50000,27.84000,0.02781,0.29732,-0.00753,-0.00096,0.00000
69.60000,27.88000,0.02846,0.29705,-0.00634,-0.00107,0.00000
69.70000,27.92000,0.02884,0.29686,-0.00490,-0.00109,0.00000
69.80000,27.96000,0.02893,0.29674,-0.00325,-0.00100,0.00000
69.90000,28.00000,0.02870,0.29667,-0.00144,-0.00080,0.00000
70.00000,28.04000,0.02816,0.29667,0.00047,-0.00050,0.00000
70.10000,28.08000,0.02728,0.29671,0.00239,-0.00008,0.00000
70.20000,28.12000,0.02607,0.29679,0.00427,0.00045,0.00000
70.30000,28.16000,0.02453,0.29691,0.00603,0.00108,0.00000
70.40000,28.20000,0.02267,0.29706,0.00762,0.00180,0.00000
70.50000,28.24000,0.02048,0.29723,0.00897,0.00259,0.00000
70.60000,28.28000,0.01800,0.29742,0.01004,0.00343,-0.00000
70.70000,28.32000,0.01524,0.29764,0.01082,0.00429,0.00000
70.80000,28.36000,0.01223,0.29786,0.01129,0.00511,-0.00000
70.90000,28.40000,0.00901,0.29809,0.01145,0.00588,0.00000
71.00000,28.44000,0.00561,0.29832,0.01133,0.00653,-0.00000
71.10000,28.48000,0.00207,0.29855,0.01096,0.00703,0.00000
71.20000,28.52000,-0.00157,0.29878,0.01039,0.00734,0.00000
71.30000,28.56000,-0.00525,0.29899,0.00968,0.00743,0.00000
71.40000,28.60000,-0.00893,0.29919,0.00888,0.00728,0.00000
71.50000,28.64000,-0.01255,0.29936,0.00805,0.00687,0.00000
71.60000,28.68000,-0.01608,0.29951,0.00725,0.00621,0.00000
71.70000,28.72000,-0.01946,0.29964,0.00653,0.00531,0.00000
71.80000,28.76000,-0.02263,0.29973,0.00593,0.00419,0.00000
71.90000,28.80000,-0.02557,0.29980,0.00547,0.00291,0.00000
72.00000,28.84000,-0.02821,0.29983,0.00517,0.00150,-0.00000
72.10000,28.88000,-0.03053,0.29984,0.00502,0.00002,-0.00000
72.20000,28.92000,-0.03249,0.29982,0.00501,-0.00146,-0.00000
72.30000,28.96000,-0.03406,0.29978,0.00510,-0.00290,0.00000
72.40000,29.00000,-0.03520,0.29974,0.00525,-0.00423,0.00000
72.50000,29.04000,-0.03590,0.29969,0.00542,-0.00540,0.00000
72.60000,29.08000,-0.03615,0.29965,0.00556,-0.00637,0.00000
72.70000,29.12000,-0.03592,0.29962,0.00561,-0.00711,0.00000
72.80000,29.16000,-0.03522,0.29961,0.00553,-0.00761,0.00000
72.90000,29.20000,-0.03405,0.29964,0.00528,-0.00786,0.00000
73.00000,29.24000,-0.03242,0.29970,0.00482,-0.00787,0.00000
73.10000,29.28000,-0.03033,0.29980,0.00414,-0.00766,-0.00000
73.20000,29.32000,-0.02782,0.29994,0.00324,-0.00726,0.00000
73.30000,29.36000,-0.02492,0.30012,0.00211,-0.00670,0.00000
73.40000,29.40000,-0.02164,0.30033,0.00078,-0.00604,-0.00000
73.50000,29.44000,-0.01805,0.30056,-0.00071,-0.00530,-0.00000
73.60000,29.48000,-0.01418,0.30081,-0.00233,-0.00451,0.00000
73.70000,29.52000,-0.01009,0.30105,-0.00403,-0.00373,0.00000
73.80000,29.56000,-0.00584,0.30128,-0.00575,-0.00295,0.00000
73.90000,29.60000,-0.00148,0.30146,-0.00745,-0.00222,0.00000
74.00000,29.64000,0.00290,0.30159,-0.00908,-0.00152,0.00000
74.10000,29.68000,0.00726,0.30165,-0.01059,-0.00086,0.00000
74.20000,29.72000,0.01151,0.30161,-0.01194,-0.00024,-0.00000
74.30000,29.76000,0.01559,0.30147,-0.01309,0.00037,-0.00000
74.40000,29.80000,0.01944,0.30121,-0.01404,0.00095,-0.00000
74.50000,29.84000,0.02298,0.30083,-0.01477,0.00154,0.00000
74.60000,29.88000,0.02616,0.30032,-0.01526,0.00214,0.00000
74.70000,29.92000,0.02893,0.29969,-0.01554,0.00275,-0.00000
74.80000,29.96000,0.03124,0.29895,-0.01559,0.00337,0.00000
74.90000,30.00000,0.03306,0.29811,-0.01544,0.00398,0.00000
75.00000,30.04000,0.03435,0.29720,-0.01511,0.00457,0.00000
75.10000,30.08000,0.03511,0.29623,-0.01460,0.00510,-0.00000
75.20000,30.12000,0.03531,0.29524,-0.01393,0.00555,0.00000
75.30000,30.16000,0.03498,0.29427,-0.01312,0.00587,0.00000
75.40000,30.20000,0.03411,0.29334,-0.01219,0.00603,0.00000
75.50000,30.24000,0.03273,0.29249,-0.01113,0.00601,0.00000
75.60000,30.28000,0.03089,0.29175,-0.00996,0.00576,0.00000
75.70000,30.32000,0.02860,0.29116,-0.00869,0.00527,0.00000
75.80000,30.36000,0.02594,0.29076,-0.00732,0.00455,-0.00000
75.90000,30.40000,0.02294,0.29055,-0.00586,0.00359,0.00000
76.00000,30.44000,0.01968,0.29057,-0.00432,0.00242,0.00000
76.10000,30.48000,0.01620,0.29083,-0.00271,0.00108,-0.00000
76.20000,30.52000,0.01257,0.29133,-0.00105,-0.00039,-0.00000
76.30000,30.56000,0.00887,0.29207,0.00065,-0.00192,0.00000
76.40000,30.60000,0.00514,0.29306,0.00236,-0.00345,0.00000
76.50000,30.64000,0.00145,0.29426,0.00405,-0.00492,0.00000
76.60000,30.68000,-0.00214,0.29568,0.00569,-0.00624,0.00000
76.70000,30.72000,-0.00558,0.29727,0.00726,-0.00737,-0.00000
76.80000,30.76000,-0.00883,0.29900,0.00872,-0.00825,0.00000
76.90000,30.80000,-0.01184,0.30085,0.01004,-0.00884,0.00000
77.00000,30.84000,-0.01458,0.30277,0.01120,-0.00911,0.00000
77.10000,30.88000,-0.01702,0.30473,0.01217,-0.00906,0.00000
77.20000,30.92000,-0.01914,0.30667,0.01293,-0.00870,0.00000
77.30000,30.96000,-0.02093,0.30856,0.01348,-0.00806,-0.00000
77.40000,31.00000,-0.02237,0.31036,0.01380,-0.00718,-0.00000
77.50000,31.04000,-0.02347,0.31203,0.01390,-0.00611,0.00000
77.60000,31.08000,-0.02421,0.31354,0.01379,-0.00490,0.00000
77.70000,31.12000,-0.02462,0.31485,0.01348,-0.00363,0.00000
77.80000,31.16000,-0.02471,0.31594,0.01300,-0.00234,0.00000
77.90000,31.20000,-0.02448,0.31678,0.01235,-0.00110,0.00000
78.00000,31.24000,-0.02395,0.31735,0.01158,0.00005,0.00000
78.10000,31.28000,-0.02315,0.31765,0.01070,0.00108,-0.00000
78.20000,31.32000,-0.02210,0.31766,0.00974,0.00198,0.00000
78.30000,31.36000,-0.02083,0.31739,0.00872,0.00274,0.00000
78.40000,31.40000,-0.01934,0.31684,0.00767,0.00337,0.00000
78.50000,31.44000,-0.01768,0.31601,0.00661,0.00391,0.00000
78.60000,31.48000,-0.01587,0.31492,0.00554,0.00440,0.00000
78.70000,31.52000,-0.01393,0.31359,0.00450,0.00486,-0.00000
78.80000,31.56000,-0.01188,0.31203,0.00348,0.00535,0.00000
78.90000,31.60000,-0.00975,0.31027,0.00249,0.00591,-0.00000
79.00000,31.64000,-0.00757,0.30834,0.00155,0.00657,-0.00000
79.10000,31.68000,-0.00536,0.30627,0.00066,0.00735,0.00000
79.20000,31.72000,-0.00313,0.30410,-0.00018,0.00825,0.00000
79.30000,31.76000,-0.00092,0.30184,-0.00096,0.00928,0.00000
79.40000,31.80000,0.00126,0.29955,-0.00168,0.01039,0.00000
79.50000,31.84000,0.00339,0.29725,-0.00232,0.01154,0.00000
79.60000,31.88000,0.00544,0.29497,-0.00289,0.01268,0.00000
79.70000,31.92000,0.00740,0.29276,-0.00338,0.01371,0.00000
79.80000,31.96000,0.00925,0.29064,-0.00379,0.01456,-0.00000
79.90000,32.00000,0.01097,0.28865,-0.00411,0.01515,-0.00000
80.00000,32.04000,0.01254,0.28681,-0.00434,0.01539,-0.00000
80.10000,32.08000,0.01394,0.28515,-0.00449,0.01520,0.00000
80.20000,32.12000,0.01516,0.28369,-0.00455,0.01452,-0.00000
80.30000,32.16000,0.01618,0.28246,-0.00454,0.01331,0.00000
80.40000,32.20000,0.01700,0.28148,-0.00447,0.01156,0.00000
80.50000,32.24000,0.01759,0.28075,-0.00434,0.00927,0.00000
80.60000,32.28000,0.01797,0.28028,-0.00417,0.00646,0.00000
80.70000,32.32000,0.01810,0.28009,-0.00398,0.00321,0.00000
80.80000,32.36000,0.01801,0.28018,-0.00377,-0.00040,0.00000
80.90000,32.40000,0.01768,0.28054,-0.00356,-0.00426,-0.00000
81.00000,32.44000,0.01713,0.28118,-0.00337,-0.00825,0.00000
81.10000,32.48000,0.01635,0.28208,-0.00319,-0.01224,0.00000
81.20000,32.52000,0.01537,0.28323,-0.00304,-0.01608,0.00000
81.30000,32.56000,0.01419,0.28461,-0.00291,-0.01963,0.00000
81.40000,32.60000,0.01285,0.28622,-0.00281,-0.02275,0.00000
81.50000,32.64000,0.01135,0.28801,-0.00273,-0.02535,0.00000
81.60000,32.68000,0.00972,0.28997,-0.00268,-0.02730,0.00000
81.70000,32.72000,0.00800,0.29207,-0.00263,-0.02855,-0.00000
81.80000,32.76000,0.00620,0.29428,-0.00258,-0.02904,0.00000
81.90000,32.80000,0.00436,0.29656,-0.00254,-0.02875,0.00000
82.00000,32.84000,0.00250,0.29888,-0.00250,-0.02770,0.00000
82.10000,32.88000,0.00067,0.30121,-0.00245,-0.02593,0.00000
82.20000,32.92000,-0.00112,0.30349,-0.00241,-0.02350,0.00000
82.30000,32.96000,-0.00284,0.30571,-0.00237,-0.02051,0.00000
82.40000,33.00000,-0.00446,0.30783,-0.00235,-0.01704,0.00000
82.50000,33.04000,-0.00596,0.30980,-0.00236,-0.01323,0.00000
82.60000,33.08000,-0.00731,0.31161,-0.00240,-0.00920,-0.00000
82.70000,33.12000,-0.00851,0.31321,-0.00251,-0.00507,-0.00000
82.80000,33.16000,-0.00954,0.31460,-0.00267,-0.00097,-0.00000
82.90000,33.20000,-0.01040,0.31574,-0.00290,0.00299,0.00000
83.00000,33.24000,-0.01106,0.31662,-0.00321,0.00671,0.00000
83.10000,33.28000,-0.01154,0.31724,-0.00358,0.01011,0.00000
83.20000,33.32000,-0.01183,0.31758,-0.00401,0.01312,0.00000
83.30000,33.36000,-0.01195,0.31764,-0.00448,0.01568,-0.00000
83.40000,33.40000,-0.01189,0.31744,-0.00496,0.01777,-0.00000
83.50000,33.44000,-0.01167,0.31698,-0.00542,0.01938,0.00000
83.60000,33.48000,-0.01130,0.31627,-0.00582,0.02051,-0.00000
83.70000,33.52000,-0.01080,0.31533,-0.00614,0.02119,0.00000
83.80000,33.56000,-0.01019,0.31419,-0.00633,0.02143,0.00000
83.90000,33.60000,-0.00947,0.31288,-0.00636,0.02130,0.00000
84.00000,33.64000,-0.00868,0.31140,-0.00620,0.02082,0.00000
84.10000,33.68000,-0.00783,0.30981,-0.00583,0.02004,0.00000
84.20000,33.72000,-0.00694,0.30811,-0.00524,0.01902,0.00000
84.30000,33.76000,-0.00603,0.30635,-0.00443,0.01779,0.00000
84.40000,33.80000,-0.00512,0.30456,-0.00341,0.01639,0.00000
84.50000,33.84000,-0.00421,0.30275,-0.00221,0.01487,0.00000
84.60000,33.88000,-0.00333,0.30096,-0.00087,0.01325,0.00000
84.70000,33.92000,-0.00248,0.29922,0.00059,0.01155,-0.00000
84.80000,33.96000,-0.00169,0.29754,0.00210,0.00980,0.00000
84.90000,34.00000,-0.00094,0.29595,0.00361,0.00801,-0.00000
85.00000,34.04000,-0.00026,0.29447,0.00508,0.00619,0.00000
85.10000,34.08000,0.00035,0.29311,0.00645,0.00435,0.00000
85.20000,34.12000,0.00090,0.29189,0.00767,0.00250,0.00000
85.30000,34.16000,0.00138,0.29082,0.00872,0.00065,-0.00000
85.40000,34.20000,0.00180,0.28991,0.00956,-0.00117,0.00000
85.50000,34.24000,0.00216,0.28917,0.01020,-0.00297,0.00000
85.60000,34.28000,0.00246,0.28861,0.01063,-0.00470,0.00000
85.70000,34.32000,0.00271,0.28822,0.01086,-0.00637,0.00000
85.80000,34.36000,0.00292,0.28802,0.01092,-0.00793,0.00000
85.90000,34.40000,0.00308,0.28799,0.01083,-0.00936,-0.00000
86.00000,34.44000,0.00321,0.28814,0.01064,-0.01064,0.00000
86.10000,34.48000,0.00330,0.28846,0.01038,-0.01174,0.00000
86.20000,34.52000,0.00337,0.28893,0.01009,-0.01264,0.00000
86.30000,34.56000,0.00341,0.28956,0.00979,-0.01333,0.00000
86.40000,34.60000,0.00344,0.29033,0.00951,-0.01378,-0.00000
86.50000,34.64000,0.00344,0.29122,0.00925,-0.01399,0.00000
86.60000,34.68000,0.00342,0.29221,0.00902,-0.01396,0.00000
86.70000,34.72000,0.00339,0.29329,0.00880,-0.01370,-0.00000
86.80000,34.76000,0.00334,0.29444,0.00858,-0.01323,0.00000
86.90000,34.80000,0.00328,0.29565,0.00832,-0.01255,0.00000
87.00000,34.84000,0.00320,0.29688,0.00799,-0.01170,0.00000
87.10000,34.88000,0.00311,0.29812,0.00754,-0.01070,0.00000
87.20000,34.92000,0.00301,0.29935,0.00695,-0.00959,0.00000
87.30000,34.96000,0.00290,0.30054,0.00617,-0.00840,0.00000
87.40000,35.00000,0.00279,0.30169,0.00519,-0.00715,0.00000
87.50000,35.04000,0.00268,0.30278,0.00399,-0.00587,0.00000
87.60000,35.08000,0.00257,0.30378,0.00259,-0.00459,0.00000
87.70000,35.12000,0.00248,0.30469,0.00099,-0.00332,0.00000
87.80000,35.16000,0.00241,0.30550,-0.00076,-0.00207,0.00000
87.90000,35.20000,0.00236,0.30619,-0.00262,-0.00085,0.00000
88.00000,35.24000,0.00234,0.30676,-0.00452,0.00034,0.00000
88.10000,35.28000,0.00235,0.30721,-0.00639,0.00149,0.00000
88.20000,35.32000,0.00239,0.30753,-0.00817,0.00262,0.00000
88.30000,35.36000,0.00248,0.30772,-0.00978,0.00372,0.00000
88.40000,35.40000,0.00259,0.30778,-0.01115,0.00480,-0.00000
88.50000,35.44000,0.00274,0.30772,-0.01222,0.00585,0.00000
88.60000,35.48000,0.00292,0.30754,-0.01295,0.00688,0.00000
88.70000,35.52000,0.00311,0.30725,-0.01331,0.00786,0.00000
88.80000,35.56000,0.00332,0.30685,-0.01329,0.00879,0.00000
88.90000,35.60000,0.00353,0.30636,-0.01291,0.00964,0.00000
89.00000,35.64000,0.00373,0.30577,-0.01221,0.01038,-0.00000
89.10000,35.68000,0.00391,0.30511,-0.01122,0.01098,0.00000
89.20000,35.72000,0.00406,0.30438,-0.01001,0.01141,-0.00000
89.30000,35.76000,0.00415,0.30361,-0.00867,0.01164,0.00000
89.40000,35.80000,0.00419,0.30279,-0.00726,0.01162,-0.00000
89.50000,35.84000,0.00416,0.30195,-0.00588,0.01135,0.00000
89.60000,35.88000,0.00405,0.30110,-0.00459,0.01079,0.00000
89.70000,35.92000,0.00386,0.30025,-0.00346,0.00995,0.00000
89.80000,35.96000,0.00357,0.29942,-0.00255,0.00882,0.00000
89.90000,36.00000,0.00319,0.29863,-0.00189,0.00744,0.00000
90.00000,36.04000,0.00272,0.29789,-0.00150,0.00582,0.00000
90.10000,36.08000,0.00215,0.29720,-0.00137,0.00403,0.00000
90.20000,36.12000,0.00149,0.29660,-0.00149,0.00211,0.00000
90.30000,36.16000,0.00075,0.29607,-0.00182,0.00013,0.00000
90.40000,36.20000,-0.00007,0.29564,-0.00232,-0.00184,0.00000
90.50000,36.24000,-0.00096,0.29531,-0.00291,-0.00372,-0.00000
90.60000,36.28000,-0.00191,0.29508,-0.00354,-0.00545,0.00000
90.70000,36.32000,-0.00290,0.29496,-0.00415,-0.00695,0.00000
90.80000,36.36000,-0.00392,0.29495,-0.00467,-0.00818,0.00000
90.90000,36.40000,-0.00497,0.29504,-0.00506,-0.00908,0.00000
91.00000,36.44000,-0.00601,0.29523,-0.00527,-0.00964,0.00000
91.10000,36.48000,-0.00705,0.29552,-0.00528,-0.00985,-0.00000
91.20000,36.52000,-0.00807,0.29590,-0.00507,-0.00971,0.00000
91.30000,36.56000,-0.00905,0.29635,-0.00465,-0.00926,-0.00000
91.40000,36.60000,-0.00997,0.29687,-0.00403,-0.00853,-0.00000
91.50000,36.64000,-0.01081,0.29744,-0.00324,-0.00758,-0.00000
91.60000,36.68000,-0.01158,0.29806,-0.00231,-0.00648,0.00000
91.70000,36.72000,-0.01223,0.29870,-0.00128,-0.00530,-0.00000
91.80000,36.76000,-0.01277,0.29936,-0.00020,-0.00411,0.00000
91.90000,36.80000,-0.01316,0.30002,0.00090,-0.00297,0.00000
92.00000,36.84000,-0.01341,0.30066,0.00199,-0.00194,0.00000
92.10000,36.88000,-0.01349,0.30128,0.00304,-0.00107,0.00000
92.20000,36.92000,-0.01339,0.30186,0.00402,-0.00039,0.00000
92.30000,36.96000,-0.01310,0.30239,0.00494,0.00009,0.00000
92.40000,37.00000,-0.01262,0.30286,0.00579,0.00037,0.00000
92.50000,37.04000,-0.01193,0.30325,0.00658,0.00047,-0.00000
92.60000,37.08000,-0.01105,0.30357,0.00733,0.00042,-0.00000
92.70000,37.12000,-0.00997,0.30379,0.00805,0.00026,-0.00000
92.80000,37.16000,-0.00869,0.30391,0.00876,0.00005,-0.00000
92.90000,37.20000,-0.00724,0.30394,0.00947,-0.00016,0.00000
93.00000,37.24000,-0.00562,0.30386,0.01019,-0.00031,-0.00000
93.10000,37.28000,-0.00386,0.30368,0.01093,-0.00036,0.00000
93.20000,37.32000,-0.00198,0.30339,0.01168,-0.00027,0.00000
93.30000,37.36000,-0.00001,0.30300,0.01241,-0.00002,0.00000
93.40000,37.40000,0.00202,0.30252,0.01311,0.00041,0.00000
93.50000,37.44000,0.00407,0.30196,0.01373,0.00101,-0.00000
93.60000,37.48000,0.00612,0.30132,0.01425,0.00176,0.00000
93.70000,37.52000,0.00812,0.30063,0.01460,0.00261,0.00000
93.80000,37.56000,0.01004,0.29989,0.01476,0.00352,0.00000
93.90000,37.60000,0.01186,0.29912,0.01467,0.00444,0.00000
94.00000,37.64000,0.01353,0.29835,0.01431,0.00531,0.00000
94.10000,37.68000,0.01503,0.29758,0.01364,0.00606,-0.00000
94.20000,37.72000,0.01633,0.29684,0.01266,0.00663,0.00000
94.30000,37.76000,0.01742,0.29616,0.01137,0.00699,0.00000
94.40000,37.80000,0.01828,0.29554,0.00977,0.00710,0.00000
94.50000,37.84000,0.01889,0.29501,0.00791,0.00695,0.00000
94.60000,37.88000,0.01925,0.29458,0.00581,0.00653,0.00000
94.70000,37.92000,0.01936,0.29427,0.00355,0.00585,0.00000
94.80000,37.96000,0.01921,0.29407,0.00117,0.00496,0.00000
94.90000,38.00000,0.01882,0.29401,-0.00125,0.00390,0.00000
95.00000,38.04000,0.01820,0.29409,-0.00365,0.00273,0.00000
95.10000,38.08000,0.01736,0.29430,-0.00596,0.00151,0.00000
95.20000,38.12000,0.01631,0.29464,-0.00811,0.00031,0.00000
95.30000,38.16000,0.01507,0.29512,-0.01005,-0.00079,0.00000
95.40000,38.20000,0.01367,0.29571,-0.01175,-0.00175,0.00000
95.50000,38.24000,0.01213,0.29640,-0.01316,-0.00252,0.00000
95.60000,38.28000,0.01046,0.29719,-0.01429,-0.00305,0.00000
95.70000,38.32000,0.00869,0.29806,-0.01513,-0.00332,0.00000
95.80000,38.36000,0.00684,0.29898,-0.01568,-0.00335,-0.00000
95.90000,38.40000,0.00493,0.29995,-0.01597,-0.00313,0.00000
96.00000,38.44000,0.00299,0.30094,-0.01603,-0.00270,0.00000
96.10000,38.48000,0.00104,0.30192,-0.01589,-0.00210,0.00000
96.20000,38.52000,-0.00091,0.30290,-0.01559,-0.00139,0.00000
96.30000,38.56000,-0.00282,0.30383,-0.01518,-0.00064,-0.00000
96.40000,38.60000,-0.00469,0.30471,-0.01467,0.00010,0.00000
96.50000,38.64000,-0.00650,0.30552,-0.01410,0.00076,0.00000
96.60000,38.68000,-0.00822,0.30624,-0.01350,0.00128,0.00000
96.70000,38.72000,-0.00984,0.30686,-0.01287,0.00161,0.00000
96.80000,38.76000,-0.01134,0.30738,-0.01222,0.00172,0.00000
96.90000,38.80000,-0.01271,0.30778,-0.01155,0.00158,-0.00000
97.00000,38.84000,-0.01394,0.30805,-0.01084,0.00118,0.00000
97.10000,38.88000,-0.01501,0.30819,-0.01009,0.00054,0.00000
97.20000,38.92000,-0.01592,0.30821,-0.00927,-0.00033,0.00000
97.30000,38.96000,-0.01665,0.30809,-0.00837,-0.00139,-0.00000
97.40000,39.00000,-0.01721,0.30786,-0.00736,-0.00260,0.00000
97.50000,39.04000,-0.01758,0.30751,-0.00624,-0.00389,0.00000
97.60000,39.08000,-0.01777,0.30705,-0.00498,-0.00521,0.00000
97.70000,39.12000,-0.01778,0.30651,-0.00360,-0.00649,0.00000
97.80000,39.16000,-0.01760,0.30588,-0.00209,-0.00768,0.00000
97.90000,39.20000,-0.01725,0.30519,-0.00046,-0.00871,-0.00000
98.00000,39.24000,-0.01673,0.30445,0.00126,-0.00954,0.00000
98.10000,39.28000,-0.01606,0.30368,0.00305,-0.01012,0.00000
98.20000,39.32000,-0.01523,0.30290,0.00488,-0.01042,0.00000
98.30000,39.36000,-0.01428,0.30211,0.00671,-0.01042,0.00000
98.40000,39.40000,-0.01320,0.30135,0.00851,-0.01011,0.00000
98.50000,39.44000,-0.01201,0.30061,0.01024,-0.00949,0.00000
98.60000,39.48000,-0.01073,0.29991,0.01185,-0.00857,0.00000
98.70000,39.52000,-0.00937,0.29925,0.01332,-0.00738,0.00000
98.80000,39.56000,-0.00795,0.29864,0.01462,-0.00594,0.00000
98.90000,39.60000,-0.00648,0.29807,0.01571,-0.00430,0.00000
99.00000,39.64000,-0.00498,0.29755,0.01659,-0.00250,-0.00000
99.10000,39.68000,-0.00346,0.29706,0.01723,-0.00058,-0.00000
99.20000,39.72000,-0.00194,0.29660,0.01764,0.00139,-0.00000
99.30000,39.76000,-0.00042,0.29616,0.01781,0.00336,-0.00000
99.40000,39.80000,0.00108,0.29571,0.01774,0.00528,0.00000
99.50000,39.84000,0.00255,0.29526,0.01744,0.00709,0.00000
99.60000,39.88000,0.00398,0.29478,0.01692,0.00874,-0.00000
99.70000,39.92000,0.00537,0.29427,0.01621,0.01017,0.00000
99.80000,39.96000,0.00669,0.29372,0.01530,0.01136,0.00000
99.90000,40.00000,0.00795,0.29311,0.01423,0.01226,0.00000
100.00000,40.04000,0.00913,0.29246,0.01300,0.01284,0.00000
100.10000,40.08000,0.01023,0.29177,0.01163,0.01310,0.00000
100.20000,40.12000,0.01125,0.29103,0.01014,0.01302,0.00000
100.30000,40.16000,0.01216,0.29027,0.00854,0.01262,-0.00000
100.40000,40.20000,0.01297,0.28951,0.00685,0.01191,0.00000
100.50000,40.24000,0.01367,0.28876,0.00508,0.01092,0.00000
100.60000,40.28000,0.01425,0.28806,0.00324,0.00969,0.00000
100.70000,40.32000,0.01470,0.28743,0.00134,0.00828,0.00000
100.80000,40.36000,0.01503,0.28690,-0.00059,0.00675,0.00000
100.90000,40.40000,0.01522,0.28651,-0.00254,0.00515,0.00000
101.00000,40.44000,0.01528,0.28629,-0.00451,0.00355,-0.00000
101.10000,40.48000,0.01519,0.28628,-0.00646,0.00202,0.00000
101.20000,40.52000,0.01496,0.28649,-0.00838,0.00062,0.00000
101.30000,40.56000,0.01459,0.28695,-0.01025,-0.00061,-0.00000
101.40000,40.60000,0.01408,0.28769,-0.01205,-0.00162,0.00000
101.50000,40.64000,0.01343,0.28871,-0.01374,-0.00238,0.00000
101.60000,40.68000,0.01265,0.29002,-0.01532,-0.00288,-0.00000
101.70000,40.72000,0.01175,0.29161,-0.01674,-0.00312,0.00000
101.80000,40.76000,0.01073,0.29348,-0.01799,-0.00312,0.00000
101.90000,40.80000,0.00960,0.29562,-0.01904,-0.00291,0.00000
102.00000,40.84000,0.00838,0.29798,-0.01987,-0.00253,0.00000
102.10000,40.88000,0.00708,0.30055,-0.02044,-0.00204,-0.00000
102.20000,40.92000,0.00572,0.30329,-0.02074,-0.00149,-0.00000
102.30000,40.96000,0.00431,0.30614,-0.02076,-0.00095,0.00000
102.40000,41.00000,0.00286,0.30905,-0.02047,-0.00048,0.00000
102.50000,41.04000,0.00140,0.31199,-0.01987,-0.00014,0.00000
102.60000,41.08000,-0.00006,0.31488,-0.01895,0.00004,-0.00000
102.70000,41.12000,-0.00151,0.31767,-0.01772,0.00001,0.00000
102.80000,41.16000,-0.00291,0.32031,-0.01619,-0.00024,-0.00000
102.90000,41.20000,-0.00427,0.32273,-0.01436,-0.00072,-0.00000
103.00000,41.24000,-0.00555,0.32489,-0.01227,-0.00142,0.00000
103.10000,41.28000,-0.00675,0.32674,-0.00994,-0.00231,0.00000
103.20000,41.32000,-0.00786,0.32823,-0.00741,-0.00335,0.00000
103.30000,41.36000,-0.00886,0.32931,-0.00472,-0.00449,0.00000
103.40000,41.40000,-0.00974,0.32997,-0.00193,-0.00568,0.00000
103.50000,41.44000,-0.01050,0.33018,0.00092,-0.00686,0.00000
103.60000,41.48000,-0.01112,0.32991,0.00376,-0.00796,0.00000
103.70000,41.52000,-0.01160,0.32917,0.00653,-0.00894,0.00000
103.80000,41.56000,-0.01194,0.32796,0.00919,-0.00974,0.00000
103.90000,41.60000,-0.01213,0.32628,0.01166,-0.01033,0.00000
104.00000,41.64000,-0.01218,0.32416,0.01391,-0.01068,0.00000
104.10000,41.68000,-0.01208,0.32162,0.01588,-0.01078,0.00000
104.20000,41.72000,-0.01184,0.31871,0.01754,-0.01063,0.00000
104.30000,41.76000,-0.01147,0.31546,0.01886,-0.01025,0.00000
104.40000,41.80000,-0.01097,0.31192,0.01981,-0.00965,-0.00000
104.50000,41.84000,-0.01035,0.30814,0.02040,-0.00886,0.00000
104.60000,41.88000,-0.00961,0.30419,0.02062,-0.00792,0.00000
104.70000,41.92000,-0.00878,0.30012,0.02049,-0.00687,0.00000
104.80000,41.96000,-0.00786,0.29600,0.02003,-0.00574,0.00000
104.90000,42.00000,-0.00687,0.29188,0.01928,-0.00457,0.00000
105.00000,42.04000,-0.00582,0.28784,0.01828,-0.00338,0.00000
105.10000,42.08000,-0.00474,0.28392,0.01706,-0.00218,0.00000
105.20000,42.12000,-0.00362,0.28018,0.01569,-0.00101,-0.00000
105.30000,42.16000,-0.00251,0.27669,0.01421,0.00015,-0.00000
105.40000,42.20000,-0.00140,0.27347,0.01266,0.00129,0.00000
105.50000,42.24000,-0.00033,0.27059,0.01110,0.00242,-0.00000
105.60000,42.28000,0.00070,0.26807,0.00957,0.00354,0.00000
105.70000,42.32000,0.00166,0.26595,0.00809,0.00466,-0.00000
105.80000,42.36000,0.00254,0.26425,0.00669,0.00579,-0.00000
105.90000,42.40000,0.00332,0.26300,0.00540,0.00693,0.00000
106.00000,42.44000,0.00400,0.26220,0.00422,0.00807,-0.00000
106.10000,42.48000,0.00455,0.26188,0.00314,0.00920,0.00000
106.20000,42.52000,0.00498,0.26204,0.00216,0.01031,0.00000
106.30000,42.56000,0.00527,0.26266,0.00126,0.01135,-0.00000
106.40000,42.60000,0.00542,0.26376,0.00043,0.01231,0.00000
106.50000,42.64000,0.00543,0.26531,-0.00037,0.01314,-0.00000
106.60000,42.68000,0.00531,0.26731,-0.00116,0.01381,0.00000
106.70000,42.72000,0.00505,0.26973,-0.00197,0.01428,0.00000
106.80000,42.76000,0.00467,0.27255,-0.00283,0.01450,-0.00000
106.90000,42.80000,0.00418,0.27575,-0.00376,0.01446,-0.00000
107.00000,42.84000,0.00359,0.27927,-0.00477,0.01414,0.00000
107.10000,42.88000,0.00292,0.28310,-0.00590,0.01351,-0.00000
107.20000,42.92000,0.00219,0.28717,-0.00713,0.01260,0.00000
107.30000,42.96000,0.00140,0.29146,-0.00846,0.01141,-0.00000
107.40000,43.00000,0.00060,0.29589,-0.00990,0.00997,-0.00000
107.50000,43.04000,-0.00021,0.30043,-0.01142,0.00831,-0.00000
107.60000,43.08000,-0.00100,0.30500,-0.01299,0.00649,-0.00000
107.70000,43.12000,-0.00176,0.30956,-0.01459,0.00455,0.00000
107.80000,43.16000,-0.00245,0.31402,-0.01618,0.00256,0.00000
107.90000,43.20000,-0.00306,0.31834,-0.01772,0.00055,0.00000
108.00000,43.24000,-0.00358,0.32245,-0.01916,-0.00140,0.00000
108.10000,43.28000,-0.00399,0.32629,-0.02047,-0.00326,0.00000
108.20000,43.32000,-0.00427,0.32981,-0.02159,-0.00498,0.00000
108.30000,43.36000,-0.00442,0.33294,-0.02249,-0.00652,0.00000
108.40000,43.40000,-0.00443,0.33564,-0.02313,-0.00788,0.00000
108.50000,43.44000,-0.00430,0.33787,-0.02346,-0.00903,0.00000
108.60000,43.48000,-0.00403,0.33960,-0.02347,-0.00997,0.00000
108.70000,43.52000,-0.00361,0.34080,-0.02314,-0.01071,0.00000
108.80000,43.56000,-0.00307,0.34145,-0.02244,-0.01126,0.00000
108.90000,43.60000,-0.00240,0.34155,-0.02137,-0.01162,0.00000
109.00000,43.64000,-0.00162,0.34109,-0.01993,-0.01182,0.00000
109.10000,43.68000,-0.00074,0.34010,-0.01814,-0.01187,-0.00000
109.20000,43.72000,0.00022,0.33858,-0.01600,-0.01180,0.00000
109.30000,43.76000,0.00124,0.33656,-0.01355,-0.01160,0.00000
109.40000,43.80000,0.00230,0.33408,-0.01082,-0.01130,0.00000
109.50000,43.84000,0.00339,0.33118,-0.00784,-0.01090,-0.00000
109.60000,43.88000,0.00448,0.32790,-0.00465,-0.01040,0.00000
109.70000,43.92000,0.00555,0.32430,-0.00129,-0.00981,0.00000
109.80000,43.96000,0.00660,0.32044,0.00218,-0.00912,0.00000
109.90000,44.00000,0.00759,0.31636,0.00573,-0.00833,-0.00000
110.00000,44.04000,0.00851,0.31213,0.00929,-0.00745,-0.00000
110.10000,44.08000,0.00935,0.30782,0.01283,-0.00648,0.00000
110.20000,44.12000,0.01009,0.30347,0.01629,-0.00543,0.00000
110.30000,44.16000,0.01073,0.29916,0.01963,-0.00431,0.00000
110.40000,44.20000,0.01125,0.29493,0.02279,-0.00315,-0.00000
110.50000,44.24000,0.01164,0.29084,0.02573,-0.00197,-0.00000
110.60000,44.28000,0.01190,0.28695,0.02841,-0.00078,0.00000
110.70000,44.32000,0.01202,0.28330,0.03077,0.00037,0.00000
110.80000,44.36000,0.01200,0.27993,0.03278,0.00146,0.00000
110.90000,44.40000,0.01184,0.27689,0.03440,0.00246,0.00000
111.00000,44.44000,0.01153,0.27420,0.03557,0.00336,-0.00000
111.10000,44.48000,0.01108,0.27190,0.03626,0.00412,0.00000
111.20000,44.52000,0.01049,0.27000,0.03645,0.00475,0.00000
111.30000,44.56000,0.00976,0.26852,0.03609,0.00524,0.00000
111.40000,44.60000,0.00890,0.26747,0.03518,0.00558,-0.00000
111.50000,44.64000,0.00791,0.26685,0.03368,0.00581,-0.00000
111.60000,44.68000,0.00679,0.26666,0.03161,0.00592,-0.00000
111.70000,44.72000,0.00557,0.26688,0.02896,0.00595,0.00000
111.80000,44.76000,0.00424,0.26751,0.02577,0.00593,0.00000
111.90000,44.80000,0.00282,0.26851,0.02206,0.00588,0.00000
112.00000,44.84000,0.00132,0.26985,0.01789,0.00583,-0.00000
112.10000,44.88000,-0.00025,0.27152,0.01333,0.00580,0.00000
112.20000,44.92000,-0.00186,0.27346,0.00845,0.00581,-0.00000
112.30000,44.96000,-0.00350,0.27564,0.00335,0.00588,0.00000
112.40000,45.00000,-0.00516,0.27802,-0.00187,0.00600,-0.00000
112.50000,45.04000,-0.00680,0.28057,-0.00708,0.00618,-0.00000
112.60000,45.08000,-0.00842,0.28322,-0.01217,0.00639,0.00000
112.70000,45.12000,-0.01000,0.28596,-0.01701,0.00661,0.00000
112.80000,45.16000,-0.01151,0.28872,-0.02150,0.00683,0.00000
112.90000,45.20000,-0.01293,0.29149,-0.02551,0.00701,-0.00000
113.00000,45.24000,-0.01425,0.29422,-0.02896,0.00712,0.00000
113.10000,45.28000,-0.01544,0.29688,-0.03176,0.00714,0.00000
113.20000,45.32000,-0.01651,0.29945,-0.03385,0.00704,0.00000
113.30000,45.36000,-0.01742,0.30190,-0.03520,0.00680,0.00000
113.40000,45.40000,-0.01817,0.30421,-0.03578,0.00642,-0.00000
113.50000,45.44000,-0.01875,0.30637,-0.03562,0.00588,0.00000
113.60000,45.48000,-0.01915,0.30837,-0.03474,0.00520,0.00000
113.70000,45.52000,-0.01936,0.31019,-0.03321,0.00439,0.00000
113.80000,45.56000,-0.01939,0.31183,-0.03111,0.00346,-0.00000
113.90000,45.60000,-0.01922,0.31329,-0.02854,0.00244,0.00000
114.00000,45.64000,-0.01887,0.31456,-0.02559,0.00136,0.00000
114.10000,45.68000,-0.01833,0.31565,-0.02238,0.00023,0.00000
114.20000,45.72000,-0.01760,0.31655,-0.01903,-0.00090,0.00000
114.30000,45.76000,-0.01670,0.31727,-0.01564,-0.00204,-0.00000
114.40000,45.80000,-0.01562,0.31781,-0.01232,-0.00314,0.00000
114.50000,45.84000,-0.01437,0.31818,-0.00916,-0.00422,-0.00000
114.60000,45.88000,-0.01297,0.31838,-0.00621,-0.00525,-0.00000
114.70000,45.92000,-0.01141,0.31842,-0.00354,-0.00624,0.00000
114.80000,45.96000,-0.00972,0.31830,-0.00118,-0.00718,0.00000
114.90000,46.00000,-0.00791,0.31804,0.00088,-0.00808,-0.00000
115.00000,46.04000,-0.00599,0.31763,0.00262,-0.00895,0.00000
115.10000,46.08000,-0.00397,0.31710,0.00409,-0.00977,0.00000
115.20000,46.12000,-0.00188,0.31645,0.00531,-0.01056,0.00000
115.30000,46.16000,0.00027,0.31568,0.00632,-0.01128,0.00000
115.40000,46.20000,0.00245,0.31483,0.00719,-0.01194,0.00000
115.50000,46.24000,0.00464,0.31388,0.00796,-0.01250,-0.00000
115.60000,46.28000,0.00683,0.31287,0.00867,-0.01292,0.00000
115.70000,46.32000,0.00897,0.31180,0.00936,-0.01318,-0.00000
115.80000,46.36000,0.01106,0.31068,0.01006,-0.01323,0.00000
115.90000,46.40000,0.01306,0.30952,0.01078,-0.01302,0.00000
116.00000,46.44000,0.01494,0.30834,0.01152,-0.01253,0.00000
116.10000,46.48000,0.01668,0.30714,0.01228,-0.01172,0.00000
116.20000,46.52000,0.01827,0.30593,0.01303,-0.01057,0.00000
116.30000,46.56000,0.01967,0.30472,0.01374,-0.00907,0.00000
116.40000,46.60000,0.02088,0.30352,0.01436,-0.00723,0.00000
116.50000,46.64000,0.02187,0.30233,0.01485,-0.00508,0.00000
116.60000,46.68000,0.02263,0.30115,0.01518,-0.00266,0.00000
116.70000,46.72000,0.02316,0.29998,0.01529,-0.00004,-0.00000
116.80000,46.76000,0.02345,0.29883,0.01516,0.00272,-0.00000
116.90000,46.80000,0.02351,0.29771,0.01476,0.00551,0.00000
117.00000,46.84000,0.02332,0.29660,0.01408,0.00825,-0.00000
117.10000,46.88000,0.02291,0.29552,0.01312,0.01082,0.00000
117.20000,46.92000,0.02228,0.29447,0.01190,0.01313,0.00000
117.30000,46.96000,0.02145,0.29346,0.01044,0.01509,0.00000
117.40000,47.00000,0.02042,0.29249,0.00878,0.01661,0.00000
117.50000,47.04000,0.01922,0.29157,0.00696,0.01764,-0.00000
117.60000,47.08000,0.01786,0.29071,0.00505,0.01813,0.00000
117.70000,47.12000,0.01636,0.28993,0.00309,0.01807,0.00000
117.80000,47.16000,0.01475,0.28923,0.00115,0.01746,-0.00000
117.90000,47.20000,0.01303,0.28863,-0.00070,0.01634,0.00000
118.00000,47.24000,0.01123,0.28814,-0.00243,0.01476,0.00000
118.10000,47.28000,0.00936,0.28777,-0.00397,0.01279,0.00000
118.20000,47.32000,0.00744,0.28754,-0.00529,0.01052,0.00000
118.30000,47.36000,0.00547,0.28745,-0.00635,0.00806,-0.00000
118.40000,47.40000,0.00349,0.28751,-0.00714,0.00551,0.00000
118.50000,47.44000,0.00148,0.28773,-0.00764,0.00297,0.00000
118.60000,47.48000,-0.00052,0.28810,-0.00786,0.00055,0.00000
118.70000,47.52000,-0.00252,0.28862,-0.00779,-0.00168,0.00000
118.80000,47.56000,-0.00450,0.28928,-0.00745,-0.00363,0.00000
118.90000,47.60000,-0.00646,0.29008,-0.00687,-0.00526,0.00000
119.00000,47.64000,-0.00838,0.29099,-0.00607,-0.00652,-0.00000
119.10000,47.68000,-0.01026,0.29201,-0.00509,-0.00741,0.00000
119.20000,47.72000,-0.01208,0.29311,-0.00396,-0.00793,0.00000
119.30000,47.76000,-0.01385,0.29427,-0.00271,-0.00810,0.00000
119.40000,47.80000,-0.01554,0.29547,-0.00139,-0.00796,-0.00000
119.50000,47.84000,-0.01715,0.29667,-0.00005,-0.00756,0.00000
119.60000,47.88000,-0.01867,0.29787,0.00129,-0.00694,0.00000
119.70000,47.92000,-0.02007,0.29903,0.00257,-0.00616,0.00000
119.80000,47.96000,-0.02136,0.30013,0.00375,-0.00529,-0.00000
119.90000,48.00000,-0.02251,0.30116,0.00480,-0.00438,0.00000
120.00000,48.04000,-0.02352,0.30210,0.00567,-0.00347,-0.00000
120.10000,48.08000,-0.02437,0.30293,0.00633,-0.00261,0.00000
120.20000,48.12000,-0.02503,0.30366,0.00675,-0.00182,-0.00000
120.30000,48.16000,-0.02551,0.30426,0.00690,-0.00112,0.00000
120.40000,48.20000,-0.02578,0.30475,0.00678,-0.00054,0.00000
120.50000,48.24000,-0.02584,0.30512,0.00636,-0.00008,0.00000
120.60000,48.28000,-0.02566,0.30537,0.00564,0.00026,0.00000
120.70000,48.32000,-0.02524,0.30552,0.00465,0.00048,-0.00000
120.80000,48.36000,-0.02457,0.30556,0.00340,0.00059,0.00000
120.90000,48.40000,-0.02365,0.30552,0.00193,0.00060,0.00000
121.00000,48.44000,-0.02246,0.30540,0.00028,0.00051,0.00000
121.10000,48.48000,-0.02100,0.30522,-0.00149,0.00032,0.00000
121.20000,48.52000,-0.01929,0.30498,-0.00333,0.00005,-0.00000
121.30000,48.56000,-0.01732,0.30469,-0.00517,-0.00031,-0.00000
121.40000,48.60000,-0.01510,0.30438,-0.00694,-0.00074,0.00000
121.50000,48.64000,-0.01264,0.30404,-0.00857,-0.00123,0.00000
121.60000,48.68000,-0.00998,0.30368,-0.01000,-0.00178,0.00000
121.70000,48.72000,-0.00712,0.30332,-0.01118,-0.00237,0.00000
121.80000,48.76000,-0.00409,0.30295,-0.01207,-0.00298,0.00000
121.90000,48.80000,-0.00093,0.30259,-0.01263,-0.00359,0.00000
122.00000,48.84000,0.00233,0.30224,-0.01286,-0.00417,0.00000
122.10000,48.88000,0.00565,0.30189,-0.01274,-0.00469,0.00000
122.20000,48.92000,0.00899,0.30157,-0.01231,-0.00511,0.00000
122.30000,48.96000,0.01231,0.30126,-0.01159,-0.00542,0.00000
122.40000,49.00000,0.01556,0.30097,-0.01063,-0.00556,0.00000
122.50000,49.04000,0.01869,0.30071,-0.00948,-0.00552,-0.00000
122.60000,49.08000,0.02166,0.30048,-0.00821,-0.00527,0.00000
122.70000,49.12000,0.02442,0.30027,-0.00689,-0.00481,0.00000
122.80000,49.16000,0.02694,0.30010,-0.00556,-0.00412,-0.00000
122.90000,49.20000,0.02917,0.29996,-0.00430,-0.00323,-0.00000
123.00000,49.24000,0.03108,0.29985,-0.00316,-0.00215,0.00000
123.10000,49.28000,0.03263,0.29977,-0.00217,-0.00092,0.00000
123.20000,49.32000,0.03379,0.29973,-0.00136,0.00043,0.00000
123.30000,49.36000,0.03455,0.29972,-0.00074,0.00184,-0.00000
123.40000,49.40000,0.03488,0.29974,-0.00030,0.00325,0.00000
123.50000,49.44000,0.03478,0.29978,-0.00003,0.00461,0.00000
123.60000,49.48000,0.03423,0.29984,0.00011,0.00585,0.00000
123.70000,49.52000,0.03325,0.29991,0.00017,0.00693,0.00000
123.80000,49.56000,0.03182,0.29998,0.00018,0.00780,0.00000
123.90000,49.60000,0.02997,0.30004,0.00020,0.00842,-0.00000
124.00000,49.64000,0.02772,0.30010,0.00028,0.00878,0.00000
124.10000,49.68000,0.02509,0.30013,0.00047,0.00886,0.00000
124.20000,49.72000,0.02210,0.30014,0.00081,0.00867,-0.00000
124.30000,49.76000,0.01880,0.30012,0.00131,0.00822,0.00000
124.40000,49.80000,0.01521,0.30007,0.00201,0.00756,0.00000
124.50000,49.84000,0.01139,0.29999,0.00288,0.00671,-0.00000
124.60000,49.88000,0.00739,0.29988,0.00393,0.00572,0.00000
124.70000,49.92000,0.00325,0.29975,0.00513,0.00465,0.00000
124.80000,49.96000,-0.00097,0.29961,0.00643,0.00354,0.00000
124.90000,50.00000,-0.00521,0.29946,0.00780,0.00243,0.00000
125.00000,50.04000,-0.00941,0.29933,0.00918,0.00137,0.00000
125.10000,50.08000,-0.01351,0.29922,0.01051,0.00038,0.00000
125.20000,50.12000,-0.01745,0.29915,0.01175,-0.00052,0.00000
125.30000,50.16000,-0.02116,0.29914,0.01284,-0.00131,-0.00000
125.40000,50.20000,-0.02460,0.29919,0.01374,-0.00199,0.00000
125.50000,50.24000,-0.02769,0.29932,0.01442,-0.00257,0.00000
125.60000,50.28000,-0.03040,0.29954,0.01485,-0.00305,0.00000
125.70000,50.32000,-0.03267,0.29985,0.01502,-0.00346,0.00000
125.80000,50.36000,-0.03446,0.30025,0.01493,-0.00382,0.00000
125.90000,50.40000,-0.03575,0.30075,0.01457,-0.00413,0.00000
126.00000,50.44000,-0.03650,0.30132,0.01398,-0.00440,0.00000
126.10000,50.48000,-0.03671,0.30196,0.01316,-0.00464,0.00000
126.20000,50.52000,-0.03637,0.30265,0.01214,-0.00486,0.00000
126.30000,50.56000,-0.03548,0.30336,0.01096,-0.00503,-0.00000
126.40000,50.60000,-0.03405,0.30407,0.00965,-0.00514,-0.00000
126.50000,50.64000,-0.03212,0.30474,0.00823,-0.00518,-0.00000
126.60000,50.68000,-0.02972,0.30536,0.00673,-0.00511,-0.00000
126.70000,50.72000,-0.02690,0.30589,0.00518,-0.00491,-0.00000
126.80000,50.76000,-0.02370,0.30629,0.00359,-0.00456,0.00000
126.90000,50.80000,-0.02018,0.30654,0.00199,-0.00404,0.00000
127.00000,50.84000,-0.01641,0.30662,0.00038,-0.00334,0.00000
127.10000,50.88000,-0.01245,0.30651,-0.00123,-0.00246,0.00000
127.20000,50.92000,-0.00838,0.30620,-0.00282,-0.00142,0.00000
127.30000,50.96000,-0.00426,0.30566,-0.00438,-0.00023,-0.00000
127.40000,51.00000,-0.00017,0.30492,-0.00590,0.00105,0.00000
127.50000,51.04000,0.00382,0.30397,-0.00738,0.00240,0.00000
127.60000,51.08000,0.00767,0.30282,-0.00879,0.00374,0.00000
127.70000,51.12000,0.01129,0.30149,-0.01012,0.00502,0.00000
127.80000,51.16000,0.01465,0.30002,-0.01134,0.00618,0.00000
127.90000,51.20000,0.01769,0.29843,-0.01244,0.00715,-0.00000
128.00000,51.24000,0.02039,0.29676,-0.01339,0.00788,-0.00000
128.10000,51.28000,0.02270,0.29504,-0.01418,0.00834,0.00000
128.20000,51.32000,0.02461,0.29332,-0.01477,0.00848,0.00000
128.30000,51.36000,0.02610,0.29165,-0.01517,0.00829,0.00000
128.40000,51.40000,0.02717,0.29005,-0.01534,0.00779,0.00000
128.50000,51.44000,0.02782,0.28857,-0.01528,0.00699,0.00000
128.60000,51.48000,0.02805,0.28725,-0.01500,0.00592,0.00000
128.70000,51.52000,0.02790,0.28612,-0.01450,0.00463,0.00000
128.80000,51.56000,0.02736,0.28522,-0.01379,0.00319,-0.00000
128.90000,51.60000,0.02647,0.28456,-0.01289,0.00166,0.00000
129.00000,51.64000,0.02527,0.28416,-0.01183,0.00011,0.00000
129.10000,51.68000,0.02377,0.28404,-0.01062,-0.00139,0.00000
129.20000,51.72000,0.02202,0.28421,-0.00931,-0.00279,-0.00000
129.30000,51.76000,0.02005,0.28466,-0.00793,-0.00404,-0.00000
129.40000,51.80000,0.01789,0.28539,-0.00650,-0.00511,0.00000
129.50000,51.84000,0.01559,0.28638,-0.00507,-0.00597,0.00000
129.60000,51.88000,0.01318,0.28764,-0.00365,-0.00663,0.00000
129.70000,51.92000,0.01069,0.28912,-0.00228,-0.00710,-0.00000
129.80000,51.96000,0.00816,0.29081,-0.00097,-0.00740,0.00000
129.90000,52.00000,0.00561,0.29268,0.00026,-0.00756,-0.00000
130.00000,52.04000,0.00308,0.29469,0.00140,-0.00764,0.00000
130.10000,52.08000,0.00060,0.29683,0.00244,-0.00767,0.00000
130.20000,52.12000,-0.00182,0.29904,0.00337,-0.00771,0.00000
130.30000,52.16000,-0.00414,0.30129,0.00420,-0.00778,0.00000
130.40000,52.20000,-0.00635,0.30355,0.00492,-0.00790,0.00000
130.50000,52.24000,-0.00843,0.30578,0.00554,-0.00810,0.00000
130.60000,52.28000,-0.01036,0.30794,0.00606,-0.00837,0.00000
130.70000,52.32000,-0.01213,0.31001,0.00648,-0.00868,0.00000
130.80000,52.36000,-0.01373,0.31194,0.00680,-0.00900,0.00000
130.90000,52.40000,-0.01514,0.31372,0.00703,-0.00929,0.00000
131.00000,52.44000,-0.01635,0.31530,0.00717,-0.00947,0.00000
131.10000,52.48000,-0.01736,0.31667,0.00722,-0.00948,0.00000
131.20000,52.52000,-0.01816,0.31781,0.00718,-0.00925,0.00000
131.30000,52.56000,-0.01873,0.31870,0.00706,-0.00872,-0.00000
131.40000,52.60000,-0.01909,0.31932,0.00686,-0.00784,0.00000
131.50000,52.64000,-0.01922,0.31968,0.00660,-0.00656,0.00000
131.60000,52.68000,-0.01913,0.31975,0.00627,-0.00486,0.00000
131.70000,52.72000,-0.01881,0.31955,0.00590,-0.00275,0.00000
131.80000,52.76000,-0.01827,0.31908,0.00549,-0.00024,0.00000
131.90000,52.80000,-0.01752,0.31833,0.00505,0.00260,0.00000
132.00000,52.84000,-0.01656,0.31733,0.00462,0.00571,0.00000
132.10000,52.88000,-0.01541,0.31609,0.00418,0.00900,0.00000
132.20000,52.92000,-0.01408,0.31462,0.00377,0.01235,0.00000
132.30000,52.96000,-0.01258,0.31295,0.00339,0.01563,0.00000
132.40000,53.00000,-0.01094,0.31110,0.00305,0.01873,0.00000
132.50000,53.04000,-0.00918,0.30909,0.00275,0.02150,-0.00000
132.60000,53.08000,-0.00732,0.30695,0.00250,0.02382,-0.00000
132.70000,53.12000,-0.00539,0.30472,0.00229,0.02560,0.00000
132.80000,53.16000,-0.00341,0.30242,0.00212,0.02673,0.00000
132.90000,53.20000,-0.00142,0.30008,0.00199,0.02714,0.00000
133.00000,53.24000,0.00056,0.29775,0.00189,0.02681,0.00000
133.10000,53.28000,0.00249,0.29546,0.00181,0.02572,-0.00000
133.20000,53.32000,0.00435,0.29323,0.00174,0.02388,0.00000
133.30000,53.36000,0.00611,0.29111,0.00167,0.02135,0.00000
133.40000,53.40000,0.00774,0.28912,0.00160,0.01821,-0.00000
133.50000,53.44000,0.00923,0.28730,0.00154,0.01455,0.00000
133.60000,53.48000,0.01055,0.28568,0.00148,0.01049,0.00000
133.70000,53.52000,0.01168,0.28427,0.00142,0.00616,-0.00000
133.80000,53.56000,0.01261,0.28310,0.00138,0.00170,-0.00000
133.90000,53.60000,0.01333,0.28220,0.00136,-0.00275,0.00000
134.00000,53.64000,0.01384,0.28156,0.00136,-0.00705,0.00000
134.10000,53.68000,0.01414,0.28121,0.00141,-0.01109,0.00000
134.20000,53.72000,0.01423,0.28115,0.00150,-0.01475,0.00000
134.30000,53.76000,0.01411,0.28137,0.00162,-0.01795,0.00000
134.40000,53.80000,0.01379,0.28187,0.00179,-0.02061,0.00000
134.50000,53.84000,0.01330,0.28264,0.00199,-0.02269,0.00000
134.60000,53.88000,0.01264,0.28365,0.00219,-0.02416,0.00000
134.70000,53.92000,0.01183,0.28490,0.00240,-0.02502,0.00000
134.80000,53.96000,0.01090,0.28635,0.00257,-0.02530,-0.00000
134.90000,54.00000,0.00986,0.28798,0.00268,-0.02502,0.00000
135.00000,54.04000,0.00875,0.28976,0.00270,-0.02424,-0.00000
135.10000,54.08000,0.00757,0.29164,0.00260,-0.02302,0.00000
135.20000,54.12000,0.00636,0.29361,0.00236,-0.02143,0.00000
135.30000,54.16000,0.00513,0.29563,0.00196,-0.01955,-0.00000
135.40000,54.20000,0.00392,0.29765,0.00138,-0.01743,-0.00000
135.50000,54.24000,0.00272,0.29966,0.00063,-0.01516,-0.00000
135.60000,54.28000,0.00158,0.30161,-0.00030,-0.01279,0.00000
135.70000,54.32000,0.00049,0.30347,-0.00138,-0.01038,0.00000
135.80000,54.36000,-0.00052,0.30524,-0.00259,-0.00797,0.00000
135.90000,54.40000,-0.00145,0.30687,-0.00388,-0.00561,0.00000
136.00000,54.44000,-0.00229,0.30834,-0.00522,-0.00332,-0.00000
136.10000,54.48000,-0.00303,0.30966,-0.00656,-0.00112,-0.00000
136.20000,54.52000,-0.00366,0.31079,-0.00783,0.00096,-0.00000
136.30000,54.56000,-0.00420,0.31173,-0.00900,0.00293,0.00000
136.40000,54.60000,-0.00464,0.31247,-0.01002,0.00478,0.00000
136.50000,54.64000,-0.00498,0.31301,-0.01084,0.00650,0.00000
136.60000,54.68000,-0.00523,0.31335,-0.01143,0.00809,-0.00000
136.70000,54.72000,-0.00540,0.31350,-0.01178,0.00954,0.00000
136.80000,54.76000,-0.00550,0.31344,-0.01189,0.01085,0.00000
136.90000,54.80000,-0.00553,0.31320,-0.01175,0.01202,0.00000
137.00000,54.84000,-0.00550,0.31278,-0.01140,0.01302,-0.00000
137.10000,54.88000,-0.00542,0.31219,-0.01085,0.01385,-0.00000
137.20000,54.92000,-0.00531,0.31145,-0.01014,0.01450,0.00000
137.30000,54.96000,-0.00516,0.31056,-0.00932,0.01495,0.00000
137.40000,55.00000,-0.00499,0.30955,-0.00843,0.01519,0.00000
137.50000,55.04000,-0.00481,0.30843,-0.00752,0.01520,0.00000
137.60000,55.08000,-0.00460,0.30722,-0.00661,0.01500,0.00000
137.70000,55.12000,-0.00440,0.30593,-0.00573,0.01456,0.00000
137.80000,55.16000,-0.00418,0.30460,-0.00491,0.01390,0.00000
137.90000,55.20000,-0.00396,0.30323,-0.00415,0.01303,0.00000
138.00000,55.24000,-0.00374,0.30186,-0.00345,0.01196,-0.00000
138.10000,55.28000,-0.00352,0.30050,-0.00279,0.01072,-0.00000
138.20000,55.32000,-0.00330,0.29917,-0.00214,0.00933,0.00000
138.30000,55.36000,-0.00307,0.29789,-0.00149,0.00784,0.00000
138.40000,55.40000,-0.00285,0.29668,-0.00079,0.00626,0.00000
138.50000,55.44000,-0.00264,0.29557,-0.00001,0.00465,0.00000
138.60000,55.48000,-0.00242,0.29455,0.00087,0.00303,0.00000
138.70000,55.52000,-0.00222,0.29365,0.00187,0.00143,0.00000
138.80000,55.56000,-0.00202,0.29288,0.00301,-0.00010,0.00000
138.90000,55.60000,-0.00184,0.29224,0.00426,-0.00156,-0.00000
139.00000,55.64000,-0.00168,0.29175,0.00563,-0.00291,0.00000
139.10000,55.68000,-0.00153,0.29140,0.00707,-0.00415,-0.00000
139.20000,55.72000,-0.00141,0.29120,0.00854,-0.00528,0.00000
139.30000,55.76000,-0.00132,0.29114,0.00999,-0.00628,0.00000
139.40000,55.80000,-0.00126,0.29122,0.01135,-0.00716,0.00000
139.50000,55.84000,-0.00122,0.29143,0.01255,-0.00794,-0.00000
139.60000,55.88000,-0.00121,0.29177,0.01355,-0.00861,0.00000
139.70000,55.92000,-0.00123,0.29223,0.01427,-0.00919,0.00000
139.80000,55.96000,-0.00127,0.29279,0.01468,-0.00968,0.00000
139.90000,56.00000,-0.00133,0.29344,0.01473,-0.01008,0.00000
140.00000,56.04000,-0.00139,0.29418,0.01442,-0.01040,0.00000
140.10000,56.08000,-0.00145,0.29498,0.01375,-0.01062,0.00000
140.20000,56.12000,-0.00150,0.29583,0.01275,-0.01074,-0.00000
140.30000,56.16000,-0.00153,0.29673,0.01145,-0.01074,0.00000
140.40000,56.20000,-0.00153,0.29764,0.00991,-0.01061,0.00000
140.50000,56.24000,-0.00149,0.29857,0.00821,-0.01032,-0.00000
140.60000,56.28000,-0.00139,0.29949,0.00642,-0.00985,0.00000
140.70000,56.32000,-0.00123,0.30039,0.00463,-0.00918,0.00000
140.80000,56.36000,-0.00101,0.30126,0.00291,-0.00831,0.00000
140.90000,56.40000,-0.00071,0.30209,0.00135,-0.00723,0.00000
141.00000,56.44000,-0.00034,0.30285,0.00001,-0.00595,-0.00000
141.10000,56.48000,0.00010,0.30355,-0.00107,-0.00447,-0.00000
141.20000,56.52000,0.00062,0.30416,-0.00185,-0.00282,0.00000
141.30000,56.56000,0.00121,0.30468,-0.00233,-0.00105,0.00000
141.40000,56.60000,0.00186,0.30510,-0.00250,0.00081,0.00000
141.50000,56.64000,0.00257,0.30542,-0.00241,0.00269,0.00000
141.60000,56.68000,0.00332,0.30563,-0.00210,0.00454,0.00000
141.70000,56.72000,0.00409,0.30573,-0.00162,0.00628,0.00000
141.80000,56.76000,0.00489,0.30572,-0.00103,0.00785,-0.00000
141.90000,56.80000,0.00569,0.30560,-0.00041,0.00920,0.00000
142.00000,56.84000,0.00648,0.30537,0.00017,0.01026,-0.00000
142.10000,56.88000,0.00724,0.30504,0.00066,0.01099,-0.00000
142.20000,56.92000,0.00796,0.30462,0.00099,0.01137,-0.00000
142.30000,56.96000,0.00863,0.30413,0.00114,0.01138,0.00000
142.40000,57.00000,0.00923,0.30356,0.00106,0.01103,-0.00000
142.50000,57.04000,0.00975,0.30294,0.00077,0.01035,0.00000
142.60000,57.08000,0.01017,0.30228,0.00025,0.00936,0.00000
142.70000,57.12000,0.01049,0.30159,-0.00046,0.00813,0.00000
142.80000,57.16000,0.01070,0.30089,-0.00134,0.00671,0.00000
142.90000,57.20000,0.01078,0.30019,-0.00234,0.00518,0.00000
143.00000,57.24000,0.01073,0.29951,-0.00341,0.00362,0.00000
143.10000,57.28000,0.01053,0.29886,-0.00451,0.00210,0.00000
143.20000,57.32000,0.01019,0.29825,-0.00558,0.00069,0.00000
143.30000,57.36000,0.00969,0.29770,-0.00660,-0.00056,-0.00000
143.40000,57.40000,0.00903,0.29722,-0.00752,-0.00160,0.00000
143.50000,57.44000,0.00822,0.29681,-0.00832,-0.00240,0.00000
143.60000,57.48000,0.00725,0.29648,-0.00900,-0.00295,0.00000
143.70000,57.52000,0.00613,0.29624,-0.00954,-0.00326,-0.00000
143.80000,57.56000,0.00487,0.29610,-0.00995,-0.00334,-0.00000
143.90000,57.60000,0.00346,0.29605,-0.01025,-0.00324,-0.00000
144.00000,57.64000,0.00194,0.29610,-0.01046,-0.00301,0.00000
144.10000,57.68000,0.00031,0.29625,-0.01060,-0.00269,0.00000
144.20000,57.72000,-0.00140,0.29649,-0.01068,-0.00236,0.00000
144.30000,57.76000,-0.00318,0.29683,-0.01072,-0.00205,0.00000
144.40000,57.80000,-0.00499,0.29725,-0.01074,-0.00182,0.00000
144.50000,57.84000,-0.00681,0.29774,-0.01073,-0.00172,0.00000
144.60000,57.88000,-0.00860,0.29831,-0.01068,-0.00176,0.00000
144.70000,57.92000,-0.01034,0.29893,-0.01058,-0.00196,0.00000
144.80000,57.96000,-0.01199,0.29960,-0.01041,-0.00232,0.00000
144.90000,58.00000,-0.01352,0.30029,-0.01013,-0.00281,0.00000
145.00000,58.04000,-0.01490,0.30100,-0.00972,-0.00339,0.00000
145.10000,58.08000,-0.01611,0.30170,-0.00914,-0.00403,0.00000
145.20000,58.12000,-0.01711,0.30238,-0.00836,-0.00466,0.00000
145.30000,58.16000,-0.01788,0.30302,-0.00736,-0.00524,0.00000
145.40000,58.20000,-0.01842,0.30361,-0.00613,-0.00569,0.00000
145.50000,58.24000,-0.01870,0.30412,-0.00466,-0.00599,0.00000
145.60000,58.28000,-0.01872,0.30455,-0.00296,-0.00607,0.00000
145.70000,58.32000,-0.01847,0.30487,-0.00106,-0.00592,0.00000
145.80000,58.36000,-0.01797,0.30508,0.00100,-0.00552,0.00000
145.90000,58.40000,-0.01721,0.30517,0.00319,-0.00488,0.00000
146.00000,58.44000,-0.01622,0.30513,0.00544,-0.00401,0.00000
146.10000,58.48000,-0.01500,0.30496,0.00769,-0.00296,0.00000
146.20000,58.52000,-0.01358,0.30467,0.00987,-0.00177,0.00000
146.30000,58.56000,-0.01199,0.30424,0.01191,-0.00051,0.00000
146.40000,58.60000,-0.01024,0.30370,0.01375,0.00077,0.00000
146.50000,58.64000,-0.00837,0.30305,0.01534,0.00198,0.00000
146.60000,58.68000,-0.00641,0.30231,0.01662,0.00308,0.00000
146.70000,58.72000,-0.00438,0.30148,0.01757,0.00400,0.00000
146.80000,58.76000,-0.00231,0.30060,0.01817,0.00469,0.00000
146.90000,58.80000,-0.00023,0.29968,0.01842,0.00513,0.00000
147.00000,58.84000,0.00183,0.29873,0.01833,0.00530,-0.00000
147.10000,58.88000,0.00385,0.29778,0.01792,0.00521,0.00000
147.20000,58.92000,0.00581,0.29686,0.01723,0.00487,0.00000
147.30000,58.96000,0.00768,0.29597,0.01629,0.00432,-0.00000
147.40000,59.00000,0.00944,0.29514,0.01517,0.00362,0.00000
147.50000,59.04000,0.01109,0.29439,0.01390,0.00282,0.00000
147.60000,59.08000,0.01259,0.29372,0.01255,0.00198,0.00000
147.70000,59.12000,0.01395,0.29317,0.01114,0.00117,0.00000
147.80000,59.16000,0.01514,0.29272,0.00973,0.00046,0.00000
147.90000,59.20000,0.01616,0.29240,0.00833,-0.00010,0.00000
148.00000,59.24000,0.01700,0.29222,0.00698,-0.00047,0.00000
148.10000,59.28000,0.01765,0.29216,0.00567,-0.00061,0.00000
148.20000,59.32000,0.01811,0.29224,0.00442,-0.00051,0.00000
148.30000,59.36000,0.01839,0.29245,0.00321,-0.00016,-0.00000
148.40000,59.40000,0.01846,0.29279,0.00203,0.00041,0.00000
148.50000,59.44000,0.01835,0.29325,0.00086,0.00118,-0.00000
148.60000,59.48000,0.01804,0.29382,-0.00030,0.00210,0.00000
148.70000,59.52000,0.01756,0.29449,-0.00149,0.00312,0.00000
148.80000,59.56000,0.01689,0.29525,-0.00270,0.00418,0.00000
148.90000,59.60000,0.01606,0.29607,-0.00397,0.00521,-0.00000
149.00000,59.64000,0.01507,0.29695,-0.00527,0.00616,0.00000
149.10000,59.68000,0.01394,0.29787,-0.00662,0.00696,0.00000
149.20000,59.72000,0.01268,0.29881,-0.00800,0.00756,0.00000
149.30000,59.76000,0.01130,0.29975,-0.00938,0.00792,-0.00000
149.40000,59.80000,0.00983,0.30067,-0.01076,0.00801,0.00000
149.50000,59.84000,0.00827,0.30156,-0.01208,0.00780,0.00000
149.60000,59.88000,0.00666,0.30240,-0.01333,0.00730,-0.00000
149.70000,59.92000,0.00500,0.30319,-0.01447,0.00650,-0.00000
149.80000,59.96000,0.00332,0.30390,-0.01546,0.00542,0.00000
149.90000,60.00000,0.00164,0.30454,-0.01627,0.00410,0.00000
150.00000,60.04000,-0.00003,0.30510,-0.01687,0.00257,0.00000
150.10000,60.08000,-0.00168,0.30558,-0.01725,0.00088,0.00000
150.20000,60.12000,-0.00328,0.30598,-0.01738,-0.00092,0.00000
150.30000,60.16000,-0.00482,0.30631,-0.01726,-0.00278,-0.00000
150.40000,60.20000,-0.00629,0.30658,-0.01689,-0.00464,0.00000
150.50000,60.24000,-0.00768,0.30679,-0.01627,-0.00645,-0.00000
150.60000,60.28000,-0.00897,0.30697,-0.01541,-0.00814,0.00000
150.70000,60.32000,-0.01017,0.30711,-0.01433,-0.00968,0.00000
150.80000,60.36000,-0.01126,0.30724,-0.01306,-0.01100,-0.00000
150.90000,60.40000,-0.01223,0.30736,-0.01161,-0.01208,0.00000
151.00000,60.44000,-0.01309,0.30749,-0.01002,-0.01287,0.00000
151.10000,60.48000,-0.01382,0.30763,-0.00831,-0.01336,0.00000
151.20000,60.52000,-0.01443,0.30778,-0.00651,-0.01352,0.00000
151.30000,60.56000,-0.01491,0.30795,-0.00464,-0.01336,-0.00000
151.40000,60.60000,-0.01527,0.30813,-0.00274,-0.01286,-0.00000
151.50000,60.64000,-0.01549,0.30832,-0.00081,-0.01206,0.00000
151.60000,60.68000,-0.01559,0.30849,0.00111,-0.01096,0.00000
151.70000,60.72000,-0.01556,0.30863,0.00300,-0.00961,0.00000
151.80000,60.76000,-0.01540,0.30872,0.00486,-0.00805,0.00000
151.90000,60.80000,-0.01511,0.30875,0.00667,-0.00633,0.00000
152.00000,60.84000,-0.01470,0.30867,0.00840,-0.00451,0.00000
152.10000,60.88000,-0.01416,0.30848,0.01006,-0.00265,0.00000
152.20000,60.92000,-0.01350,0.30814,0.01162,-0.00081,0.00000
152.30000,60.96000,-0.01272,0.30763,0.01307,0.00094,0.00000
152.40000,61.00000,-0.01183,0.30694,0.01441,0.00254,0.00000
152.50000,61.04000,-0.01084,0.30605,0.01560,0.00395,0.00000
152.60000,61.08000,-0.00974,0.30494,0.01665,0.00512,0.00000
152.70000,61.12000,-0.00855,0.30362,0.01753,0.00601,0.00000
152.80000,61.16000,-0.00729,0.30209,0.01823,0.00662,0.00000
152.90000,61.20000,-0.00595,0.30036,0.01874,0.00693,0.00000
153.00000,61.24000,-0.00456,0.29844,0.01904,0.00697,0.00000
153.10000,61.28000,-0.00312,0.29636,0.01912,0.00675,-0.00000
153.20000,61.32000,-0.00165,0.29415,0.01896,0.00632,0.00000
153.30000,61.36000,-0.00017,0.29185,0.01856,0.00573,0.00000
153.40000,61.40000,0.00132,0.28950,0.01791,0.00502,0.00000
153.50000,61.44000,0.00278,0.28714,0.01700,0.00428,0.00000
153.60000,61.48000,0.00420,0.28482,0.01583,0.00356,0.00000
153.70000,61.52000,0.00558,0.28260,0.01442,0.00291,0.00000
153.80000,61.56000,0.00689,0.28053,0.01276,0.00240,-0.00000
153.90000,61.60000,0.00812,0.27866,0.01087,0.00206,-0.00000
154.00000,61.64000,0.00924,0.27704,0.00877,0.00193,0.00000
154.10000,61.68000,0.01026,0.27571,0.00648,0.00202,-0.00000
154.20000,61.72000,0.01116,0.27471,0.00403,0.00232,0.00000
154.30000,61.76000,0.01193,0.27408,0.00146,0.00283,-0.00000
154.40000,61.80000,0.01256,0.27386,-0.00119,0.00350,0.00000
154.50000,61.84000,0.01304,0.27405,-0.00389,0.00430,-0.00000
154.60000,61.88000,0.01337,0.27468,-0.00657,0.00518,0.00000
154.70000,61.92000,0.01355,0.27574,-0.00920,0.00606,-0.00000
154.80000,61.96000,0.01358,0.27724,-0.01172,0.00690,0.00000
154.90000,62.00000,0.01346,0.27917,-0.01407,0.00763,0.00000
155.00000,62.04000,0.01319,0.28149,-0.01621,0.00820,0.00000
155.10000,62.08000,0.01278,0.28419,-0.01810,0.00857,0.00000
155.20000,62.12000,0.01224,0.28722,-0.01968,0.00870,0.00000
155.30000,62.16000,0.01157,0.29054,-0.02092,0.00857,-0.00000
155.40000,62.20000,0.01078,0.29410,-0.02180,0.00818,-0.00000
155.50000,62.24000,0.00989,0.29785,-0.02230,0.00753,0.00000
155.60000,62.28000,0.00891,0.30172,-0.02241,0.00666,0.00000
155.70000,62.32000,0.00785,0.30566,-0.02212,0.00558,0.00000
155.80000,62.36000,0.00672,0.30959,-0.02146,0.00434,0.00000
155.90000,62.40000,0.00554,0.31346,-0.02045,0.00299,0.00000
156.00000,62.44000,0.00433,0.31720,-0.01911,0.00157,0.00000
156.10000,62.48000,0.00311,0.32075,-0.01749,0.00013,-0.00000
156.20000,62.52000,0.00188,0.32405,-0.01564,-0.00129,0.00000
156.30000,62.56000,0.00067,0.32705,-0.01362,-0.00266,0.00000
156.40000,62.60000,-0.00051,0.32970,-0.01147,-0.00395,0.00000
156.50000,62.64000,-0.00165,0.33197,-0.00925,-0.00514,0.00000
156.60000,62.68000,-0.00271,0.33381,-0.00703,-0.00622,0.00000
156.70000,62.72000,-0.00370,0.33521,-0.00484,-0.00720,0.00000
156.80000,62.76000,-0.00460,0.33613,-0.00275,-0.00807,0.00000
156.90000,62.80000,-0.00539,0.33657,-0.00078,-0.00884,0.00000
157.00000,62.84000,-0.00606,0.33652,0.00103,-0.00954,-0.00000
157.10000,62.88000,-0.00661,0.33599,0.00267,-0.01016,0.00000
157.20000,62.92000,-0.00702,0.33498,0.00411,-0.01071,-0.00000
157.30000,62.96000,-0.00730,0.33351,0.00536,-0.01120,-0.00000
157.40000,63.00000,-0.00743,0.33159,0.00643,-0.01163,0.00000
157.50000,63.04000,-0.00743,0.32926,0.00734,-0.01198,0.00000
157.60000,63.08000,-0.00729,0.32654,0.00810,-0.01224,-0.00000
157.70000,63.12000,-0.00701,0.32346,0.00874,-0.01239,0.00000
157.80000,63.16000,-0.00661,0.32007,0.00929,-0.01240,0.00000
157.90000,63.20000,-0.00610,0.31640,0.00978,-0.01225,0.00000
158.00000,63.24000,-0.00549,0.31250,0.01025,-0.01191,0.00000
158.10000,63.28000,-0.00479,0.30841,0.01072,-0.01136,0.00000
158.20000,63.32000,-0.00403,0.30417,0.01121,-0.01058,0.00000
158.30000,63.36000,-0.00321,0.29985,0.01174,-0.00956,0.00000
158.40000,63.40000,-0.00237,0.29548,0.01232,-0.00830,0.00000
158.50000,63.44000,-0.00152,0.29113,0.01295,-0.00683,-0.00000
158.60000,63.48000,-0.00067,0.28684,0.01364,-0.00515,0.00000
158.70000,63.52000,0.00014,0.28266,0.01436,-0.00331,0.00000
158.80000,63.56000,0.00089,0.27867,0.01509,-0.00134,0.00000
158.90000,63.60000,0.00158,0.27489,0.01582,0.00069,0.00000
159.00000,63.64000,0.00217,0.27140,0.01650,0.00274,0.00000
159.10000,63.68000,0.00266,0.26824,0.01711,0.00475,0.00000
159.20000,63.72000,0.00303,0.26545,0.01760,0.00665,0.00000
159.30000,63.76000,0.00328,0.26308,0.01795,0.00841,0.00000
159.40000,63.80000,0.00339,0.26117,0.01810,0.00996,0.00000
159.50000,63.84000,0.00336,0.25976,0.01804,0.01129,0.00000
159.60000,63.88000,0.00319,0.25886,0.01772,0.01235,0.00000
159.70000,63.92000,0.00289,0.25849,0.01712,0.01315,0.00000
159.80000,63.96000,0.00245,0.25868,0.01623,0.01366,0.00000
159.90000,64.00000,0.00189,0.25941,0.01503,0.01391,-0.00000
160.00000,64.04000,0.00122,0.26069,0.01352,0.01391,0.00000
160.10000,64.08000,0.00046,0.26249,0.01171,0.01367,0.00000
160.20000,64.12000,-0.00039,0.26479,0.00961,0.01323,0.00000
160.30000,64.16000,-0.00129,0.26757,0.00724,0.01262,0.00000
160.40000,64.20000,-0.00224,0.27077,0.00462,0.01187,0.00000
160.50000,64.24000,-0.00320,0.27434,0.00181,0.01101,0.00000
160.60000,64.28000,-0.00417,0.27825,-0.00117,0.01007,0.00000
160.70000,64.32000,-0.00511,0.28242,-0.00427,0.00906,0.00000
160.80000,64.36000,-0.00601,0.28680,-0.00744,0.00800,-0.00000
160.90000,64.40000,-0.00685,0.29132,-0.01062,0.00690,0.00000
161.00000,64.44000,-0.00761,0.29591,-0.01376,0.00578,0.00000
161.10000,64.48000,-0.00827,0.30051,-0.01682,0.00464,0.00000
161.20000,64.52000,-0.00882,0.30505,-0.01974,0.00348,0.00000
161.30000,64.56000,-0.00926,0.30947,-0.02248,0.00231,0.00000
161.40000,64.60000,-0.00956,0.31371,-0.02498,0.00112,0.00000
161.50000,64.64000,-0.00972,0.31772,-0.02721,-0.00007,0.00000
161.60000,64.68000,-0.00974,0.32144,-0.02913,-0.00124,0.00000
161.70000,64.72000,-0.00962,0.32483,-0.03071,-0.00240,0.00000
161.80000,64.76000,-0.00935,0.32785,-0.03191,-0.00352,-0.00000
161.90000,64.80000,-0.00895,0.33047,-0.03271,-0.00457,0.00000
162.00000,64.84000,-0.00840,0.33265,-0.03309,-0.00555,0.00000
162.10000,64.88000,-0.00773,0.33438,-0.03303,-0.00641,0.00000
162.20000,64.92000,-0.00693,0.33565,-0.03252,-0.00716,-0.00000
162.30000,64.96000,-0.00601,0.33644,-0.03154,-0.00775,0.00000
162.40000,65.00000,-0.00498,0.33676,-0.03011,-0.00820,0.00000
162.50000,65.04000,-0.00386,0.33662,-0.02820,-0.00848,0.00000
162.60000,65.08000,-0.00265,0.33602,-0.02584,-0.00859,-0.00000
162.70000,65.12000,-0.00137,0.33499,-0.02303,-0.00856,0.00000
162.80000,65.16000,-0.00003,0.33355,-0.01980,-0.00839,0.00000
162.90000,65.20000,0.00136,0.33172,-0.01616,-0.00810,-0.00000
163.00000,65.24000,0.00279,0.32955,-0.01217,-0.00772,0.00000
163.10000,65.28000,0.00423,0.32708,-0.00787,-0.00728,-0.00000
163.20000,65.32000,0.00568,0.32434,-0.00332,-0.00681,0.00000
163.30000,65.36000,0.00712,0.32139,0.00141,-0.00634,0.00000
163.40000,65.40000,0.00853,0.31826,0.00625,-0.00590,0.00000
163.50000,65.44000,0.00990,0.31501,0.01110,-0.00550,0.00000
163.60000,65.48000,0.01121,0.31169,0.01587,-0.00516,0.00000
163.70000,65.52000,0.01244,0.30835,0.02045,-0.00488,0.00000
163.80000,65.56000,0.01357,0.30503,0.02475,-0.00466,0.00000
163.90000,65.60000,0.01459,0.30178,0.02866,-0.00449,0.00000
164.00000,65.64000,0.01549,0.29864,0.03208,-0.00435,0.00000
164.10000,65.68000,0.01624,0.29564,0.03493,-0.00422,-0.00000
164.20000,65.72000,0.01684,0.29281,0.03712,-0.00406,-0.00000
164.30000,65.76000,0.01728,0.29019,0.03860,-0.00386,0.00000
164.40000,65.80000,0.01754,0.28780,0.03932,-0.00358,-0.00000
164.50000,65.84000,0.01763,0.28566,0.03926,-0.00321,0.00000
164.60000,65.88000,0.01753,0.28376,0.03843,-0.00272,-0.00000
164.70000,65.92000,0.01724,0.28213,0.03686,-0.00212,0.00000
164.80000,65.96000,0.01676,0.28077,0.03458,-0.00139,0.00000
164.90000,66.00000,0.01610,0.27967,0.03168,-0.00055,0.00000
165.00000,66.04000,0.01527,0.27883,0.02825,0.00038,0.00000
165.10000,66.08000,0.01426,0.27823,0.02439,0.00139,0.00000
165.20000,66.12000,0.01309,0.27788,0.02023,0.00245,0.00000
165.30000,66.16000,0.01177,0.27775,0.01589,0.00353,0.00000
165.40000,66.20000,0.01032,0.27784,0.01149,0.00460,0.00000
165.50000,66.24000,0.00873,0.27813,0.00716,0.00563,0.00000
165.60000,66.28000,0.00704,0.27860,0.00302,0.00659,0.00000
165.70000,66.32000,0.00525,0.27924,-0.00085,0.00746,-0.00000
165.80000,66.36000,0.00339,0.28003,-0.00435,0.00823,0.00000
165.90000,66.40000,0.00146,0.28097,-0.00744,0.00890,0.00000
166.00000,66.44000,-0.00051,0.28202,-0.01006,0.00944,0.00000
166.10000,66.48000,-0.00252,0.28319,-0.01221,0.00988,0.00000
166.20000,66.52000,-0.00453,0.28445,-0.01389,0.01021,-0.00000
166.30000,66.56000,-0.00653,0.28579,-0.01513,0.01043,0.00000
166.40000,66.60000,-0.00851,0.28720,-0.01597,0.01057,0.00000
166.50000,66.64000,-0.01044,0.28866,-0.01646,0.01061,0.00000
166.60000,66.68000,-0.01230,0.29015,-0.01668,0.01056,0.00000
166.70000,66.72000,-0.01408,0.29167,-0.01667,0.01041,0.00000
166.80000,66.76000,-0.01575,0.29320,-0.01651,0.01016,0.00000
166.90000,66.80000,-0.01730,0.29473,-0.01627,0.00978,0.00000
167.00000,66.84000,-0.01870,0.29623,-0.01598,0.00926,0.00000
167.10000,66.88000,-0.01994,0.29771,-0.01568,0.00857,0.00000
167.20000,66.92000,-0.02100,0.29915,-0.01541,0.00769,0.00000
167.30000,66.96000,-0.02185,0.30054,-0.01517,0.00660,0.00000
167.40000,67.00000,-0.02250,0.30187,-0.01495,0.00529,0.00000
167.50000,67.04000,-0.02292,0.30314,-0.01474,0.00374,0.00000
167.60000,67.08000,-0.02310,0.30434,-0.01451,0.00196,0.00000
167.70000,67.12000,-0.02305,0.30546,-0.01423,-0.00003,-0.00000
167.80000,67.16000,-0.02275,0.30651,-0.01386,-0.00219,0.00000
167.90000,67.20000,-0.02221,0.30748,-0.01337,-0.00448,-0.00000
168.00000,67.24000,-0.02144,0.30838,-0.01271,-0.00684,-0.00000
168.10000,67.28000,-0.02044,0.30919,-0.01186,-0.00919,-0.00000
168.20000,67.32000,-0.01923,0.30994,-0.01080,-0.01144,0.00000
168.30000,67.36000,-0.01782,0.31060,-0.00953,-0.01352,0.00000
168.40000,67.40000,-0.01623,0.31119,-0.00806,-0.01534,0.00000
168.50000,67.44000,-0.01448,0.31170,-0.00641,-0.01680,0.00000
168.60000,67.48000,-0.01259,0.31214,-0.00460,-0.01784,0.00000
168.70000,67.52000,-0.01060,0.31250,-0.00269,-0.01841,0.00000
168.80000,67.56000,-0.00852,0.31277,-0.00071,-0.01845,-0.00000
168.90000,67.60000,-0.00638,0.31295,0.00126,-0.01796,-0.00000
169.00000,67.64000,-0.00421,0.31303,0.00317,-0.01693,-0.00000
169.10000,67.68000,-0.00202,0.31302,0.00496,-0.01541,0.00000
169.20000,67.72000,0.00016,0.31290,0.00659,-0.01343,0.00000
169.30000,67.76000,0.00231,0.31266,0.00799,-0.01108,-0.00000
169.40000,67.80000,0.00441,0.31231,0.00912,-0.00845,0.00000
169.50000,67.84000,0.00645,0.31183,0.00997,-0.00563,0.00000
169.60000,67.88000,0.00841,0.31123,0.01051,-0.00275,0.00000
169.70000,67.92000,0.01029,0.31051,0.01073,0.00010,0.00000
169.80000,67.96000,0.01206,0.30966,0.01064,0.00280,0.00000
169.90000,68.00000,0.01373,0.30871,0.01026,0.00525,0.00000
170.00000,68.04000,0.01528,0.30765,0.00960,0.00738,-0.00000
170.10000,68.08000,0.01671,0.30650,0.00871,0.00912,0.00000
170.20000,68.12000,0.01802,0.30528,0.00762,0.01043,0.00000
170.30000,68.16000,0.01919,0.30400,0.00637,0.01128,0.00000
170.40000,68.20000,0.02024,0.30269,0.00501,0.01169,-0.00000
170.50000,68.24000,0.02115,0.30137,0.00358,0.01167,-0.00000
170.60000,68.28000,0.02191,0.30006,0.00214,0.01127,0.00000
170.70000,68.32000,0.02253,0.29878,0.00072,0.01054,-0.00000
170.80000,68.36000,0.02300,0.29757,-0.00063,0.00954,0.00000
170.90000,68.40000,0.02332,0.29643,-0.00187,0.00836,0.00000
171.00000,68.44000,0.02347,0.29540,-0.00297,0.00705,-0.00000
171.10000,68.48000,0.02346,0.29448,-0.00389,0.00571,-0.00000
171.20000,68.52000,0.02328,0.29369,-0.00461,0.00438,-0.00000
171.30000,68.56000,0.02292,0.29304,-0.00511,0.00312,0.00000
171.40000,68.60000,0.02238,0.29254,-0.00535,0.00198,0.00000
171.50000,68.64000,0.02166,0.29218,-0.00534,0.00099,-0.00000
171.60000,68.68000,0.02074,0.29197,-0.00507,0.00018,0.00000
171.70000,68.72000,0.01964,0.29190,-0.00453,-0.00046,-0.00000
171.80000,68.76000,0.01834,0.29197,-0.00374,-0.00092,0.00000
171.90000,68.80000,0.01685,0.29215,-0.00271,-0.00121,0.00000
172.00000,68.84000,0.01518,0.29243,-0.00147,-0.00135,0.00000
172.10000,68.88000,0.01331,0.29281,-0.00005,-0.00134,-0.00000
172.20000,68.92000,0.01127,0.29326,0.00150,-0.00122,0.00000
172.30000,68.96000,0.00906,0.29377,0.00314,-0.00101,0.00000
172.40000,69.00000,0.00669,0.29432,0.00480,-0.00071,0.00000
172.50000,69.04000,0.00418,0.29489,0.00644,-0.00035,-0.00000
172.60000,69.08000,0.00155,0.29548,0.00798,0.00006,0.00000
172.70000,69.12000,-0.00119,0.29607,0.00936,0.00049,-0.00000
172.80000,69.16000,-0.00401,0.29665,0.01053,0.00095,0.00000
172.90000,69.20000,-0.00687,0.29720,0.01145,0.00142,0.00000
173.00000,69.24000,-0.00976,0.29773,0.01205,0.00188,0.00000
173.10000,69.28000,-0.01264,0.29823,0.01233,0.00232,0.00000
173.20000,69.32000,-0.01547,0.29869,0.01226,0.00271,0.00000
173.30000,69.36000,-0.01821,0.29912,0.01185,0.00305,0.00000
173.40000,69.40000,-0.02084,0.29950,0.01111,0.00331,0.00000
173.50000,69.44000,-0.02330,0.29984,0.01006,0.00347,0.00000
173.60000,69.48000,-0.02556,0.30014,0.00876,0.00349,0.00000
173.70000,69.52000,-0.02758,0.30040,0.00726,0.00337,0.00000
173.80000,69.56000,-0.02933,0.30062,0.00562,0.00309,0.00000
173.90000,69.60000,-0.03078,0.30080,0.00392,0.00263,0.00000
174.00000,69.64000,-0.03189,0.30094,0.00221,0.00200,0.00000
174.10000,69.68000,-0.03264,0.30104,0.00057,0.00120,-0.00000
174.20000,69.72000,-0.03301,0.30111,-0.00095,0.00024,-0.00000
174.30000,69.76000,-0.03298,0.30114,-0.00229,-0.00085,0.00000
174.40000,69.80000,-0.03254,0.30113,-0.00342,-0.00203,0.00000
174.50000,69.84000,-0.03170,0.30110,-0.00431,-0.00326,0.00000
174.60000,69.88000,-0.03044,0.30103,-0.00497,-0.00448,0.00000
174.70000,69.92000,-0.02878,0.30095,-0.00540,-0.00566,0.00000
174.80000,69.96000,-0.02674,0.30085,-0.00563,-0.00672,0.00000
174.90000,70.00000,-0.02433,0.30073,-0.00569,-0.00763,0.00000
175.00000,70.04000,-0.02158,0.30061,-0.00563,-0.00833,-0.00000
175.10000,70.08000,-0.01852,0.30050,-0.00550,-0.00878,0.00000
175.20000,70.12000,-0.01518,0.30039,-0.00536,-0.00897,0.00000
175.30000,70.16000,-0.01162,0.30029,-0.00525,-0.00887,0.00000
175.40000,70.20000,-0.00786,0.30021,-0.00522,-0.00850,0.00000
175.50000,70.24000,-0.00396,0.30016,-0.00531,-0.00786,0.00000
175.60000,70.28000,0.00004,0.30014,-0.00555,-0.00699,0.00000
175.70000,70.32000,0.00408,0.30014,-0.00594,-0.00591,0.00000
175.80000,70.36000,0.00811,0.30017,-0.00648,-0.00469,0.00000
175.90000,70.40000,0.01207,0.30022,-0.00716,-0.00338,0.00000
176.00000,70.44000,0.01591,0.30029,-0.00795,-0.00202,0.00000
176.10000,70.48000,0.01958,0.30037,-0.00881,-0.00068,0.00000
176.20000,70.52000,0.02303,0.30045,-0.00969,0.00059,0.00000
176.30000,70.56000,0.02620,0.30052,-0.01053,0.00176,-0.00000
176.40000,70.60000,0.02904,0.30056,-0.01129,0.00279,0.00000
176.50000,70.64000,0.03151,0.30057,-0.01192,0.00365,-0.00000
176.60000,70.68000,0.03357,0.30054,-0.01236,0.00435,0.00000
176.70000,70.72000,0.03518,0.30045,-0.01257,0.00487,0.00000
176.80000,70.76000,0.03631,0.30030,-0.01254,0.00522,0.00000
176.90000,70.80000,0.03694,0.30008,-0.01224,0.00543,0.00000
177.00000,70.84000,0.03704,0.29980,-0.01168,0.00552,-0.00000
177.10000,70.88000,0.03662,0.29945,-0.01085,0.00551,0.00000
177.20000,70.92000,0.03567,0.29904,-0.00977,0.00542,0.00000
177.30000,70.96000,0.03420,0.29860,-0.00848,0.00528,-0.00000
177.40000,71.00000,0.03223,0.29812,-0.00701,0.00509,0.00000
177.50000,71.04000,0.02978,0.29763,-0.00540,0.00488,0.00000
177.60000,71.08000,0.02690,0.29716,-0.00369,0.00463,0.00000
177.70000,71.12000,0.02362,0.29672,-0.00192,0.00435,-0.00000
177.80000,71.16000,0.02000,0.29635,-0.00014,0.00403,-0.00000
177.90000,71.20000,0.01609,0.29607,0.00164,0.00364,0.00000
178.00000,71.24000,0.01197,0.29590,0.00336,0.00318,0.00000
178.10000,71.28000,0.00770,0.29586,0.00502,0.00262,0.00000
178.20000,71.32000,0.00336,0.29598,0.00658,0.00196,0.00000
178.30000,71.36000,-0.00099,0.29627,0.00804,0.00118,0.00000
178.40000,71.40000,-0.00527,0.29673,0.00939,0.00030,0.00000
178.50000,71.44000,-0.00940,0.29737,0.01061,-0.00068,0.00000
178.60000,71.48000,-0.01333,0.29819,0.01171,-0.00173,0.00000
178.70000,71.52000,-0.01698,0.29917,0.01269,-0.00282,0.00000
178.80000,71.56000,-0.02031,0.30030,0.01353,-0.00390,-0.00000
178.90000,71.60000,-0.02326,0.30156,0.01423,-0.00494,-0.00000
179.00000,71.64000,-0.02579,0.30291,0.01479,-0.00586,0.00000
179.10000,71.68000,-0.02787,0.30432,0.01520,-0.00663,0.00000
179.20000,71.72000,-0.02947,0.30576,0.01545,-0.00718,0.00000
179.30000,71.76000,-0.03060,0.30719,0.01552,-0.00749,0.00000
179.40000,71.80000,-0.03123,0.30856,0.01541,-0.00751,0.00000
179.50000,71.84000,-0.03139,0.30984,0.01511,-0.00723,0.00000
179.60000,71.88000,-0.03107,0.31099,0.01462,-0.00665,0.00000
179.70000,71.92000,-0.03031,0.31197,0.01393,-0.00577,0.00000
179.80000,71.96000,-0.02913,0.31275,0.01304,-0.00463,0.00000
179.90000,72.00000,-0.02757,0.31330,0.01197,-0.00327,-0.00000
180.00000,72.04000,-0.02567,0.31360,0.01073,-0.00174,0.00000
180.10000,72.08000,-0.02347,0.31364,0.00934,-0.00012,0.00000
180.20000,72.12000,-0.02102,0.31340,0.00782,0.00152,0.00000
180.30000,72.16000,-0.01836,0.31289,0.00621,0.00312,0.00000
180.40000,72.20000,-0.01555,0.31210,0.00454,0.00461,0.00000
180.50000,72.24000,-0.01263,0.31106,0.00285,0.00593,0.00000
180.60000,72.28000,-0.00965,0.30976,0.00117,0.00704,-0.00000
180.70000,72.32000,-0.00664,0.30825,-0.00047,0.00789,0.00000
180.80000,72.36000,-0.00366,0.30654,-0.00203,0.00848,0.00000
180.90000,72.40000,-0.00075,0.30466,-0.00348,0.00880,0.00000
181.00000,72.44000,0.00208,0.30265,-0.00481,0.00887,0.00000
181.10000,72.48000,0.00477,0.30054,-0.00599,0.00873,0.00000
181.20000,72.52000,0.00731,0.29838,-0.00701,0.00840,0.00000
181.30000,72.56000,0.00967,0.29620,-0.00788,0.00795,0.00000
181.40000,72.60000,0.01183,0.29404,-0.00858,0.00741,0.00000
181.50000,72.64000,0.01377,0.29194,-0.00912,0.00684,0.00000
181.60000,72.68000,0.01550,0.28993,-0.00951,0.00629,0.00000
181.70000,72.72000,0.01698,0.28805,-0.00975,0.00577,0.00000
181.80000,72.76000,0.01822,0.28633,-0.00987,0.00532,0.00000
181.90000,72.80000,0.01922,0.28480,-0.00987,0.00494,-0.00000
182.00000,72.84000,0.01997,0.28349,-0.00976,0.00461,0.00000
182.10000,72.88000,0.02048,0.28241,-0.00955,0.00431,-0.00000
182.20000,72.92000,0.02074,0.28159,-0.00926,0.00400,0.00000
182.30000,72.96000,0.02077,0.28104,-0.00889,0.00363,0.00000
182.40000,73.00000,0.02056,0.28076,-0.00846,0.00316,0.00000
182.50000,73.04000,0.02013,0.28077,-0.00796,0.00252,0.00000
182.60000,73.08000,0.01948,0.28105,-0.00742,0.00166,0.00000
182.70000,73.12000,0.01862,0.28161,-0.00683,0.00056,-0.00000
182.80000,73.16000,0.01757,0.28244,-0.00620,-0.00083,0.00000
182.90000,73.20000,0.01634,0.28352,-0.00555,-0.00250,-0.00000
183.00000,73.24000,0.01494,0.28485,-0.00489,-0.00445,0.00000
183.10000,73.28000,0.01339,0.28639,-0.00423,-0.00665,-0.00000
183.20000,73.32000,0.01170,0.28813,-0.00358,-0.00903,0.00000
183.30000,73.36000,0.00990,0.29005,-0.00295,-0.01152,0.00000
183.40000,73.40000,0.00799,0.29210,-0.00236,-0.01403,-0.00000
183.50000,73.44000,0.00601,0.29427,-0.00182,-0.01645,-0.00000
183.60000,73.48000,0.00398,0.29653,-0.00133,-0.01868,0.00000
183.70000,73.52000,0.00193,0.29884,-0.00090,-0.02059,0.00000
183.80000,73.56000,-0.00013,0.30116,-0.00055,-0.02207,-0.00000
183.90000,73.60000,-0.00217,0.30348,-0.00025,-0.02304,-0.00000
184.00000,73.64000,-0.00416,0.30574,-0.00003,-0.02340,0.00000
184.10000,73.68000,-0.00607,0.30793,0.00014,-0.02310,0.00000
184.20000,73.72000,-0.00787,0.31001,0.00027,-0.02210,0.00000
184.30000,73.76000,-0.00955,0.31194,0.00035,-0.02040,0.00000
184.40000,73.80000,-0.01107,0.31371,0.00040,-0.01802,0.00000
184.50000,73.84000,-0.01242,0.31528,0.00044,-0.01502,0.00000
184.60000,73.88000,-0.01358,0.31664,0.00046,-0.01148,0.00000
184.70000,73.92000,-0.01454,0.31776,0.00049,-0.00749,0.00000
184.80000,73.96000,-0.01527,0.31862,0.00051,-0.00320,0.00000
184.90000,74.00000,-0.01578,0.31921,0.00055,0.00128,0.00000
185.00000,74.04000,-0.01605,0.31953,0.00058,0.00578,0.00000
185.10000,74.08000,-0.01609,0.31956,0.00062,0.01018,0.00000
185.20000,74.12000,-0.01591,0.31930,0.00066,0.01432,0.00000
185.30000,74.16000,-0.01551,0.31877,0.00068,0.01808,0.00000
185.40000,74.20000,-0.01490,0.31796,0.00069,0.02135,0.00000
185.50000,74.24000,-0.01409,0.31689,0.00068,0.02404,0.00000
185.60000,74.28000,-0.01312,0.31558,0.00065,0.02607,0.00000
185.70000,74.32000,-0.01199,0.31405,0.00060,0.02742,-0.00000
185.80000,74.36000,-0.01074,0.31232,0.00054,0.02806,-0.00000
185.90000,74.40000,-0.00938,0.31043,0.00047,0.02800,-0.00000
186.00000,74.44000,-0.00794,0.30841,0.00042,0.02728,0.00000
186.10000,74.48000,-0.00646,0.30629,0.00040,0.02595,0.00000
186.20000,74.52000,-0.00495,0.30412,0.00043,0.02409,-0.00000
186.30000,74.56000,-0.00344,0.30191,0.00053,0.02177,0.00000
186.40000,74.60000,-0.00196,0.29973,0.00073,0.01910,0.00000
186.50000,74.64000,-0.00052,0.29759,0.00104,0.01616,0.00000
186.60000,74.68000,0.00084,0.29553,0.00148,0.01306,0.00000
186.70000,74.72000,0.00212,0.29360,0.00204,0.00988,0.00000
186.80000,74.76000,0.00329,0.29180,0.00274,0.00670,-0.00000
186.90000,74.80000,0.00435,0.29018,0.00356,0.00360,0.00000
187.00000,74.84000,0.00528,0.28874,0.00448,0.00065,0.00000
187.10000,74.88000,0.00608,0.28752,0.00546,-0.00212,0.00000
187.20000,74.92000,0.00674,0.28652,0.00648,-0.00466,0.00000
187.30000,74.96000,0.00727,0.28574,0.00749,-0.00695,0.00000
187.40000,75.00000,0.00767,0.28520,0.00844,-0.00899,-0.00000
187.50000,75.04000,0.00793,0.28489,0.00929,-0.01076,0.00000
187.60000,75.08000,0.00807,0.28482,0.00999,-0.01226,0.00000
187.70000,75.12000,0.00809,0.28496,0.01050,-0.01352,0.00000
187.80000,75.16000,0.00802,0.28532,0.01078,-0.01454,0.00000
187.90000,75.20000,0.00785,0.28587,0.01083,-0.01534,-0.00000
188.00000,75.24000,0.00760,0.28661,0.01061,-0.01592,0.00000
188.10000,75.28000,0.00728,0.28752,0.01015,-0.01629,0.00000
188.20000,75.32000,0.00691,0.28858,0.00944,-0.01648,0.00000
188.30000,75.36000,0.00651,0.28976,0.00853,-0.01647,0.00000
188.40000,75.40000,0.00607,0.29105,0.00743,-0.01628,0.00000
188.50000,75.44000,0.00562,0.29243,0.00621,-0.01591,0.00000
188.60000,75.48000,0.00516,0.29387,0.00490,-0.01535,0.00000
188.70000,75.52000,0.00470,0.29536,0.00355,-0.01462,0.00000
188.80000,75.56000,0.00424,0.29688,0.00221,-0.01370,-0.00000
188.90000,75.60000,0.00380,0.29839,0.00093,-0.01261,-0.00000
189.00000,75.64000,0.00338,0.29988,-0.00027,-0.01135,0.00000
189.10000,75.68000,0.00298,0.30133,-0.00135,-0.00994,0.00000
189.20000,75.72000,0.00259,0.30273,-0.00232,-0.00839,0.00000
189.30000,75.76000,0.00223,0.30404,-0.00317,-0.00674,0.00000
189.40000,75.80000,0.00189,0.30526,-0.00392,-0.00499,0.00000
189.50000,75.84000,0.00157,0.30636,-0.00457,-0.00320,0.00000
189.60000,75.88000,0.00127,0.30734,-0.00517,-0.00139,0.00000
189.70000,75.92000,0.00098,0.30818,-0.00574,0.00040,0.00000
189.80000,75.96000,0.00071,0.30888,-0.00631,0.00214,0.00000
189.90000,76.00000,0.00047,0.30942,-0.00690,0.00379,0.00000
190.00000,76.04000,0.00024,0.30980,-0.00755,0.00531,0.00000
190.10000,76.08000,0.00003,0.31001,-0.00826,0.00669,-0.00000
190.20000,76.12000,-0.00016,0.31007,-0.00903,0.00790,-0.00000
190.30000,76.16000,-0.00033,0.30997,-0.00984,0.00893,0.00000
190.40000,76.20000,-0.00048,0.30972,-0.01067,0.00977,0.00000
190.50000,76.24000,-0.00060,0.30933,-0.01149,0.01042,-0.00000
190.60000,76.28000,-0.00070,0.30880,-0.01225,0.01089,0.00000
190.70000,76.32000,-0.00077,0.30816,-0.01290,0.01118,0.00000
190.80000,76.36000,-0.00082,0.30741,-0.01337,0.01132,0.00000
190.90000,76.40000,-0.00084,0.30657,-0.01363,0.01131,0.00000
191.00000,76.44000,-0.00085,0.30566,-0.01362,0.01117,0.00000
191.10000,76.48000,-0.00084,0.30469,-0.01332,0.01092,0.00000
191.20000,76.52000,-0.00083,0.30369,-0.01270,0.01058,0.00000
191.30000,76.56000,-0.00081,0.30266,-0.01175,0.01015,0.00000
191.40000,76.60000,-0.00080,0.30162,-0.01050,0.00964,-0.00000
191.50000,76.64000,-0.00081,0.30060,-0.00897,0.00905,0.00000
191.60000,76.68000,-0.00084,0.29960,-0.00720,0.00838,-0.00000
191.70000,76.72000,-0.00090,0.29864,-0.00528,0.00761,0.00000
191.80000,76.76000,-0.00101,0.29773,-0.00326,0.00675,0.00000
191.90000,76.80000,-0.00116,0.29689,-0.00123,0.00577,0.00000
192.00000,76.84000,-0.00136,0.29612,0.00073,0.00468,0.00000
192.10000,76.88000,-0.00162,0.29544,0.00254,0.00347,0.00000
192.20000,76.92000,-0.00194,0.29485,0.00413,0.00214,0.00000
192.30000,76.96000,-0.00231,0.29437,0.00544,0.00071,0.00000
192.40000,77.00000,-0.00273,0.29399,0.00644,-0.00082,0.00000
192.50000,77.04000,-0.00320,0.29372,0.00709,-0.00241,0.00000
192.60000,77.08000,-0.00370,0.29357,0.00740,-0.00403,-0.00000
192.70000,77.12000,-0.00423,0.29353,0.00739,-0.00564,0.00000
192.80000,77.16000,-0.00478,0.29360,0.00709,-0.00718,0.00000
192.90000,77.20000,-0.00533,0.29378,0.00656,-0.00860,0.00000
193.00000,77.24000,-0.00587,0.29407,0.00586,-0.00985,0.00000
193.10000,77.28000,-0.00639,0.29446,0.00506,-0.01087,0.00000
193.20000,77.32000,-0.00686,0.29494,0.00424,-0.01161,0.00000
193.30000,77.36000,-0.00728,0.29550,0.00347,-0.01205,0.00000
193.40000,77.40000,-0.00763,0.29613,0.00282,-0.01214,0.00000
193.50000,77.44000,-0.00791,0.29681,0.00233,-0.01188,-0.00000
193.60000,77.48000,-0.00809,0.29753,0.00205,-0.01127,0.00000
193.70000,77.52000,-0.00817,0.29828,0.00201,-0.01033,0.00000
193.80000,77.56000,-0.00815,0.29904,0.00219,-0.00909,0.00000
193.90000,77.60000,-0.00801,0.29980,0.00260,-0.00760,0.00000
194.00000,77.64000,-0.00775,0.30053,0.00321,-0.00592,0.00000
194.10000,77.68000,-0.00737,0.30123,0.00397,-0.00413,0.00000
194.20000,77.72000,-0.00686,0.30188,0.00483,-0.00229,0.00000
194.30000,77.76000,-0.00624,0.30247,0.00575,-0.00050,0.00000
194.40000,77.80000,-0.00549,0.30298,0.00667,0.00119,0.00000
194.50000,77.84000,-0.00462,0.30342,0.00752,0.00270,0.00000
194.60000,77.88000,-0.00364,0.30377,0.00828,0.00398,-0.00000
194.70000,77.92000,-0.00255,0.30402,0.00889,0.00498,0.00000
194.80000,77.96000,-0.00136,0.30418,0.00935,0.00570,0.00000
194.90000,78.00000,-0.00008,0.30424,0.00962,0.00611,0.00000
195.00000,78.04000,0.00128,0.30420,0.00971,0.00624,0.00000
195.10000,78.08000,0.00270,0.30406,0.00963,0.00612,0.00000
195.20000,78.12000,0.00417,0.30383,0.00939,0.00578,-0.00000
195.30000,78.16000,0.00566,0.30352,0.00903,0.00529,-0.00000
195.40000,78.20000,0.00716,0.30312,0.00856,0.00470,0.00000
195.50000,78.24000,0.00865,0.30265,0.00802,0.00407,0.00000
195.60000,78.28000,0.01010,0.30212,0.00742,0.00347,0.00000
195.70000,78.32000,0.01148,0.30154,0.00680,0.00295,0.00000
195.80000,78.36000,0.01277,0.30092,0.00615,0.00255,0.00000
195.90000,78.40000,0.01394,0.30027,0.00549,0.00229,0.00000
196.00000,78.44000,0.01496,0.29961,0.00480,0.00220,0.00000
196.10000,78.48000,0.01582,0.29895,0.00408,0.00226,0.00000
196.20000,78.52000,0.01648,0.29831,0.00330,0.00246,0.00000
196.30000,78.56000,0.01693,0.29770,0.00245,0.00277,-0.00000
196.40000,78.60000,0.01715,0.29714,0.00151,0.00314,-0.00000
196.50000,78.64000,0.01713,0.29664,0.00044,0.00351,0.00000
196.60000,78.68000,0.01686,0.29622,-0.00076,0.00384,-0.00000
196.70000,78.72000,0.01634,0.29588,-0.00210,0.00407,0.00000
196.80000,78.76000,0.01557,0.29565,-0.00358,0.00415,-0.00000
196.90000,78.80000,0.01455,0.29552,-0.00519,0.00405,-0.00000
197.00000,78.84000,0.01331,0.29551,-0.00690,0.00374,0.00000
197.10000,78.88000,0.01185,0.29562,-0.00867,0.00321,0.00000
197.20000,78.92000,0.01021,0.29585,-0.01046,0.00246,-0.00000
197.30000,78.96000,0.00840,0.29620,-0.01221,0.00153,0.00000
197.40000,79.00000,0.00645,0.29667,-0.01386,0.00045,0.00000
197.50000,79.04000,0.00441,0.29724,-0.01536,-0.00074,-0.00000
197.60000,79.08000,0.00229,0.29790,-0.01663,-0.00196,0.00000
197.70000,79.12000,0.00013,0.29865,-0.01763,-0.00315,-0.00000
197.80000,79.16000,-0.00203,0.29946,-0.01832,-0.00426,0.00000
197.90000,79.20000,-0.00416,0.30031,-0.01866,-0.00521,-0.00000
198.00000,79.24000,-0.00623,0.30119,-0.01863,-0.00596,-0.00000
198.10000,79.28000,-0.00821,0.30208,-0.01823,-0.00647,-0.00000
198.20000,79.32000,-0.01008,0.30295,-0.01747,-0.00670,0.00000
198.30000,79.36000,-0.01182,0.30379,-0.01637,-0.00666,-0.00000
198.40000,79.40000,-0.01339,0.30457,-0.01498,-0.00635,0.00000
198.50000,79.44000,-0.01479,0.30527,-0.01335,-0.00581,0.00000
198.60000,79.48000,-0.01600,0.30589,-0.01152,-0.00506,0.00000
198.70000,79.52000,-0.01701,0.30640,-0.00957,-0.00417,0.00000
198.80000,79.56000,-0.01782,0.30679,-0.00755,-0.00319,0.00000
198.90000,79.60000,-0.01842,0.30705,-0.00551,-0.00220,0.00000
199.00000,79.64000,-0.01880,0.30718,-0.00352,-0.00126,0.00000
199.10000,79.68000,-0.01898,0.30718,-0.00161,-0.00043,-0.00000
199.20000,79.72000,-0.01894,0.30703,0.00018,0.00023,0.00000
199.30000,79.76000,-0.01870,0.30676,0.00183,0.00068,0.00000
199.40000,79.80000,-0.01826,0.30635,0.00334,0.00090,0.00000
199.50000,79.84000,-0.01764,0.30582,0.00469,0.00088,0.00000
199.60000,79.88000,-0.01683,0.30518,0.00590,0.00062,-0.00000
199.70000,79.92000,-0.01585,0.30444,0.00698,0.00015,0.00000
199.80000,79.96000,-0.01472,0.30362,0.00796,-0.00050,-0.00000
199.90000,80.00000,-0.01344,0.30273,0.00885,-0.00128,-0.00000
200.00000,80.04000,-0.01203,0.30178,0.00968,-0.00213,0.00000
200.10000,80.08000,-0.01051,0.30080,0.01046,-0.00298,0.00000
200.20000,80.12000,-0.00890,0.29980,0.01122,-0.00377,0.00000
200.30000,80.16000,-0.00721,0.29881,0.01195,-0.00444,-0.00000
200.40000,80.20000,-0.00546,0.29783,0.01266,-0.00494,0.00000
200.50000,80.24000,-0.00367,0.29689,0.01335,-0.00522,0.00000
200.60000,80.28000,-0.00186,0.29600,0.01399,-0.00525,0.00000
200.70000,80.32000,-0.00005,0.29519,0.01457,-0.00500,0.00000
200.80000,80.36000,0.00174,0.29445,0.01506,-0.00446,0.00000
200.90000,80.40000,0.00349,0.29381,0.01543,-0.00365,0.00000
201.00000,80.44000,0.00518,0.29326,0.01567,-0.00259,0.00000
201.10000,80.48000,0.00680,0.29282,0.01573,-0.00130,0.00000
201.20000,80.52000,0.00833,0.29249,0.01560,0.00017,0.00000
201.30000,80.56000,0.00975,0.29227,0.01526,0.00176,0.00000
201.40000,80.60000,0.01105,0.29215,0.01470,0.00344,-0.00000
201.50000,80.64000,0.01222,0.29212,0.01390,0.00512,0.00000
201.60000,80.68000,0.01326,0.29219,0.01287,0.00676,0.00000
201.70000,80.72000,0.01415,0.29232,0.01163,0.00831,-0.00000
201.80000,80.76000,0.01489,0.29252,0.01019,0.00970,0.00000
201.90000,80.80000,0.01548,0.29277,0.00857,0.01088,0.00000
202.00000,80.84000,0.01592,0.29305,0.00680,0.01182,-0.00000
202.10000,80.88000,0.01621,0.29335,0.00492,0.01249,0.00000
202.20000,80.92000,0.01635,0.29367,0.00295,0.01285,-0.00000
202.30000,80.96000,0.01633,0.29398,0.00094,0.01290,0.00000
202.40000,81.00000,0.01618,0.29428,-0.00108,0.01262,0.00000
202.50000,81.04000,0.01589,0.29458,-0.00309,0.01202,0.00000
202.60000,81.08000,0.01547,0.29486,-0.00504,0.01112,0.00000
202.70000,81.12000,0.01493,0.29514,-0.00691,0.00994,0.00000
202.80000,81.16000,0.01426,0.29542,-0.00868,0.00850,0.00000
202.90000,81.20000,0.01349,0.29571,-0.01033,0.00685,-0.00000
203.00000,81.24000,0.01261,0.29603,-0.01184,0.00503,0.00000
203.10000,81.28000,0.01164,0.29639,-0.01320,0.00310,0.00000
203.20000,81.32000,0.01058,0.29682,-0.01440,0.00112,-0.00000
203.30000,81.36000,0.00944,0.29732,-0.01543,-0.00087,0.00000
203.40000,81.40000,0.00822,0.29792,-0.01630,-0.00279,0.00000
203.50000,81.44000,0.00694,0.29864,-0.01698,-0.00458,0.00000
203.60000,81.48000,0.00561,0.29948,-0.01749,-0.00620,-0.00000
203.70000,81.52000,0.00423,0.30045,-0.01781,-0.00759,0.00000
203.80000,81.56000,0.00282,0.30157,-0.01795,-0.00872,0.00000
203.90000,81.60000,0.00138,0.30283,-0.01789,-0.00955,0.00000
204.00000,81.64000,-0.00007,0.30422,-0.01765,-0.01006,0.00000
204.10000,81.68000,-0.00152,0.30572,-0.01721,-0.01026,0.00000
204.20000,81.72000,-0.00296,0.30733,-0.01658,-0.01015,0.00000
204.30000,81.76000,-0.00437,0.30901,-0.01575,-0.00976,-0.00000
204.40000,81.80000,-0.00575,0.31073,-0.01472,-0.00912,0.00000
204.50000,81.84000,-0.00707,0.31246,-0.01350,-0.00828,-0.00000
204.60000,81.88000,-0.00832,0.31416,-0.01209,-0.00730,0.00000
204.70000,81.92000,-0.00950,0.31578,-0.01049,-0.00624,0.00000
204.80000,81.96000,-0.01058,0.31728,-0.00873,-0.00517,0.00000
204.90000,82.00000,-0.01155,0.31861,-0.00680,-0.00415,0.00000
205.00000,82.04000,-0.01240,0.31973,-0.00473,-0.00323,0.00000
205.10000,82.08000,-0.01313,0.32060,-0.00254,-0.00247,-0.00000
205.20000,82.12000,-0.01372,0.32119,-0.00024,-0.00190,0.00000
205.30000,82.16000,-0.01416,0.32145,0.00212,-0.00156,0.00000
205.40000,82.20000,-0.01445,0.32136,0.00452,-0.00144,0.00000
205.50000,82.24000,-0.01459,0.32090,0.00693,-0.00153,0.00000
205.60000,82.28000,-0.01457,0.32005,0.00931,-0.00183,-0.00000
205.70000,82.32000,-0.01440,0.31883,0.01161,-0.00228,0.00000
205.80000,82.36000,-0.01408,0.31721,0.01380,-0.00285,0.00000
205.90000,82.40000,-0.01361,0.31523,0.01583,-0.00348,0.00000
206.00000,82.44000,-0.01299,0.31289,0.01767,-0.00410,0.00000
206.10000,82.48000,-0.01225,0.31023,0.01927,-0.00466,0.00000
206.20000,82.52000,-0.01138,0.30729,0.02059,-0.00509,0.00000
206.30000,82.56000,-0.01041,0.30410,0.02160,-0.00535,-0.00000
206.40000,82.60000,-0.00934,0.30072,0.02227,-0.00540,0.00000
206.50000,82.64000,-0.00818,0.29720,0.02258,-0.00520,0.00000
206.60000,82.68000,-0.00696,0.29359,0.02251,-0.00476,0.00000
206.70000,82.72000,-0.00568,0.28997,0.02207,-0.00406,0.00000
206.80000,82.76000,-0.00437,0.28639,0.02124,-0.00313,-0.00000
206.90000,82.80000,-0.00304,0.28291,0.02005,-0.00200,-0.00000
207.00000,82.84000,-0.00170,0.27960,0.01851,-0.00071,0.00000
207.10000,82.88000,-0.00038,0.27652,0.01667,0.00070,0.00000
207.20000,82.92000,0.00092,0.27373,0.01455,0.00217,0.00000
207.30000,82.96000,0.00217,0.27127,0.01221,0.00365,-0.00000
207.40000,83.00000,0.00336,0.26919,0.00971,0.00508,0.00000
207.50000,83.04000,0.00448,0.26753,0.00709,0.00642,0.00000
207.60000,83.08000,0.00552,0.26632,0.00443,0.00763,0.00000
207.70000,83.12000,0.00645,0.26558,0.00178,0.00868,-0.00000
207.80000,83.16000,0.00727,0.26534,-0.00081,0.00956,0.00000
207.90000,83.20000,0.00798,0.26560,-0.00326,0.01025,0.00000
208.00000,83.24000,0.00856,0.26635,-0.00555,0.01075,-0.00000
208.10000,83.28000,0.00900,0.26758,-0.00762,0.01109,0.00000
208.20000,83.32000,0.00931,0.26929,-0.00945,0.01127,0.00000
208.30000,83.36000,0.00947,0.27144,-0.01101,0.01130,0.00000
208.40000,83.40000,0.00949,0.27400,-0.01230,0.01122,0.00000
208.50000,83.44000,0.00938,0.27694,-0.01331,0.01104,-0.00000
208.60000,83.48000,0.00913,0.28021,-0.01406,0.01077,-0.00000
208.70000,83.52000,0.00874,0.28377,-0.01457,0.01042,0.00000
208.80000,83.56000,0.00824,0.28757,-0.01485,0.01000,0.00000
208.90000,83.60000,0.00763,0.29156,-0.01495,0.00950,0.00000
209.00000,83.64000,0.00692,0.29568,-0.01489,0.00892,0.00000
209.10000,83.68000,0.00613,0.29989,-0.01473,0.00823,0.00000
209.20000,83.72000,0.00527,0.30413,-0.01448,0.00743,0.00000
209.30000,83.76000,0.00436,0.30835,-0.01419,0.00650,0.00000
209.40000,83.80000,0.00343,0.31249,-0.01389,0.00543,0.00000
209.50000,83.84000,0.00248,0.31652,-0.01360,0.00420,0.00000
209.60000,83.88000,0.00155,0.32037,-0.01334,0.00282,0.00000
209.70000,83.92000,0.00064,0.32400,-0.01311,0.00130,0.00000
209.80000,83.96000,-0.00021,0.32736,-0.01293,-0.00035,0.00000
209.90000,84.00000,-0.00099,0.33042,-0.01278,-0.00210,0.00000
210.00000,84.04000,-0.00169,0.33314,-0.01266,-0.00392,0.00000
210.10000,84.08000,-0.00229,0.33547,-0.01253,-0.00575,0.00000
210.20000,84.12000,-0.00278,0.33738,-0.01238,-0.00756,0.00000
210.30000,84.16000,-0.00314,0.33885,-0.01217,-0.00928,-0.00000
210.40000,84.20000,-0.00337,0.33984,-0.01189,-0.01087,0.00000
210.50000,84.24000,-0.00346,0.34034,-0.01148,-0.01228,0.00000
210.60000,84.28000,-0.00342,0.34034,-0.01093,-0.01345,0.00000
210.70000,84.32000,-0.00323,0.33982,-0.01020,-0.01435,0.00000
210.80000,84.36000,-0.00292,0.33878,-0.00928,-0.01496,0.00000
210.90000,84.40000,-0.00248,0.33724,-0.00813,-0.01526,-0.00000
211.00000,84.44000,-0.00193,0.33519,-0.00676,-0.01524,0.00000
211.10000,84.48000,-0.00128,0.33267,-0.00516,-0.01492,0.00000
211.20000,84.52000,-0.00055,0.32971,-0.00333,-0.01432,0.00000
211.30000,84.56000,0.00024,0.32633,-0.00129,-0.01347,0.00000
211.40000,84.60000,0.00108,0.32258,0.00095,-0.01240,-0.00000
211.50000,84.64000,0.00195,0.31852,0.00336,-0.01116,0.00000
211.60000,84.68000,0.00281,0.31421,0.00589,-0.00978,0.00000
211.70000,84.72000,0.00365,0.30969,0.00852,-0.00832,-0.00000
211.80000,84.76000,0.00446,0.30504,0.01119,-0.00681,0.00000
211.90000,84.80000,0.00520,0.30032,0.01386,-0.00529,-0.00000
212.00000,84.84000,0.00586,0.29561,0.01647,-0.00378,0.00000
212.10000,84.88000,0.00642,0.29097,0.01897,-0.00232,0.00000
212.20000,84.92000,0.00687,0.28647,0.02132,-0.00091,0.00000
212.30000,84.96000,0.00719,0.28217,0.02346,0.00043,-0.00000
212.40000,85.00000,0.00738,0.27814,0.02534,0.00170,0.00000
212.50000,85.04000,0.00743,0.27442,0.02693,0.00289,-0.00000
212.60000,85.08000,0.00734,0.27108,0.02820,0.00400,0.00000
212.70000,85.12000,0.00710,0.26814,0.02910,0.00505,0.00000
212.80000,85.16000,0.00671,0.26566,0.02962,0.00602,-0.00000
212.90000,85.20000,0.00619,0.26365,0.02974,0.00691,0.00000
213.00000,85.24000,0.00553,0.26214,0.02945,0.00771,0.00000
213.10000,85.28000,0.00475,0.26113,0.02874,0.00843,0.00000
213.20000,85.32000,0.00386,0.26064,0.02762,0.00904,0.00000
213.30000,85.36000,0.00286,0.26066,0.02608,0.00954,0.00000
213.40000,85.40000,0.00179,0.26119,0.02415,0.00991,0.00000
213.50000,85.44000,0.00064,0.26219,0.02184,0.01013,-0.00000
213.60000,85.48000,-0.00057,0.26366,0.01917,0.01021,-0.00000
213.70000,85.52000,-0.00182,0.26555,0.01617,0.01013,0.00000
213.80000,85.56000,-0.00309,0.26785,0.01285,0.00989,-0.00000
213.90000,85.60000,-0.00437,0.27050,0.00926,0.00949,0.00000
214.00000,85.64000,-0.00565,0.27347,0.00544,0.00896,-0.00000
214.10000,85.68000,-0.00690,0.27670,0.00143,0.00831,0.00000
214.20000,85.72000,-0.00813,0.28016,-0.00273,0.00755,-0.00000
214.30000,85.76000,-0.00930,0.28378,-0.00698,0.00673,0.00000
214.40000,85.80000,-0.01041,0.28752,-0.01126,0.00587,0.00000
214.50000,85.84000,-0.01144,0.29132,-0.01551,0.00501,0.00000
214.60000,85.88000,-0.01238,0.29513,-0.01965,0.00417,0.00000
214.70000,85.92000,-0.01322,0.29889,-0.02362,0.00338,0.00000
214.80000,85.96000,-0.01394,0.30256,-0.02733,0.00266,0.00000
214.90000,86.00000,-0.01454,0.30609,-0.03070,0.00202,0.00000
215.00000,86.04000,-0.01500,0.30944,-0.03365,0.00148,0.00000
215.10000,86.08000,-0.01531,0.31256,-0.03611,0.00102,0.00000
215.20000,86.12000,-0.01546,0.31542,-0.03801,0.00064,0.00000
215.30000,86.16000,-0.01546,0.31800,-0.03928,0.00032,-0.00000
215.40000,86.20000,-0.01529,0.32026,-0.03988,0.00004,0.00000
215.50000,86.24000,-0.01494,0.32220,-0.03976,-0.00024,0.00000
215.60000,86.28000,-0.01443,0.32380,-0.03891,-0.00052,0.00000
215.70000,86.32000,-0.01374,0.32506,-0.03733,-0.00085,0.00000
215.80000,86.36000,-0.01288,0.32597,-0.03503,-0.00124,0.00000
215.90000,86.40000,-0.01187,0.32655,-0.03207,-0.00171,0.00000
216.00000,86.44000,-0.01070,0.32681,-0.02850,-0.00227,0.00000
216.10000,86.48000,-0.00938,0.32675,-0.02441,-0.00291,0.00000
216.20000,86.52000,-0.00794,0.32641,-0.01990,-0.00363,-0.00000
216.30000,86.56000,-0.00638,0.32580,-0.01508,-0.00440,0.00000
216.40000,86.60000,-0.00472,0.32495,-0.01008,-0.00522,0.00000
216.50000,86.64000,-0.00298,0.32388,-0.00503,-0.00605,0.00000
216.60000,86.68000,-0.00117,0.32262,-0.00006,-0.00685,0.00000
216.70000,86.72000,0.00068,0.32120,0.00471,-0.00761,0.00000
216.80000,86.76000,0.00256,0.31964,0.00915,-0.00828,0.00000
216.90000,86.80000,0.00444,0.31796,0.01317,-0.00884,0.00000
217.00000,86.84000,0.00631,0.31620,0.01668,-0.00927,0.00000
217.10000,86.88000,0.00815,0.31437,0.01962,-0.00956,0.00000
217.20000,86.92000,0.00993,0.31249,0.02195,-0.00970,0.00000
217.30000,86.96000,0.01165,0.31059,0.02367,-0.00969,0.00000
217.40000,87.00000,0.01329,0.30867,0.02477,-0.00953,0.00000
217.50000,87.04000,0.01482,0.30677,0.02529,-0.00923,0.00000
217.60000,87.08000,0.01623,0.30488,0.02529,-0.00882,0.00000
217.70000,87.12000,0.01752,0.30304,0.02483,-0.00829,0.00000
217.80000,87.16000,0.01866,0.30124,0.02400,-0.00768,0.00000
217.90000,87.20000,0.01964,0.29950,0.02287,-0.00698,0.00000
218.00000,87.24000,0.02046,0.29784,0.02153,-0.00620,0.00000
218.10000,87.28000,0.02109,0.29625,0.02006,-0.00536,0.00000
218.20000,87.32000,0.02152,0.29476,0.01854,-0.00443,-0.00000
218.30000,87.36000,0.02176,0.29337,0.01704,-0.00343,-0.00000
218.40000,87.40000,0.02179,0.29209,0.01559,-0.00234,-0.00000
218.50000,87.44000,0.02160,0.29093,0.01423,-0.00115,0.00000
218.60000,87.48000,0.02120,0.28988,0.01297,0.00015,0.00000
218.70000,87.52000,0.02057,0.28895,0.01182,0.00157,0.00000
218.80000,87.56000,0.01973,0.28815,0.01075,0.00310,0.00000
218.90000,87.60000,0.01867,0.28747,0.00975,0.00472,-0.00000
219.00000,87.64000,0.01740,0.28691,0.00878,0.00643,0.00000
219.10000,87.68000,0.01594,0.28647,0.00781,0.00819,0.00000
219.20000,87.72000,0.01429,0.28614,0.00679,0.00996,0.00000
219.30000,87.76000,0.01248,0.28593,0.00569,0.01167,0.00000
219.40000,87.80000,0.01052,0.28581,0.00449,0.01328,-0.00000
219.50000,87.84000,0.00844,0.28580,0.00318,0.01470,0.00000
219.60000,87.88000,0.00625,0.28588,0.00173,0.01587,-0.00000
219.70000,87.92000,0.00400,0.28604,0.00018,0.01673,0.00000
219.80000,87.96000,0.00170,0.28629,-0.00148,0.01720,-0.00000
219.90000,88.00000,-0.00062,0.28662,-0.00319,0.01724,-0.00000
220.00000,88.04000,-0.00293,0.28702,-0.00493,0.01682,0.00000
220.10000,88.08000,-0.00519,0.28750,-0.00663,0.01591,0.00000
220.20000,88.12000,-0.00740,0.28806,-0.00825,0.01452,0.00000
220.30000,88.16000,-0.00951,0.28869,-0.00974,0.01268,0.00000
220.40000,88.20000,-0.01151,0.28940,-0.01103,0.01043,-0.00000
220.50000,88.24000,-0.01338,0.29018,-0.01208,0.00784,0.00000
220.60000,88.28000,-0.01511,0.29104,-0.01286,0.00501,0.00000
220.70000,88.32000,-0.01668,0.29197,-0.01334,0.00203,0.00000
220.80000,88.36000,-0.01808,0.29298,-0.01349,-0.00100,0.00000
220.90000,88.40000,-0.01930,0.29406,-0.01332,-0.00395,-0.00000
221.00000,88.44000,-0.02034,0.29521,-0.01284,-0.00672,0.00000
221.10000,88.48000,-0.02120,0.29641,-0.01206,-0.00920,0.00000
221.20000,88.52000,-0.02187,0.29766,-0.01101,-0.01132,0.00000
221.30000,88.56000,-0.02236,0.29894,-0.00975,-0.01299,0.00000
221.40000,88.60000,-0.02268,0.30024,-0.00831,-0.01418,0.00000
221.50000,88.64000,-0.02282,0.30154,-0.00674,-0.01486,0.00000
221.60000,88.68000,-0.02279,0.30282,-0.00511,-0.01503,0.00000
221.70000,88.72000,-0.02259,0.30406,-0.00346,-0.01471,0.00000
221.80000,88.76000,-0.02224,0.30524,-0.00184,-0.01395,0.00000
221.90000,88.80000,-0.02173,0.30634,-0.00031,-0.01280,-0.00000
222.00000,88.84000,-0.02106,0.30734,0.00110,-0.01135,-0.00000
222.10000,88.88000,-0.02025,0.30822,0.00235,-0.00968,0.00000
222.20000,88.92000,-0.01930,0.30897,0.00340,-0.00788,0.00000
222.30000,88.96000,-0.01820,0.30957,0.00423,-0.00603,0.00000
222.40000,89.00000,-0.01697,0.31001,0.00482,-0.00422,0.00000
222.50000,89.04000,-0.01561,0.31029,0.00517,-0.00251,0.00000
222.60000,89.08000,-0.01411,0.31041,0.00526,-0.00097,0.00000
222.70000,89.12000,-0.01249,0.31037,0.00510,0.00036,0.00000
222.80000,89.16000,-0.01075,0.31017,0.00469,0.00145,-0.00000
222.90000,89.20000,-0.00890,0.30983,0.00404,0.00229,0.00000
223.00000,89.24000,-0.00693,0.30936,0.00318,0.00288,0.00000
223.10000,89.28000,-0.00487,0.30878,0.00212,0.00323,-0.00000
223.20000,89.32000,-0.00272,0.30810,0.00090,0.00336,0.00000
223.30000,89.36000,-0.00049,0.30735,-0.00045,0.00330,0.00000
223.40000,89.40000,0.00181,0.30654,-0.00188,0.00309,0.00000
223.50000,89.44000,0.00416,0.30570,-0.00335,0.00276,-0.00000
223.60000,89.48000,0.00655,0.30484,-0.00481,0.00234,0.00000
223.70000,89.52000,0.00895,0.30399,-0.00620,0.00187,0.00000
223.80000,89.56000,0.01135,0.30316,-0.00748,0.00136,0.00000
223.90000,89.60000,0.01372,0.30236,-0.00858,0.00085,0.00000
224.00000,89.64000,0.01605,0.30161,-0.00946,0.00036,-0.00000
224.10000,89.68000,0.01829,0.30092,-0.01009,-0.00011,-0.00000
224.20000,89.72000,0.02043,0.30029,-0.01041,-0.00054,0.00000
224.30000,89.76000,0.02244,0.29972,-0.01041,-0.00092,0.00000
224.40000,89.80000,0.02429,0.29923,-0.01008,-0.00124,0.00000
224.50000,89.84000,0.02595,0.29880,-0.00942,-0.00148,0.00000
224.60000,89.88000,0.02739,0.29845,-0.00843,-0.00165,0.00000
224.70000,89.92000,0.02858,0.29816,-0.00716,-0.00172,0.00000
224.80000,89.96000,0.02950,0.29793,-0.00564,-0.00169,-0.00000
224.90000,90.00000,0.03012,0.29776,-0.00393,-0.00154,0.00000
225.00000,90.04000,0.03042,0.29764,-0.00209,-0.00127,0.00000
225.10000,90.08000,0.03039,0.29757,-0.00019,-0.00086,-0.00000
225.20000,90.12000,0.03000,0.29755,0.00170,-0.00033,0.00000
225.30000,90.16000,0.02925,0.29756,0.00351,0.00034,-0.00000
225.40000,90.20000,0.02814,0.29761,0.00518,0.00112,-0.00000
225.50000,90.24000,0.02666,0.29769,0.00665,0.00199,0.00000
225.60000,90.28000,0.02483,0.29781,0.00787,0.00294,-0.00000
225.70000,90.32000,0.02266,0.29794,0.00883,0.00392,0.00000
225.80000,90.36000,0.02016,0.29810,0.00949,0.00490,0.00000
225.90000,90.40000,0.01737,0.29827,0.00987,0.00583,0.00000
226.00000,90.44000,0.01430,0.29845,0.00998,0.00665,0.00000
226.10000,90.48000,0.01101,0.29864,0.00985,0.00734,-0.00000
226.20000,90.52000,0.00751,0.29883,0.00954,0.00783,-0.00000
226.30000,90.56000,0.00387,0.29901,0.00908,0.00811,0.00000
226.40000,90.60000,0.00012,0.29919,0.00854,0.00813,0.00000
226.50000,90.64000,-0.00369,0.29935,0.00797,0.00788,0.00000
226.60000,90.68000,-0.00751,0.29948,0.00743,0.00737,-0.00000
226.70000,90.72000,-0.01128,0.29959,0.00696,0.00660,0.00000
226.80000,90.76000,-0.01496,0.29968,0.00661,0.00560,0.00000
226.90000,90.80000,-0.01849,0.29974,0.00640,0.00440,0.00000
227.00000,90.84000,-0.02183,0.29976,0.00633,0.00306,0.00000
227.10000,90.88000,-0.02493,0.29976,0.00641,0.00161,-0.00000
227.20000,90.92000,-0.02775,0.29974,0.00662,0.00014,0.00000
227.30000,90.96000,-0.03023,0.29970,0.00692,-0.00132,0.00000
227.40000,91.00000,-0.03236,0.29966,0.00728,-0.00269,-0.00000
227.50000,91.04000,-0.03408,0.29961,0.00765,-0.00394,-0.00000
227.60000,91.08000,-0.03537,0.29956,0.00797,-0.00501,0.00000
227.70000,91.12000,-0.03621,0.29954,0.00820,-0.00588,0.00000
227.80000,91.16000,-0.03658,0.29954,0.00828,-0.00653,0.00000
227.90000,91.20000,-0.03646,0.29958,0.00818,-0.00694,0.00000
228.00000,91.24000,-0.03585,0.29966,0.00786,-0.00714,0.00000
228.10000,91.28000,-0.03475,0.29979,0.00731,-0.00713,0.00000
228.20000,91.32000,-0.03316,0.29996,0.00650,-0.00694,0.00000
228.30000,91.36000,-0.03111,0.30018,0.00546,-0.00661,0.00000
228.40000,91.40000,-0.02861,0.30044,0.00419,-0.00615,-0.00000
228.50000,91.44000,-0.02569,0.30073,0.00273,-0.00562,0.00000
228.60000,91.48000,-0.02240,0.30104,0.00111,-0.00504,0.00000
228.70000,91.52000,-0.01877,0.30135,-0.00062,-0.00444,0.00000
228.80000,91.56000,-0.01486,0.30165,-0.00242,-0.00383,0.00000
228.90000,91.60000,-0.01073,0.30191,-0.00422,-0.00323,-0.00000
229.00000,91.64000,-0.00643,0.30212,-0.00600,-0.00264,0.00000
229.10000,91.68000,-0.00204,0.30226,-0.00770,-0.00206,0.00000
229.20000,91.72000,0.00238,0.30229,-0.00927,-0.00148,0.00000
229.30000,91.76000,0.00675,0.30222,-0.01071,-0.00088,0.00000
229.40000,91.80000,0.01101,0.30202,-0.01197,-0.00026,0.00000
229.50000,91.84000,0.01507,0.30168,-0.01304,0.00039,0.00000
229.60000,91.88000,0.01889,0.30120,-0.01391,0.00109,0.00000
229.70000,91.92000,0.02238,0.30058,-0.01459,0.00182,0.00000
229.80000,91.96000,0.02550,0.29982,-0.01508,0.00259,0.00000
229.90000,92.00000,0.02820,0.29894,-0.01537,0.00338,-0.00000
230.00000,92.04000,0.03043,0.29795,-0.01549,0.00415,0.00000
230.10000,92.08000,0.03216,0.29689,-0.01543,0.00488,0.00000
230.20000,92.12000,0.03338,0.29577,-0.01521,0.00552,-0.00000
230.30000,92.16000,0.03406,0.29463,-0.01484,0.00604,0.00000
230.40000,92.20000,0.03421,0.29351,-0.01431,0.00639,-0.00000
230.50000,92.24000,0.03383,0.29244,-0.01364,0.00653,0.00000
230.60000,92.28000,0.03295,0.29146,-0.01283,0.00644,0.00000
230.70000,92.32000,0.03159,0.29061,-0.01187,0.00609,0.00000
230.80000,92.36000,0.02978,0.28992,-0.01077,0.00547,0.00000
230.90000,92.40000,0.02757,0.28942,-0.00954,0.00459,0.00000
231.00000,92.44000,0.02501,0.28914,-0.00819,0.00347,0.00000
231.10000,92.48000,0.02214,0.28909,-0.00671,0.00214,0.00000
231.20000,92.52000,0.01904,0.28930,-0.00513,0.00066,0.00000
231.30000,92.56000,0.01575,0.28976,-0.00347,-0.00092,0.00000
231.40000,92.60000,0.01234,0.29048,-0.00176,-0.00252,0.00000
231.50000,92.64000,0.00885,0.29144,-0.00001,-0.00408,0.00000
231.60000,92.68000,0.00536,0.29265,0.00174,-0.00553,-0.00000
231.70000,92.72000,0.00191,0.29407,0.00346,-0.00680,0.00000
231.80000,92.76000,-0.00145,0.29569,0.00510,-0.00785,-0.00000
231.90000,92.80000,-0.00466,0.29746,0.00665,-0.00862,0.00000
232.00000,92.84000,-0.00770,0.29936,0.00806,-0.00909,0.00000
232.10000,92.88000,-0.01053,0.30135,0.00932,-0.00925,-0.00000
232.20000,92.92000,-0.01311,0.30339,0.01039,-0.00911,0.00000
232.30000,92.96000,-0.01542,0.30543,0.01126,-0.00869,0.00000
232.40000,93.00000,-0.01745,0.30744,0.01193,-0.00803,0.00000
232.50000,93.04000,-0.01918,0.30938,0.01239,-0.00718,0.00000
232.60000,93.08000,-0.02060,0.31120,0.01265,-0.00619,-0.00000
232.70000,93.12000,-0.02171,0.31288,0.01271,-0.00513,0.00000
232.80000,93.16000,-0.02251,0.31438,0.01259,-0.00404,-0.00000
232.90000,93.20000,-0.02300,0.31567,0.01230,-0.00298,0.00000
233.00000,93.24000,-0.02320,0.31673,0.01187,-0.00198,0.00000
233.10000,93.28000,-0.02312,0.31753,0.01132,-0.00109,-0.00000
233.20000,93.32000,-0.02276,0.31807,0.01067,-0.00029,-0.00000
233.30000,93.36000,-0.02215,0.31832,0.00993,0.00040,-0.00000
233.40000,93.40000,-0.02131,0.31830,0.00914,0.00100,0.00000
233.50000,93.44000,-0.02024,0.31799,0.00830,0.00155,-0.00000
233.60000,93.48000,-0.01897,0.31739,0.00743,0.00208,-0.00000
233.70000,93.52000,-0.01753,0.31653,0.00654,0.00264,0.00000
233.80000,93.56000,-0.01592,0.31541,0.00565,0.00327,0.00000
233.90000,93.60000,-0.01418,0.31405,0.00476,0.00402,-0.00000
234.00000,93.64000,-0.01231,0.31247,0.00388,0.00491,0.00000
234.10000,93.68000,-0.01035,0.31069,0.00302,0.00598,0.00000
234.20000,93.72000,-0.00831,0.30875,0.00219,0.00722,0.00000
234.30000,93.76000,-0.00622,0.30667,0.00139,0.00861,0.00000
234.40000,93.80000,-0.00410,0.30448,0.00063,0.01014,0.00000
234.50000,93.84000,-0.00196,0.30221,-0.00007,0.01173,0.00000
234.60000,93.88000,0.00017,0.29991,-0.00072,0.01333,0.00000
234.70000,93.92000,0.00227,0.29759,-0.00130,0.01485,0.00000
234.80000,93.96000,0.00432,0.29531,-0.00180,0.01620,-0.00000
234.90000,94.00000,0.00629,0.29308,-0.00222,0.01728,0.00000
235.00000,94.04000,0.00816,0.29095,-0.00256,0.01800,0.00000
235.10000,94.08000,0.00992,0.28893,-0.00282,0.01827,0.00000
235.20000,94.12000,0.01154,0.28707,-0.00300,0.01802,0.00000
235.30000,94.16000,0.01299,0.28538,-0.00310,0.01721,0.00000
235.40000,94.20000,0.01427,0.28390,-0.00314,0.01578,0.00000
235.50000,94.24000,0.01536,0.28264,-0.00312,0.01376,0.00000
235.60000,94.28000,0.01624,0.28162,-0.00306,0.01115,-0.00000
235.70000,94.32000,0.01690,0.28085,-0.00297,0.00802,-0.00000
235.80000,94.36000,0.01732,0.28036,-0.00287,0.00443,0.00000
235.90000,94.40000,0.01752,0.28013,-0.00276,0.00050,-0.00000
236.00000,94.44000,0.01747,0.28019,-0.00265,-0.00366,0.00000
236.10000,94.48000,0.01720,0.28052,-0.00256,-0.00790,0.00000
236.20000,94.52000,0.01669,0.28113,-0.00249,-0.01209,0.00000
236.30000,94.56000,0.01597,0.28201,-0.00243,-0.01609,0.00000
236.40000,94.60000,0.01503,0.28314,-0.00239,-0.01974,0.00000
236.50000,94.64000,0.01391,0.28450,-0.00236,-0.02293,-0.00000
236.60000,94.68000,0.01262,0.28609,-0.00234,-0.02555,0.00000
236.70000,94.72000,0.01119,0.28788,-0.00233,-0.02751,-0.00000
236.80000,94.76000,0.00963,0.28983,-0.00231,-0.02875,0.00000
236.90000,94.80000,0.00799,0.29192,-0.00228,-0.02923,0.00000
237.00000,94.84000,0.00627,0.29411,-0.00225,-0.02894,0.00000
237.10000,94.88000,0.00452,0.29638,-0.00221,-0.02792,0.00000
237.20000,94.92000,0.00277,0.29868,-0.00218,-0.02621,0.00000
237.30000,94.96000,0.00104,0.30097,-0.00215,-0.02387,0.00000
237.40000,95.00000,-0.00064,0.30323,-0.00215,-0.02101,0.00000
237.50000,95.04000,-0.00225,0.30541,-0.00219,-0.01773,0.00000
237.60000,95.08000,-0.00376,0.30748,-0.00228,-0.01414,-0.00000
237.70000,95.12000,-0.00516,0.30940,-0.00243,-0.01035,0.00000
237.80000,95.16000,-0.00642,0.31115,-0.00267,-0.00648,0.00000
237.90000,95.20000,-0.00752,0.31270,-0.00299,-0.00265,0.00000
238.00000,95.24000,-0.00847,0.31403,-0.00340,0.00105,0.00000
238.10000,95.28000,-0.00926,0.31512,-0.00390,0.00453,0.00000
238.20000,95.32000,-0.00987,0.31595,-0.00447,0.00772,0.00000
238.30000,95.36000,-0.01031,0.31652,-0.00509,0.01056,0.00000
238.40000,95.40000,-0.01059,0.31683,-0.00574,0.01302,0.00000
238.50000,95.44000,-0.01070,0.31687,-0.00638,0.01507,0.00000
238.60000,95.48000,-0.01066,0.31666,-0.00698,0.01671,0.00000
238.70000,95.52000,-0.01048,0.31621,-0.00749,0.01795,-0.00000
238.80000,95.56000,-0.01017,0.31553,-0.00787,0.01880,0.00000
238.90000,95.60000,-0.00974,0.31464,-0.00808,0.01930,0.00000
239.00000,95.64000,-0.00922,0.31356,-0.00810,0.01946,0.00000
239.10000,95.68000,-0.00862,0.31231,-0.00790,0.01933,0.00000
239.20000,95.72000,-0.00795,0.31093,-0.00746,0.01894,0.00000
239.30000,95.76000,-0.00724,0.30943,-0.00678,0.01833,0.00000
239.40000,95.80000,-0.00649,0.30784,-0.00588,0.01752,-0.00000
239.50000,95.84000,-0.00573,0.30619,-0.00477,0.01655,-0.00000
239.60000,95.88000,-0.00497,0.30450,-0.00349,0.01542,0.00000
239.70000,95.92000,-0.00422,0.30280,-0.00208,0.01417,0.00000
239.80000,95.96000,-0.00350,0.30112,-0.00058,0.01281,0.00000
239.90000,96.00000,-0.00281,0.29947,0.00094,0.01135,0.00000
240.00000,96.04000,-0.00215,0.29788,0.00245,0.00979,0.00000
240.10000,96.08000,-0.00155,0.29637,0.00388,0.00815,0.00000
240.20000,96.12000,-0.00099,0.29496,0.00520,0.00645,0.00000
240.30000,96.16000,-0.00048,0.29365,0.00637,0.00468,0.00000
240.40000,96.20000,-0.00002,0.29248,0.00736,0.00287,-0.00000
240.50000,96.24000,0.00039,0.29145,0.00818,0.00103,0.00000
240.60000,96.28000,0.00076,0.29057,0.00881,-0.00080,0.00000
240.70000,96.32000,0.00108,0.28984,0.00927,-0.00261,0.00000
240.80000,96.36000,0.00136,0.28929,0.00958,-0.00436,0.00000
240.90000,96.40000,0.00161,0.28891,0.00978,-0.00603,-0.00000
241.00000,96.44000,0.00183,0.28870,0.00988,-0.00759,-0.00000
241.10000,96.48000,0.00201,0.28866,0.00994,-0.00899,0.00000
241.20000,96.52000,0.00217,0.28879,0.00997,-0.01023,0.00000
241.30000,96.56000,0.00231,0.28909,0.01001,-0.01127,-0.00000
241.40000,96.60000,0.00242,0.28954,0.01007,-0.01209,-0.00000
241.50000,96.64000,0.00251,0.29014,0.01016,-0.01268,0.00000
241.60000,96.68000,0.00258,0.29087,0.01027,-0.01305,0.00000
241.70000,96.72000,0.00263,0.29171,0.01039,-0.01318,0.00000
241.80000,96.76000,0.00265,0.29266,0.01049,-0.01310,0.00000
241.90000,96.80000,0.00266,0.29369,0.01052,-0.01281,0.00000
242.00000,96.84000,0.00265,0.29478,0.01046,-0.01233,0.00000
242.10000,96.88000,0.00262,0.29592,0.01026,-0.01169,-0.00000
242.20000,96.92000,0.00257,0.29709,0.00988,-0.01092,-0.00000
242.30000,96.96000,0.00252,0.29826,0.00927,-0.01004,-0.00000
242.40000,97.00000,0.00245,0.29941,0.00843,-0.00908,0.00000
242.50000,97.04000,0.00239,0.30054,0.00733,-0.00806,0.00000
242.60000,97.08000,0.00233,0.30162,0.00598,-0.00699,0.00000
242.70000,97.12000,0.00228,0.30263,0.00439,-0.00590,0.00000
242.80000,97.16000,0.00225,0.30357,0.00261,-0.00479,0.00000
242.90000,97.20000,0.00224,0.30442,0.00069,-0.00367,-0.00000
243.00000,97.24000,0.00226,0.30518,-0.00131,-0.00254,0.00000
243.10000,97.28000,0.00232,0.30583,-0.00333,-0.00139,0.00000
243.20000,97.32000,0.00241,0.30636,-0.00527,-0.00022,-0.00000
243.30000,97.36000,0.00255,0.30678,-0.00707,0.00096,-0.00000
243.40000,97.40000,0.00273,0.30707,-0.00865,0.00217,0.00000
243.50000,97.44000,0.00294,0.30725,-0.00995,0.00341,-0.00000
243.60000,97.48000,0.00320,0.30731,-0.01092,0.00465,0.00000
243.70000,97.52000,0.00348,0.30724,-0.01154,0.00589,0.00000
243.80000,97.56000,0.00378,0.30706,-0.01178,0.00710,0.00000
243.90000,97.60000,0.00409,0.30678,-0.01166,0.00826,-0.00000
244.00000,97.64000,0.00441,0.30639,-0.01121,0.00933,0.00000
244.10000,97.68000,0.00470,0.30590,-0.01048,0.01028,0.00000
244.20000,97.72000,0.00498,0.30533,-0.00951,0.01106,0.00000
244.30000,97.76000,0.00521,0.30468,-0.00840,0.01163,-0.00000
244.40000,97.80000,0.00539,0.30398,-0.00721,0.01195,0.00000
244.50000,97.84000,0.00550,0.30322,-0.00603,0.01200,0.00000
244.60000,97.88000,0.00554,0.30242,-0.00493,0.01174,0.00000
244.70000,97.92000,0.00550,0.30161,-0.00398,0.01117,-0.00000
244.80000,97.96000,0.00535,0.30079,-0.00322,0.01029,0.00000
244.90000,98.00000,0.00511,0.29998,-0.00270,0.00911,0.00000
245.00000,98.04000,0.00477,0.29919,-0.00243,0.00766,-0.00000
245.10000,98.08000,0.00433,0.29845,-0.00241,0.00598,0.00000
245.20000,98.12000,0.00377,0.29775,-0.00263,0.00414,0.00000
245.30000,98.16000,0.00312,0.29713,-0.00305,0.00219,0.00000
245.40000,98.20000,0.00237,0.29658,-0.00362,0.00022,0.00000
245.50000,98.24000,0.00154,0.29611,-0.00429,-0.00170,0.00000
245.60000,98.28000,0.00061,0.29574,-0.00500,-0.00351,0.00000
245.70000,98.32000,-0.00038,0.29548,-0.00568,-0.00512,0.00000
245.80000,98.36000,-0.00144,0.29531,-0.00629,-0.00649,0.00000
245.90000,98.40000,-0.00255,0.29525,-0.00676,-0.00756,0.00000
246.00000,98.44000,-0.00370,0.29529,-0.00706,-0.00830,-0.00000
246.10000,98.48000,-0.00487,0.29544,-0.00717,-0.00871,0.00000
246.20000,98.52000,-0.00606,0.29567,-0.00707,-0.00878,0.00000
246.30000,98.56000,-0.00724,0.29600,-0.00676,-0.00854,0.00000
246.40000,98.60000,-0.00840,0.29641,-0.00627,-0.00803,0.00000
246.50000,98.64000,-0.00953,0.29689,-0.00560,-0.00730,0.00000
246.60000,98.68000,-0.01059,0.29742,-0.00479,-0.00641,0.00000
246.70000,98.72000,-0.01158,0.29801,-0.00388,-0.00543,0.00000
246.80000,98.76000,-0.01247,0.29863,-0.00291,-0.00443,-0.00000
246.90000,98.80000,-0.01325,0.29927,-0.00190,-0.00347,0.00000
247.00000,98.84000,-0.01389,0.29992,-0.00089,-0.00261,0.00000
247.10000,98.88000,-0.01438,0.30057,0.00011,-0.00189,0.00000
247.20000,98.92000,-0.01469,0.30119,0.00107,-0.00134,0.00000
247.30000,98.96000,-0.01482,0.30179,0.00200,-0.00097,0.00000
247.40000,99.00000,-0.01475,0.30234,0.00290,-0.00079,0.00000
247.50000,99.04000,-0.01446,0.30283,0.00377,-0.00077,0.00000
247.60000,99.08000,-0.01396,0.30325,0.00465,-0.00088,-0.00000
247.70000,99.12000,-0.01323,0.30359,0.00554,-0.00107,0.00000
247.80000,99.16000,-0.01229,0.30385,0.00645,-0.00130,0.00000
247.90000,99.20000,-0.01113,0.30400,0.00742,-0.00150,0.00000
248.00000,99.24000,-0.00976,0.30406,0.00843,-0.00163,0.00000
248.10000,99.28000,-0.00821,0.30400,0.00949,-0.00165,0.00000
248.20000,99.32000,-0.00649,0.30383,0.01059,-0.00150,0.00000
248.30000,99.36000,-0.00463,0.30356,0.01170,-0.00118,0.00000
248.40000,99.40000,-0.00265,0.30318,0.01280,-0.00066,-0.00000
248.50000,99.44000,-0.00059,0.30270,0.01385,0.00003,0.00000
248.60000,99.48000,0.00152,0.30212,0.01479,0.00088,0.00000
248.70000,99.52000,0.00365,0.30147,0.01558,0.00184,0.00000
248.80000,99.56000,0.00575,0.30075,0.01617,0.00288,0.00000
248.90000,99.60000,0.00781,0.29999,0.01650,0.00392,0.00000
249.00000,99.64000,0.00977,0.29919,0.01655,0.00491,0.00000
249.10000,99.68000,0.01161,0.29837,0.01628,0.00579,0.00000
249.20000,99.72000,0.01330,0.29757,0.01566,0.00650,-0.00000
249.30000,99.76000,0.01482,0.29679,0.01470,0.00698,0.00000
249.40000,99.80000,0.01615,0.29605,0.01340,0.00722,0.00000
249.50000,99.84000,0.01726,0.29539,0.01180,0.00718,0.00000
249.60000,99.88000,0.01814,0.29481,0.00992,0.00687,0.00000
249.70000,99.92000,0.01878,0.29433,0.00783,0.00630,0.00000
249.80000,99.96000,0.01919,0.29396,0.00557,0.00551,0.00000
249.90000,100.00000,0.01935,0.29371,0.00322,0.00453,0.00000
250.00000,100.04000,0.01928,0.29360,0.00085,0.00344,-0.00000
250.10000,100.08000,0.01897,0.29363,-0.00149,0.00229,0.00000
250.20000,100.12000,0.01844,0.29379,-0.00373,0.00115,0.00000
250.30000,100.16000,0.01770,0.29409,-0.00581,0.00008,0.00000
250.40000,100.20000,0.01677,0.29451,-0.00770,-0.00084,-0.00000
250.50000,100.24000,0.01565,0.29506,-0.00936,-0.00158,0.00000
250.60000,100.28000,0.01437,0.29572,-0.01077,-0.00209,0.00000
250.70000,100.32000,0.01294,0.29648,-0.01193,-0.00236,-0.00000
250.80000,100.36000,0.01139,0.29733,-0.01284,-0.00237,0.00000
250.90000,100.40000,0.00973,0.29824,-0.01353,-0.00215,-0.00000
251.00000,100.44000,0.00798,0.29920,-0.01401,-0.00172,-0.00000
251.10000,100.48000,0.00617,0.30019,-0.01432,-0.00113,0.00000
251.20000,100.52000,0.00430,0.30119,-0.01448,-0.00042,0.00000
251.30000,100.56000,0.00241,0.30218,-0.01453,0.00034,0.00000
251.40000,100.60000,0.00051,0.30315,-0.01449,0.00108,0.00000
251.50000,100.64000,-0.00138,0.30407,-0.01439,0.00174,0.00000
251.60000,100.68000,-0.00324,0.30494,-0.01425,0.00227,0.00000
251.70000,100.72000,-0.00505,0.30572,-0.01407,0.00261,0.00000
251.80000,100.76000,-0.00679,0.30642,-0.01385,0.00272,0.00000
251.90000,100.80000,-0.00845,0.30702,-0.01359,0.00258,0.00000
252.00000,100.84000,-0.01000,0.30750,-0.01328,0.00218,0.00000
252.10000,100.88000,-0.01143,0.30787,-0.01288,0.00152,0.00000
252.20000,100.92000,-0.01274,0.30811,-0.01239,0.00061,0.00000
252.30000,100.96000,-0.01389,0.30823,-0.01179,-0.00050,0.00000
252.40000,101.00000,-0.01489,0.30823,-0.01104,-0.00178,0.00000
252.50000,101.04000,-0.01573,0.30811,-0.01015,-0.00317,0.00000
252.60000,101.08000,-0.01640,0.30787,-0.00908,-0.00462,0.00000
252.70000,101.12000,-0.01689,0.30754,-0.00785,-0.00605,0.00000
252.80000,101.16000,-0.01721,0.30711,-0.00645,-0.00743,0.00000
252.90000,101.20000,-0.01735,0.30660,-0.00489,-0.00867,0.00000
253.00000,101.24000,-0.01732,0.30604,-0.00319,-0.00974,0.00000
253.10000,101.28000,-0.01711,0.30542,-0.00137,-0.01058,0.00000
253.20000,101.32000,-0.01675,0.30478,0.00053,-0.01115,0.00000
253.30000,101.36000,-0.01623,0.30412,0.00248,-0.01143,-0.00000
253.40000,101.40000,-0.01557,0.30346,0.00444,-0.01141,-0.00000
253.50000,101.44000,-0.01477,0.30281,0.00637,-0.01107,0.00000
253.60000,101.48000,-0.01385,0.30219,0.00825,-0.01042,0.00000
253.70000,101.52000,-0.01282,0.30159,0.01002,-0.00946,-0.00000
253.80000,101.56000,-0.01170,0.30102,0.01165,-0.00824,-0.00000
253.90000,101.60000,-0.01048,0.30048,0.01313,-0.00677,0.00000
254.00000,101.64000,-0.00920,0.29997,0.01443,-0.00509,-0.00000
254.10000,101.68000,-0.00786,0.29947,0.01552,-0.00326,0.00000
254.20000,101.72000,-0.00647,0.29899,0.01641,-0.00131,0.00000
254.30000,101.76000,-0.00504,0.29851,0.01707,0.00069,0.00000
254.40000,101.80000,-0.00360,0.29801,0.01751,0.00269,-0.00000
254.50000,101.84000,-0.00213,0.29748,0.01773,0.00463,0.00000
254.60000,101.88000,-0.00067,0.29691,0.01774,0.00646,-0.00000
254.70000,101.92000,0.00079,0.29628,0.01754,0.00812,-0.00000
254.80000,101.96000,0.00223,0.29559,0.01714,0.00956,0.00000
254.90000,102.00000,0.00364,0.29482,0.01655,0.01074,0.00000
255.00000,102.04000,0.00501,0.29398,0.01578,0.01164,-0.00000
255.10000,102.08000,0.00634,0.29307,0.01484,0.01221,0.00000
255.20000,102.12000,0.00761,0.29208,0.01374,0.01246,0.00000
255.30000,102.16000,0.00881,0.29105,0.01250,0.01237,0.00000
255.40000,102.20000,0.00994,0.28998,0.01111,0.01197,0.00000
255.50000,102.24000,0.01098,0.28890,0.00959,0.01127,0.00000
255.60000,102.28000,0.01193,0.28783,0.00796,0.01032,0.00000
255.70000,102.32000,0.01277,0.28681,0.00621,0.00915,0.00000
255.80000,102.36000,0.01349,0.28588,0.00436,0.00783,-0.00000
255.90000,102.40000,0.01409,0.28506,0.00243,0.00642,0.00000
256.00000,102.44000,0.01456,0.28440,0.00043,0.00498,0.00000
256.10000,102.48000,0.01490,0.28392,-0.00161,0.00358,0.00000
256.20000,102.52000,0.01509,0.28368,-0.00370,0.00227,-0.00000
256.30000,102.56000,0.01514,0.28369,-0.00579,0.00112,0.00000
256.40000,102.60000,0.01503,0.28398,-0.00787,0.00017,0.00000
256.50000,102.64000,0.01478,0.28457,-0.00990,-0.00056,-0.00000
256.60000,102.68000,0.01438,0.28549,-0.01187,-0.00104,0.00000
256.70000,102.72000,0.01384,0.28672,-0.01374,-0.00128,0.00000
256.80000,102.76000,0.01316,0.28828,-0.01549,-0.00128,0.00000
256.90000,102.80000,0.01234,0.29015,-0.01707,-0.00108,-0.00000
257.00000,102.84000,0.01140,0.29232,-0.01846,-0.00072,0.00000
257.10000,102.88000,0.01035,0.29476,-0.01963,-0.00024,-0.00000
257.20000,102.92000,0.00920,0.29744,-0.02054,0.00028,0.00000
257.30000,102.96000,0.00796,0.30032,-0.02118,0.00079,0.00000
257.40000,103.00000,0.00665,0.30336,-0.02152,0.00124,0.00000
257.50000,103.04000,0.00528,0.30650,-0.02154,0.00155,-0.00000
257.60000,103.08000,0.00388,0.30968,-0.02122,0.00169,0.00000
257.70000,103.12000,0.00245,0.31286,-0.02056,0.00162,0.00000
257.80000,103.16000,0.00102,0.31597,-0.01956,0.00133,0.00000
257.90000,103.20000,-0.00039,0.31895,-0.01822,0.00079,0.00000
258.00000,103.24000,-0.00178,0.32174,-0.01656,0.00003,0.00000
258.10000,103.28000,-0.00313,0.32429,-0.01460,-0.00094,-0.00000
258.20000,103.32000,-0.00441,0.32655,-0.01238,-0.00207,-0.00000
258.30000,103.36000,-0.00562,0.32846,-0.00993,-0.00332,0.00000
258.40000,103.40000,-0.00674,0.32998,-0.00730,-0.00463,0.00000
258.50000,103.44000,-0.00776,0.33107,-0.00454,-0.00595,-0.00000
258.60000,103.48000,-0.00866,0.33172,-0.00171,-0.00721,0.00000
258.70000,103.52000,-0.00945,0.33189,0.00114,-0.00837,0.00000
258.80000,103.56000,-0.01011,0.33157,0.00394,-0.00937,0.00000
258.90000,103.60000,-0.01063,0.33077,0.00664,-0.01019,0.00000
259.00000,103.64000,-0.01101,0.32948,0.00917,-0.01078,-0.00000
259.10000,103.68000,-0.01126,0.32773,0.01148,-0.01114,0.00000
259.20000,103.72000,-0.01135,0.32553,0.01354,-0.01126,0.00000
259.30000,103.76000,-0.01131,0.32292,0.01530,-0.01116,0.00000
259.40000,103.80000,-0.01113,0.31993,0.01673,-0.01085,0.00000
259.50000,103.84000,-0.01081,0.31660,0.01783,-0.01035,0.00000
259.60000,103.88000,-0.01036,0.31300,0.01858,-0.00970,0.00000
259.70000,103.92000,-0.00979,0.30917,0.01899,-0.00892,0.00000
259.80000,103.96000,-0.00910,0.30516,0.01908,-0.00806,-0.00000
259.90000,104.00000,-0.00832,0.30104,0.01887,-0.00712,0.00000
260.00000,104.04000,-0.00745,0.29687,0.01840,-0.00614,0.00000
260.10000,104.08000,-0.00651,0.29271,0.01770,-0.00513,0.00000
260.20000,104.12000,-0.00552,0.28860,0.01682,-0.00410,0.00000
260.30000,104.16000,-0.00448,0.28462,0.01581,-0.00304,0.00000
260.40000,104.20000,-0.00343,0.28082,0.01470,-0.00196,0.00000
260.50000,104.24000,-0.00237,0.27723,0.01355,-0.00084,0.00000
260.60000,104.28000,-0.00133,0.27392,0.01239,0.00032,0.00000
260.70000,104.32000,-0.00032,0.27091,0.01126,0.00153,0.00000
260.80000,104.36000,0.00063,0.26826,0.01017,0.00279,0.00000
260.90000,104.40000,0.00151,0.26599,0.00915,0.00411,0.00000
261.00000,104.44000,0.00231,0.26412,0.00820,0.00548,0.00000
261.10000,104.48000,0.00300,0.26269,0.00733,0.00687,0.00000
261.20000,104.52000,0.00358,0.26172,0.00653,0.00828,0.00000
261.30000,104.56000,0.00403,0.26120,0.00578,0.00965,0.00000
261.40000,104.60000,0.00435,0.26117,0.00506,0.01097,0.00000
261.50000,104.64000,0.00454,0.26161,0.00435,0.01218,0.00000
261.60000,104.68000,0.00459,0.26254,0.00362,0.01324,0.00000
261.70000,104.72000,0.00450,0.26393,0.00284,0.01410,-0.00000
261.80000,104.76000,0.00427,0.26580,0.00199,0.01473,-0.00000
261.90000,104.80000,0.00392,0.26810,0.00103,0.01509,0.00000
262.00000,104.84000,0.00346,0.27084,-0.00004,0.01515,-0.00000
262.10000,104.88000,0.00289,0.27397,-0.00126,0.01491,-0.00000
262.20000,104.92000,0.00224,0.27746,-0.00262,0.01436,-0.00000
262.30000,104.96000,0.00151,0.28128,-0.00413,0.01350,0.00000
262.40000,105.00000,0.00074,0.28538,-0.00578,0.01237,0.00000
262.50000,105.04000,-0.00007,0.28970,-0.00756,0.01099,0.00000
262.60000,105.08000,-0.00088,0.29420,-0.00944,0.00941,0.00000
262.70000,105.12000,-0.00168,0.29881,-0.01139,0.00768,0.00000
262.80000,105.16000,-0.00245,0.30347,-0.01338,0.00584,0.00000
262.90000,105.20000,-0.00316,0.30811,-0.01537,0.00395,-0.00000
263.00000,105.24000,-0.00379,0.31268,-0.01732,0.00207,-0.00000
263.10000,105.28000,-0.00433,0.31709,-0.01917,0.00023,0.00000
263.20000,105.32000,-0.00477,0.32129,-0.02088,-0.00152,0.00000
263.30000,105.36000,-0.00508,0.32522,-0.02240,-0.00315,0.00000
263.40000,105.40000,-0.00526,0.32882,-0.02369,-0.00464,0.00000
263.50000,105.44000,-0.00530,0.33203,-0.02471,-0.00597,0.00000
263.60000,105.48000,-0.00520,0.33481,-0.02542,-0.00713,-0.00000
263.70000,105.52000,-0.00495,0.33712,-0.02579,-0.00812,0.00000
263.80000,105.56000,-0.00457,0.33893,-0.02579,-0.00896,0.00000
263.90000,105.60000,-0.00404,0.34020,-0.02542,-0.00964,0.00000
264.00000,105.64000,-0.00339,0.34094,-0.02466,-0.01018,0.00000
264.10000,105.68000,-0.00261,0.34113,-0.02351,-0.01060,0.00000
264.20000,105.72000,-0.00174,0.34078,-0.02197,-0.01089,-0.00000
264.30000,105.76000,-0.00077,0.33990,-0.02007,-0.01106,0.00000
264.40000,105.80000,0.00027,0.33850,-0.01782,-0.01112,-0.00000
264.50000,105.84000,0.00137,0.33663,-0.01525,-0.01107,0.00000
264.60000,105.88000,0.00250,0.33430,-0.01238,-0.01091,-0.00000
264.70000,105.92000,0.00365,0.33156,-0.00926,-0.01063,0.00000
264.80000,105.96000,0.00480,0.32845,-0.00593,-0.01023,0.00000
264.90000,106.00000,0.00594,0.32503,-0.00242,-0.00970,-0.00000
265.00000,106.04000,0.00704,0.32134,0.00122,-0.00905,0.00000
265.10000,106.08000,0.00809,0.31744,0.00495,-0.00828,0.00000
265.20000,106.12000,0.00907,0.31339,0.00871,-0.00740,0.00000
265.30000,106.16000,0.00998,0.30925,0.01246,-0.00643,-0.00000
265.40000,106.20000,0.01079,0.30507,0.01614,-0.00538,0.00000
265.50000,106.24000,0.01150,0.30090,0.01972,-0.00428,-0.00000
265.60000,106.28000,0.01209,0.29681,0.02312,-0.00315,0.00000
265.70000,106.32000,0.01256,0.29285,0.02631,-0.00204,-0.00000
265.80000,106.36000,0.01290,0.28906,0.02922,-0.00096,0.00000
265.90000,106.40000,0.01311,0.28550,0.03181,0.00006,-0.00000
266.00000,106.44000,0.01317,0.28220,0.03401,0.00098,0.00000
266.10000,106.48000,0.01309,0.27920,0.03578,0.00180,0.00000
266.20000,106.52000,0.01286,0.27654,0.03705,0.00249,0.00000
266.30000,106.56000,0.01248,0.27424,0.03780,0.00306,0.00000
266.40000,106.60000,0.01195,0.27233,0.03797,0.00350,0.00000
266.50000,106.64000,0.01127,0.27081,0.03753,0.00384,0.00000
266.60000,106.68000,0.01044,0.26970,0.03646,0.00408,0.00000
266.70000,106.72000,0.00947,0.26900,0.03475,0.00425,0.00000
266.80000,106.76000,0.00837,0.26869,0.03241,0.00438,0.00000
266.90000,106.80000,0.00714,0.26877,0.02946,0.00450,0.00000
267.00000,106.84000,0.00579,0.26923,0.02592,0.00462,0.00000
267.10000,106.88000,0.00433,0.27004,0.02187,0.00478,0.00000
267.20000,106.92000,0.00279,0.27116,0.01738,0.00499,-0.00000
267.30000,106.96000,0.00117,0.27258,0.01252,0.00526,0.00000
267.40000,107.00000,-0.00051,0.27426,0.00741,0.00559,-0.00000
267.50000,107.04000,-0.00224,0.27616,0.00216,0.00597,0.00000
267.60000,107.08000,-0.00398,0.27824,-0.00311,0.00639,-0.00000
267.70000,107.12000,-0.00572,0.28047,-0.00827,0.00683,0.00000
267.80000,107.16000,-0.00745,0.28281,-0.01319,0.00726,0.00000
267.90000,107.20000,-0.00913,0.28522,-0.01776,0.00765,0.00000
268.00000,107.24000,-0.01076,0.28768,-0.02186,0.00796,0.00000
268.10000,107.28000,-0.01230,0.29015,-0.02541,0.00818,0.00000
268.20000,107.32000,-0.01375,0.29259,-0.02831,0.00828,-0.00000
268.30000,107.36000,-0.01509,0.29500,-0.03053,0.00823,0.00000
268.40000,107.40000,-0.01629,0.29733,-0.03202,0.00803,0.00000
268.50000,107.44000,-0.01736,0.29958,-0.03279,0.00767,0.00000
268.60000,107.48000,-0.01827,0.30173,-0.03285,0.00716,0.00000
268.70000,107.52000,-0.01901,0.30377,-0.03225,0.00650,0.00000
268.80000,107.56000,-0.01958,0.30567,-0.03105,0.00572,-0.00000
268.90000,107.60000,-0.01997,0.30744,-0.02934,0.00483,0.00000
269.00000,107.64000,-0.02017,0.30907,-0.02720,0.00385,0.00000
269.10000,107.68000,-0.02018,0.31055,-0.02475,0.00282,0.00000
269.20000,107.72000,-0.02000,0.31187,-0.02209,0.00174,-0.00000
269.30000,107.76000,-0.01963,0.31304,-0.01932,0.00064,-0.00000
269.40000,107.80000,-0.01906,0.31405,-0.01653,-0.00047,0.00000
269.50000,107.84000,-0.01830,0.31491,-0.01382,-0.00158,0.00000
269.60000,107.88000,-0.01736,0.31560,-0.01125,-0.00269,0.00000
269.70000,107.92000,-0.01623,0.31614,-0.00886,-0.00380,0.00000
269.80000,107.96000,-0.01492,0.31652,-0.00670,-0.00491,0.00000
269.90000,108.00000,-0.01345,0.31675,-0.00478,-0.00602,-0.00000
270.00000,108.04000,-0.01181,0.31684,-0.00308,-0.00714,-0.00000
270.10000,108.08000,-0.01003,0.31678,-0.00160,-0.00827,0.00000
270.20000,108.12000,-0.00812,0.31660,-0.00030,-0.00939,0.00000
270.30000,108.16000,-0.00610,0.31628,0.00085,-0.01049,0.00000
270.40000,108.20000,-0.00398,0.31585,0.00191,-0.01155,-0.00000
270.50000,108.24000,-0.00178,0.31532,0.00291,-0.01253,0.00000
270.60000,108.28000,0.00046,0.31468,0.00390,-0.01339,0.00000
270.70000,108.32000,0.00273,0.31397,0.00491,-0.01408,0.00000
270.80000,108.36000,0.00500,0.31318,0.00595,-0.01456,0.00000
270.90000,108.40000,0.00724,0.31232,0.00704,-0.01477,0.00000
271.00000,108.44000,0.00943,0.31141,0.00817,-0.01467,-0.00000
271.10000,108.48000,0.01153,0.31045,0.00933,-0.01421,0.00000
271.20000,108.52000,0.01352,0.30946,0.01050,-0.01337,0.00000
271.30000,108.56000,0.01537,0.30843,0.01162,-0.01213,-0.00000
271.40000,108.60000,0.01707,0.30737,0.01266,-0.01049,-0.00000
271.50000,108.64000,0.01860,0.30629,0.01358,-0.00848,0.00000
271.60000,108.68000,0.01993,0.30519,0.01432,-0.00613,0.00000
271.70000,108.72000,0.02105,0.30407,0.01484,-0.00352,0.00000
271.80000,108.76000,0.02195,0.30293,0.01510,-0.00070,0.00000
271.90000,108.80000,0.02263,0.30178,0.01508,0.00221,0.00000
272.00000,108.84000,0.02309,0.30062,0.01476,0.00513,0.00000
272.10000,108.88000,0.02332,0.29945,0.01414,0.00794,0.00000
272.20000,108.92000,0.02332,0.29829,0.01322,0.01055,0.00000
272.30000,108.96000,0.02311,0.29712,0.01203,0.01284,0.00000
272.40000,109.00000,0.02270,0.29597,0.01060,0.01474,-0.00000
272.50000,109.04000,0.02209,0.29484,0.00898,0.01617,-0.00000
272.60000,109.08000,0.02130,0.29375,0.00722,0.01708,0.00000
272.70000,109.12000,0.02034,0.29271,0.00537,0.01744,0.00000
272.80000,109.16000,0.01923,0.29173,0.00349,0.01726,0.00000
272.90000,109.20000,0.01798,0.29083,0.00165,0.01655,-0.00000
273.00000,109.24000,0.01660,0.29003,-0.00011,0.01537,0.00000
273.10000,109.28000,0.01510,0.28933,-0.00173,0.01377,0.00000
273.20000,109.32000,0.01351,0.28877,-0.00317,0.01184,-0.00000
273.30000,109.36000,0.01183,0.28834,-0.00439,0.00968,0.00000
273.40000,109.40000,0.01007,0.28806,-0.00536,0.00737,0.00000
273.50000,109.44000,0.00825,0.28794,-0.00607,0.00504,0.00000
273.60000,109.48000,0.00637,0.28799,-0.00651,0.00275,0.00000
273.70000,109.52000,0.00444,0.28819,-0.00668,0.00062,0.00000
273.80000,109.56000,0.00247,0.28855,-0.00658,-0.00130,0.00000
273.90000,109.60000,0.00047,0.28906,-0.00622,-0.00294,0.00000
274.00000,109.64000,-0.00155,0.28972,-0.00563,-0.00428,0.00000
274.10000,109.68000,-0.00359,0.29050,-0.00483,-0.00528,0.00000
274.20000,109.72000,-0.00562,0.29139,-0.00384,-0.00594,0.00000
274.30000,109.76000,-0.00765,0.29237,-0.00271,-0.00629,0.00000
274.40000,109.80000,-0.00967,0.29341,-0.00146,-0.00635,0.00000
274.50000,109.84000,-0.01165,0.29449,-0.00014,-0.00616,0.00000
274.60000,109.88000,-0.01358,0.29560,0.00122,-0.00576,0.00000
274.70000,109.92000,-0.01546,0.29670,0.00256,-0.00520,-0.00000
274.80000,109.96000,-0.01726,0.29778,0.00385,-0.00453,0.00000
274.90000,110.00000,-0.01898,0.29881,0.00503,-0.00381,0.00000
275.00000,110.04000,-0.02059,0.29978,0.00608,-0.00306,0.00000
275.10000,110.08000,-0.02207,0.30068,0.00693,-0.00234,-0.00000
275.20000,110.12000,-0.02341,0.30148,0.00756,-0.00166,0.00000
275.30000,110.16000,-0.02458,0.30219,0.00793,-0.00104,-0.00000
275.40000,110.20000,-0.02558,0.30280,0.00802,-0.00051,-0.00000
275.50000,110.24000,-0.02637,0.30330,0.00780,-0.00007,0.00000
275.60000,110.28000,-0.02694,0.30370,0.00728,0.00027,0.00000
275.70000,110.32000,-0.02728,0.30400,0.00645,0.00052,0.00000
275.80000,110.36000,-0.02736,0.30421,0.00533,0.00066,0.00000
275.90000,110.40000,-0.02717,0.30434,0.00396,0.00071,0.00000
276.00000,110.44000,-0.02670,0.30438,0.00237,0.00066,0.00000
276.10000,110.48000,-0.02594,0.30436,0.00061,0.00051,-0.00000
276.20000,110.52000,-0.02488,0.30428,-0.00126,0.00027,-0.00000
276.30000,110.56000,-0.02353,0.30414,-0.00316,-0.00008,0.00000
276.40000,110.60000,-0.02187,0.30396,-0.00504,-0.00051,0.00000
276.50000,110.64000,-0.01992,0.30375,-0.00681,-0.00103,-0.00000
276.60000,110.68000,-0.01769,0.30352,-0.00842,-0.00163,-0.00000
276.70000,110.72000,-0.01519,0.30326,-0.00981,-0.00230,0.00000
276.80000,110.76000,-0.01245,0.30299,-0.01094,-0.00300,0.00000
276.90000,110.80000,-0.00949,0.30270,-0.01175,-0.00373,0.00000
277.00000,110.84000,-0.00633,0.30242,-0.01225,-0.00444,0.00000
277.10000,110.88000,-0.00303,0.30213,-0.01241,-0.00511,0.00000
277.20000,110.92000,0.00040,0.30184,-0.01227,-0.00569,0.00000
277.30000,110.96000,0.00390,0.30157,-0.01183,-0.00615,0.00000
277.40000,111.00000,0.00742,0.30130,-0.01115,-0.00645,-0.00000
277.50000,111.04000,0.01093,0.30105,-0.01028,-0.00655,-0.00000
277.60000,111.08000,0.01438,0.30082,-0.00928,-0.00644,0.00000
277.70000,111.12000,0.01771,0.30062,-0.00820,-0.00610,-0.00000
277.80000,111.16000,0.02088,0.30044,-0.00711,-0.00551,-0.00000
277.90000,111.20000,0.02384,0.30029,-0.00608,-0.00470,0.00000
278.00000,111.24000,0.02655,0.30017,-0.00514,-0.00367,0.00000
278.10000,111.28000,0.02897,0.30008,-0.00433,-0.00246,-0.00000
278.20000,111.32000,0.03106,0.30002,-0.00369,-0.00111,0.00000
278.30000,111.36000,0.03278,0.30000,-0.00321,0.00033,-0.00000
278.40000,111.40000,0.03412,0.30000,-0.00290,0.00180,0.00000
278.50000,111.44000,0.03503,0.30003,-0.00273,0.00324,0.00000
278.60000,111.48000,0.03551,0.30007,-0.00268,0.00459,0.00000
278.70000,111.52000,0.03554,0.30012,-0.00269,0.00580,0.00000
278.80000,111.56000,0.03512,0.30018,-0.00274,0.00683,0.00000
278.90000,111.60000,0.03424,0.30023,-0.00275,0.00762,0.00000
279.00000,111.64000,0.03291,0.30026,-0.00268,0.00816,-0.00000
279.10000,111.68000,0.03113,0.30028,-0.00249,0.00843,-0.00000
279.20000,111.72000,0.02893,0.30026,-0.00214,0.00845,0.00000
279.30000,111.76000,0.02633,0.30022,-0.00159,0.00821,0.00000
279.40000,111.80000,0.02336,0.30014,-0.00085,0.00776,-0.00000
279.50000,111.84000,0.02004,0.30003,0.00011,0.00712,0.00000
279.60000,111.88000,0.01643,0.29988,0.00125,0.00633,-0.00000
279.70000,111.92000,0.01257,0.29971,0.00257,0.00544,0.00000
279.80000,111.96000,0.00850,0.29953,0.00402,0.00450,0.00000
279.90000,112.00000,0.00429,0.29934,0.00556,0.00354,0.00000
280.00000,112.04000,-0.00001,0.29916,0.00714,0.00260,0.00000
280.10000,112.08000,-0.00433,0.29900,0.00871,0.00170,0.00000
280.20000,112.12000,-0.00862,0.29888,0.01020,0.00087,-0.00000
280.30000,112.16000,-0.01280,0.29883,0.01158,0.00011,0.00000
280.40000,112.20000,-0.01682,0.29884,0.01279,-0.00058,0.00000
280.50000,112.24000,-0.02060,0.29894,0.01381,-0.00120,0.00000
280.60000,112.28000,-0.02408,0.29915,0.01460,-0.00176,0.00000
280.70000,112.32000,-0.02721,0.29945,0.01515,-0.00228,-0.00000
280.80000,112.36000,-0.02994,0.29987,0.01545,-0.00276,0.00000
280.90000,112.40000,-0.03221,0.30039,0.01550,-0.00323,0.00000
281.00000,112.44000,-0.03399,0.30101,0.01531,-0.00369,-0.00000
281.10000,112.48000,-0.03525,0.30172,0.01489,-0.00413,0.00000
281.20000,112.52000,-0.03597,0.30250,0.01428,-0.00454,0.00000
281.30000,112.56000,-0.03614,0.30332,0.01348,-0.00492,0.00000
281.40000,112.60000,-0.03576,0.30417,0.01252,-0.00524,0.00000
281.50000,112.64000,-0.03483,0.30500,0.01143,-0.00547,0.00000
281.60000,112.68000,-0.03339,0.30580,0.01023,-0.00558,-0.00000
281.70000,112.72000,-0.03145,0.30652,0.00893,-0.00554,0.00000
281.80000,112.76000,-0.02906,0.30713,0.00755,-0.00532,0.00000
281.90000,112.80000,-0.02626,0.30760,0.00610,-0.00491,0.00000
282.00000,112.84000,-0.02312,0.30791,0.00459,-0.00428,0.00000
282.10000,112.88000,-0.01968,0.30802,0.00304,-0.00344,-0.00000
282.20000,112.92000,-0.01602,0.30793,0.00145,-0.00241,0.00000
282.30000,112.96000,-0.01220,0.30761,-0.00017,-0.00120,0.00000
282.40000,113.00000,-0.00829,0.30706,-0.00180,0.00015,0.00000
282.50000,113.04000,-0.00435,0.30628,-0.00343,0.00158,0.00000
282.60000,113.08000,-0.00046,0.30527,-0.00504,0.00303,0.00000
282.70000,113.12000,0.00334,0.30406,-0.00661,0.00445,-0.00000
282.80000,113.16000,0.00697,0.30267,-0.00811,0.00576,0.00000
282.90000,113.20000,0.01039,0.30111,-0.00953,0.00691,0.00000
283.00000,113.24000,0.01355,0.29942,-0.01082,0.00782,0.00000
283.10000,113.28000,0.01642,0.29764,-0.01197,0.00847,-0.00000
283.20000,113.32000,0.01895,0.29581,-0.01295,0.00881,0.00000
283.30000,113.36000,0.02113,0.29396,-0.01374,0.00882,0.00000
283.40000,113.40000,0.02294,0.29215,-0.01432,0.00851,0.00000
283.50000,113.44000,0.02436,0.29040,-0.01467,0.00790,0.00000
283.60000,113.48000,0.02540,0.28877,-0.01480,0.00701,0.00000
283.70000,113.52000,0.02606,0.28729,-0.01470,0.00589,0.00000
283.80000,113.56000,0.02634,0.28599,-0.01437,0.00460,0.00000
283.90000,113.60000,0.02626,0.28490,-0.01384,0.00320,-0.00000
284.00000,113.64000,0.02584,0.28406,-0.01313,0.00176,-0.00000
284.10000,113.68000,0.02511,0.28347,-0.01225,0.00034,0.00000
284.20000,113.72000,0.02408,0.28316,-0.01124,-0.00100,0.00000
284.30000,113.76000,0.02278,0.28312,-0.01013,-0.00222,-0.00000
284.40000,113.80000,0.02125,0.28338,-0.00894,-0.00329,0.00000
284.50000,113.84000,0.01951,0.28392,-0.00771,-0.00420,0.00000
284.60000,113.88000,0.01759,0.28473,-0.00645,-0.00493,-0.00000
284.70000,113.92000,0.01553,0.28581,-0.00520,-0.00550,0.00000
284.80000,113.96000,0.01335,0.28714,-0.00398,-0.00594,0.00000
284.90000,114.00000,0.01108,0.28869,-0.00279,-0.00629,0.00000
285.00000,114.04000,0.00876,0.29044,-0.00166,-0.00658,0.00000
285.10000,114.08000,0.00640,0.29236,-0.00060,-0.00687,0.00000
285.20000,114.12000,0.00404,0.29442,0.00040,-0.00719,0.00000
285.30000,114.16000,0.00170,0.29659,0.00132,-0.00758,0.00000
285.40000,114.20000,-0.00060,0.29884,0.00216,-0.00805,0.00000
285.50000,114.24000,-0.00284,0.30112,0.00292,-0.00862,-0.00000
285.60000,114.28000,-0.00499,0.30340,0.00360,-0.00927,0.00000
285.70000,114.32000,-0.00704,0.30565,0.00420,-0.00997,0.00000
285.80000,114.36000,-0.00898,0.30783,0.00470,-0.01069,0.00000
285.90000,114.40000,-0.01077,0.30992,0.00513,-0.01137,0.00000
286.00000,114.44000,-0.01242,0.31187,0.00546,-0.01194,-0.00000
286.10000,114.48000,-0.01389,0.31366,0.00570,-0.01231,0.00000
286.20000,114.52000,-0.01519,0.31526,0.00586,-0.01242,0.00000
286.30000,114.56000,-0.01630,0.31665,0.00592,-0.01219,0.00000
286.40000,114.60000,-0.01720,0.31781,0.00590,-0.01156,0.00000
286.50000,114.64000,-0.01789,0.31873,0.00581,-0.01048,-0.00000
286.60000,114.68000,-0.01836,0.31938,0.00564,-0.00893,0.00000
286.70000,114.72000,-0.01861,0.31976,0.00542,-0.00688,0.00000
286.80000,114.76000,-0.01863,0.31987,0.00515,-0.00437,-0.00000
286.90000,114.80000,-0.01841,0.31970,0.00485,-0.00145,0.00000
287.00000,114.84000,-0.01798,0.31926,0.00453,0.00183,0.00000
287.10000,114.88000,-0.01732,0.31855,0.00421,0.00537,0.00000
287.20000,114.92000,-0.01644,0.31758,0.00390,0.00904,0.00000
287.30000,114.96000,-0.01537,0.31636,0.00361,0.01274,0.00000
287.40000,115.00000,-0.01410,0.31492,0.00335,0.01632,0.00000
287.50000,115.04000,-0.01267,0.31326,0.00312,0.01964,0.00000
287.60000,115.08000,-0.01109,0.31143,0.00293,0.02258,-0.00000
287.70000,115.12000,-0.00938,0.30943,0.00278,0.02501,0.00000
287.80000,115.16000,-0.00758,0.30730,0.00265,0.02683,0.00000
287.90000,115.20000,-0.00570,0.30507,0.00256,0.02796,0.00000
288.00000,115.24000,-0.00378,0.30277,0.00248,0.02834,0.00000
288.10000,115.28000,-0.00185,0.30044,0.00241,0.02796,0.00000
288.20000,115.32000,0.00006,0.29811,0.00235,0.02680,0.00000
288.30000,115.36000,0.00193,0.29582,0.00229,0.02491,0.00000
288.40000,115.40000,0.00372,0.29359,0.00223,0.02235,0.00000
288.50000,115.44000,0.00542,0.29148,0.00217,0.01919,0.00000
288.60000,115.48000,0.00698,0.28950,0.00212,0.01556,-0.00000
288.70000,115.52000,0.00840,0.28769,0.00208,0.01156,-0.00000
288.80000,115.56000,0.00965,0.28608,0.00206,0.00732,0.00000
288.90000,115.60000,0.01072,0.28470,0.00207,0.00299,0.00000
289.00000,115.64000,0.01160,0.28356,0.00213,-0.00131,0.00000
289.10000,115.68000,0.01228,0.28268,0.00223,-0.00545,0.00000
289.20000,115.72000,0.01277,0.28207,0.00239,-0.00933,0.00000
289.30000,115.76000,0.01305,0.28174,0.00261,-0.01285,0.00000
289.40000,115.80000,0.01313,0.28170,0.00287,-0.01592,0.00000
289.50000,115.84000,0.01303,0.28194,0.00318,-0.01849,0.00000
289.60000,115.88000,0.01274,0.28244,0.00350,-0.02054,0.00000
289.70000,115.92000,0.01230,0.28320,0.00383,-0.02203,0.00000
289.80000,115.96000,0.01170,0.28421,0.00412,-0.02298,0.00000
289.90000,116.00000,0.01098,0.28542,0.00436,-0.02341,0.00000
290.00000,116.04000,0.01015,0.28683,0.00450,-0.02335,0.00000
290.10000,116.08000,0.00923,0.28840,0.00451,-0.02285,0.00000
290.20000,116.12000,0.00824,0.29011,0.00437,-0.02196,0.00000
290.30000,116.16000,0.00720,0.29191,0.00404,-0.02075,0.00000
290.40000,116.20000,0.00613,0.29378,0.00352,-0.01927,0.00000
290.50000,116.24000,0.00506,0.29569,0.00280,-0.01758,0.00000
290.60000,116.28000,0.00400,0.29761,0.00189,-0.01574,0.00000
290.70000,116.32000,0.00296,0.29950,0.00079,-0.01378,-0.00000
290.80000,116.36000,0.00197,0.30134,-0.00046,-0.01176,0.00000
290.90000,116.40000,0.00103,0.30311,-0.00182,-0.00971,0.00000
291.00000,116.44000,0.00016,0.30477,-0.00326,-0.00766,0.00000
291.10000,116.48000,-0.00063,0.30631,-0.00471,-0.00562,-0.00000
291.20000,116.52000,-0.00135,0.30771,-0.00613,-0.00361,-0.00000
291.30000,116.56000,-0.00199,0.30896,-0.00747,-0.00165,0.00000
291.40000,116.60000,-0.00254,0.31004,-0.00868,0.00027,-0.00000
291.50000,116.64000,-0.00301,0.31095,-0.00971,0.00212,-0.00000
291.60000,116.68000,-0.00340,0.31167,-0.01054,0.00390,0.00000
291.70000,116.72000,-0.00371,0.31221,-0.01114,0.00560,-0.00000
291.80000,116.76000,-0.00395,0.31256,-0.01151,0.00721,0.00000
291.90000,116.80000,-0.00414,0.31272,-0.01165,0.00871,0.00000
292.00000,116.84000,-0.00426,0.31270,-0.01157,0.01009,0.00000
292.10000,116.88000,-0.00434,0.31249,-0.01132,0.01132,0.00000
292.20000,116.92000,-0.00437,0.31212,-0.01091,0.01239,0.00000
292.30000,116.96000,-0.00437,0.31158,-0.01040,0.01327,0.00000
292.40000,117.00000,-0.00434,0.31088,-0.00981,0.01396,0.00000
292.50000,117.04000,-0.00429,0.31005,-0.00919,0.01442,0.00000
292.60000,117.08000,-0.00422,0.30910,-0.00856,0.01465,0.00000
292.70000,117.12000,-0.00413,0.30803,-0.00796,0.01465,-0.00000
292.80000,117.16000,-0.00402,0.30688,-0.00740,0.01440,-0.00000
292.90000,117.20000,-0.00391,0.30566,-0.00688,0.01393,0.00000
293.00000,117.24000,-0.00378,0.30439,-0.00638,0.01323,-0.00000
293.10000,117.28000,-0.00364,0.30309,-0.00590,0.01234,-0.00000
293.20000,117.32000,-0.00350,0.30178,-0.00540,0.01127,-0.00000
293.30000,117.36000,-0.00334,0.30049,-0.00486,0.01006,0.00000
293.40000,117.40000,-0.00318,0.29923,-0.00423,0.00873,0.00000
293.50000,117.44000,-0.00302,0.29802,-0.00348,0.00732,0.00000
293.60000,117.48000,-0.00286,0.29688,-0.00259,0.00587,-0.00000
293.70000,117.52000,-0.00269,0.29582,-0.00153,0.00440,0.00000
293.80000,117.56000,-0.00254,0.29487,-0.00030,0.00294,0.00000
293.90000,117.60000,-0.00239,0.29403,0.00109,0.00153,0.00000
294.00000,117.64000,-0.00226,0.29331,0.00263,0.00017,0.00000
294.10000,117.68000,-0.00215,0.29271,0.00428,-0.00112,-0.00000
294.20000,117.72000,-0.00206,0.29226,0.00599,-0.00233,-0.00000
294.30000,117.76000,-0.00200,0.29193,0.00770,-0.00347,0.00000
294.40000,117.80000,-0.00198,0.29175,0.00934,-0.00453,0.00000
294.50000,117.84000,-0.00198,0.29170,0.01085,-0.00552,-0.00000
294.60000,117.88000,-0.00201,0.29178,0.01216,-0.00644,0.00000
294.70000,117.92000,-0.00207,0.29198,0.01321,-0.00730,-0.00000
294.80000,117.96000,-0.00216,0.29231,0.01393,-0.00809,-0.00000
294.90000,118.00000,-0.00227,0.29274,0.01431,-0.00883,0.00000
295.00000,118.04000,-0.00239,0.29327,0.01431,-0.00949,0.00000
295.10000,118.08000,-0.00252,0.29390,0.01394,-0.01008,0.00000
295.20000,118.12000,-0.00264,0.29459,0.01322,-0.01056,0.00000
295.30000,118.16000,-0.00274,0.29536,0.01219,-0.01093,0.00000
295.40000,118.20000,-0.00281,0.29617,0.01090,-0.01114,0.00000
295.50000,118.24000,-0.00284,0.29703,0.00942,-0.01119,-0.00000
295.60000,118.28000,-0.00282,0.29790,0.00783,-0.01103,0.00000
295.70000,118.32000,-0.00274,0.29879,0.00622,-0.01066,0.00000
295.80000,118.36000,-0.00259,0.29967,0.00466,-0.01004,0.00000
295.90000,118.40000,-0.00236,0.30053,0.00322,-0.00917,-0.00000
296.00000,118.44000,-0.00204,0.30136,0.00199,-0.00805,0.00000
296.10000,118.48000,-0.00165,0.30214,0.00099,-0.00670,0.00000
296.20000,118.52000,-0.00116,0.30286,0.00027,-0.00513,0.00000
296.30000,118.56000,-0.00060,0.30351,-0.00017,-0.00339,0.00000
296.40000,118.60000,0.00005,0.30407,-0.00032,-0.00151,0.00000
296.50000,118.64000,0.00077,0.30454,-0.00022,0.00043,0.00000
296.60000,118.68000,0.00155,0.30492,0.00009,0.00238,0.00000
296.70000,118.72000,0.00238,0.30518,0.00056,0.00426,-0.00000
296.80000,118.76000,0.00326,0.30534,0.00113,0.00601,0.00000
296.90000,118.80000,0.00416,0.30539,0.00173,0.00755,0.00000
297.00000,118.84000,0.00508,0.30533,0.00230,0.00884,0.00000
297.10000,118.88000,0.00600,0.30517,0.00276,0.00982,0.00000
297.20000,118.92000,0.00691,0.30490,0.00308,0.01045,0.00000
297.30000,118.96000,0.00779,0.30454,0.00322,0.01072,-0.00000
297.40000,119.00000,0.00863,0.30410,0.00314,0.01064,-0.00000
297.50000,119.04000,0.00941,0.30359,0.00284,0.01020,-0.00000
297.60000,119.08000,0.01012,0.30301,0.00232,0.00946,-0.00000
297.70000,119.12000,0.01074,0.30239,0.00161,0.00846,0.00000
297.80000,119.16000,0.01126,0.30174,0.00073,0.00726,0.00000
297.90000,119.20000,0.01168,0.30107,-0.00027,0.00593,0.00000
298.00000,119.24000,0.01196,0.30039,-0.00136,0.00455,-0.00000
298.10000,119.28000,0.01211,0.29972,-0.00248,0.00318,0.00000
298.20000,119.32000,0.01210,0.29908,-0.00360,0.00190,0.00000
298.30000,119.36000,0.01194,0.29847,-0.00468,0.00075,0.00000
298.40000,119.40000,0.01161,0.29791,-0.00569,-0.00021,0.00000
298.50000,119.44000,0.01111,0.29741,-0.00661,-0.00095,0.00000
298.60000,119.48000,0.01043,0.29697,-0.00742,-0.00147,0.00000
298.70000,119.52000,0.00957,0.29662,-0.00814,-0.00177,0.00000
298.80000,119.56000,0.00853,0.29635,-0.00876,-0.00187,0.00000
298.90000,119.60000,0.00732,0.29618,-0.00931,-0.00181,-0.00000
299.00000,119.64000,0.00594,0.29610,-0.00979,-0.00163,0.00000
299.10000,119.68000,0.00442,0.29612,-0.01022,-0.00138,0.00000
299.20000,119.72000,0.00276,0.29624,-0.01063,-0.00113,0.00000
299.30000,119.76000,0.00099,0.29646,-0.01102,-0.00093,0.00000
299.40000,119.80000,-0.00087,0.29678,-0.01140,-0.00082,0.00000
299.50000,119.84000,-0.00278,0.29718,-0.01177,-0.00084,0.00000
299.60000,119.88000,-0.00473,0.29768,-0.01210,-0.00102,0.00000
299.70000,119.92000,-0.00668,0.29825,-0.01238,-0.00137,0.00000
299.80000,119.96000,-0.00859,0.29888,-0.01258,-0.00187,0.00000
299.90000,120.00000,-0.01043,0.29956,-0.01266,-0.00250,-0.00000
300.00000,120.04000,-0.01217,0.30028,-0.01259,-0.00323,0.00000
300.10000,120.08000,-0.01377,0.30102,-0.01232,-0.00402,0.00000
300.20000,120.12000,-0.01520,0.30176,-0.01183,-0.00479,-0.00000
300.30000,120.16000,-0.01645,0.30248,-0.01108,-0.00550,0.00000
300.40000,120.20000,-0.01748,0.30316,-0.01005,-0.00609,-0.00000
300.50000,120.24000,-0.01827,0.30379,-0.00875,-0.00650,0.00000
300.60000,120.28000,-0.01882,0.30435,-0.00717,-0.00670,0.00000
300.70000,120.32000,-0.01911,0.30482,-0.00534,-0.00665,0.00000
300.80000,120.36000,-0.01915,0.30518,-0.00329,-0.00634,0.00000
300.90000,120.40000,-0.01892,0.30543,-0.00107,-0.00578,-0.00000
301.00000,120.44000,-0.01844,0.30556,0.00126,-0.00498,0.00000
301.10000,120.48000,-0.01771,0.30555,0.00364,-0.00398,-0.00000
301.20000,120.52000,-0.01676,0.30541,0.00600,-0.00283,-0.00000
301.30000,120.56000,-0.01559,0.30514,0.00827,-0.00159,-0.00000
301.40000,120.60000,-0.01423,0.30474,0.01039,-0.00033,-0.00000
301.50000,120.64000,-0.01270,0.30422,0.01229,0.00089,-0.00000
301.60000,120.68000,-0.01103,0.30358,0.01393,0.00199,0.00000
301.70000,120.72000,-0.00924,0.30285,0.01528,0.00293,0.00000
301.80000,120.76000,-0.00736,0.30203,0.01630,0.00366,0.00000
301.90000,120.80000,-0.00540,0.30114,0.01700,0.00414,0.00000
302.00000,120.84000,-0.00341,0.30021,0.01737,0.00435,-0.00000
302.10000,120.88000,-0.00140,0.29925,0.01743,0.00431,0.00000
302.20000,120.92000,0.00061,0.29827,0.01722,0.00402,0.00000
302.30000,120.96000,0.00259,0.29731,0.01678,0.00353,0.00000
302.40000,121.00000,0.00453,0.29638,0.01613,0.00289,0.00000
302.50000,121.04000,0.00639,0.29550,0.01533,0.00214,0.00000
302.60000,121.08000,0.00817,0.29469,0.01442,0.00135,0.00000
302.70000,121.12000,0.00984,0.29396,0.01344,0.00060,0.00000
302.80000,121.16000,0.01139,0.29332,0.01242,-0.00007,0.00000
302.90000,121.20000,0.01281,0.29280,0.01138,-0.00058,0.00000
303.00000,121.24000,0.01409,0.29239,0.01035,-0.00090,0.00000
303.10000,121.28000,0.01520,0.29211,0.00933,-0.00100,0.00000
303.20000,121.32000,0.01615,0.29196,0.00831,-0.00084,0.00000
303.30000,121.36000,0.01692,0.29194,0.00730,-0.00044,0.00000
303.40000,121.40000,0.01751,0.29205,0.00627,0.00020,0.00000
303.50000,121.44000,0.01791,0.29229,0.00521,0.00104,0.00000
303.60000,121.48000,0.01812,0.29265,0.00411,0.00205,0.00000
303.70000,121.52000,0.01815,0.29312,0.00294,0.00317,0.00000
303.80000,121.56000,0.01798,0.29370,0.00169,0.00436,0.00000
303.90000,121.60000,0.01764,0.29437,0.00036,0.00553,0.00000
304.00000,121.64000,0.01712,0.29511,-0.00106,0.00663,0.00000
304.10000,121.68000,0.01643,0.29591,-0.00256,0.00761,-0.00000
304.20000,121.72000,0.01558,0.29676,-0.00413,0.00840,0.00000
304.30000,121.76000,0.01458,0.29763,-0.00575,0.00896,0.00000
304.40000,121.80000,0.01345,0.29850,-0.00740,0.00926,0.00000
304.50000,121.84000,0.01221,0.29937,-0.00903,0.00926,0.00000
304.60000,121.88000,0.01086,0.30022,-0.01062,0.00896,-0.00000
304.70000,121.92000,0.00943,0.30102,-0.01212,0.00836,-0.00000
304.80000,121.96000,0.00793,0.30178,-0.01351,0.00746,0.00000
304.90000,122.00000,0.00638,0.30248,-0.01475,0.00628,0.00000
305.00000,122.04000,0.00479,0.30311,-0.01580,0.00487,0.00000
305.10000,122.08000,0.00319,0.30369,-0.01664,0.00325,0.00000
305.20000,122.12000,0.00158,0.30420,-0.01725,0.00148,0.00000
305.30000,122.16000,-0.00001,0.30465,-0.01761,-0.00040,-0.00000
305.40000,122.20000,-0.00157,0.30506,-0.01773,-0.00232,0.00000
305.50000,122.24000,-0.00309,0.30542,-0.01759,-0.00425,0.00000
305.60000,122.28000,-0.00456,0.30576,-0.01721,-0.00611,0.00000
305.70000,122.32000,-0.00597,0.30608,-0.01659,-0.00785,0.00000
305.80000,122.36000,-0.00731,0.30639,-0.01576,-0.00944,0.00000
305.90000,122.40000,-0.00856,0.30671,-0.01473,-0.01080,0.00000
306.00000,122.44000,-0.00973,0.30706,-0.01351,-0.01192,0.00000
306.10000,122.48000,-0.01081,0.30742,-0.01215,-0.01275,0.00000
306.20000,122.52000,-0.01178,0.30782,-0.01064,-0.01327,0.00000
306.30000,122.56000,-0.01265,0.30824,-0.00902,-0.01346,-0.00000
306.40000,122.60000,-0.01340,0.30868,-0.00731,-0.01331,0.00000
306.50000,122.64000,-0.01404,0.30915,-0.00553,-0.01284,0.00000
306.60000,122.68000,-0.01457,0.30961,-0.00370,-0.01206,-0.00000
306.70000,122.72000,-0.01497,0.31005,-0.00182,-0.01099,0.00000
306.80000,122.76000,-0.01524,0.31046,0.00007,-0.00968,-0.00000
306.90000,122.80000,-0.01538,0.31079,0.00197,-0.00818,-0.00000
307.00000,122.84000,-0.01539,0.31104,0.00386,-0.00653,0.00000
307.10000,122.88000,-0.01527,0.31117,0.00573,-0.00480,0.00000
307.20000,122.92000,-0.01501,0.31114,0.00755,-0.00305,0.00000
307.30000,122.96000,-0.01462,0.31094,0.00933,-0.00135,0.00000
307.40000,123.00000,-0.01410,0.31054,0.01103,0.00024,0.00000
307.50000,123.04000,-0.01345,0.30991,0.01264,0.00166,0.00000
307.60000,123.08000,-0.01267,0.30905,0.01414,0.00287,0.00000
307.70000,123.12000,-0.01178,0.30794,0.01551,0.00383,0.00000
307.80000,123.16000,-0.01077,0.30657,0.01674,0.00453,0.00000
307.90000,123.20000,-0.00965,0.30496,0.01780,0.00494,0.00000
308.00000,123.24000,-0.00844,0.30310,0.01866,0.00509,-0.00000
308.10000,123.28000,-0.00715,0.30103,0.01932,0.00499,-0.00000
308.20000,123.32000,-0.00579,0.29877,0.01975,0.00468,-0.00000
308.30000,123.36000,-0.00438,0.29634,0.01994,0.00421,-0.00000
308.40000,123.40000,-0.00293,0.29379,0.01986,0.00363,0.00000
308.50000,123.44000,-0.00145,0.29116,0.01951,0.00300,0.00000
308.60000,123.48000,0.00003,0.28850,0.01888,0.00240,-0.00000
308.70000,123.52000,0.00150,0.28587,0.01796,0.00187,0.00000
308.80000,123.56000,0.00294,0.28331,0.01675,0.00147,0.00000
308.90000,123.60000,0.00434,0.28088,0.01527,0.00125,0.00000
309.00000,123.64000,0.00568,0.27864,0.01351,0.00123,0.00000
309.10000,123.68000,0.00694,0.27664,0.01151,0.00143,0.00000
309.20000,123.72000,0.00810,0.27492,0.00928,0.00185,0.00000
309.30000,123.76000,0.00917,0.27354,0.00685,0.00248,0.00000
309.40000,123.80000,0.01011,0.27253,0.00426,0.00329,0.00000
309.50000,123.84000,0.01093,0.27192,0.00155,0.00423,0.00000
309.60000,123.88000,0.01162,0.27175,-0.00122,0.00524,0.00000
309.70000,123.92000,0.01217,0.27202,-0.00402,0.00628,0.00000
309.80000,123.96000,0.01257,0.27275,-0.00678,0.00729,0.00000
309.90000,124.00000,0.01282,0.27394,-0.00945,0.00819,0.00000
310.00000,124.04000,0.01292,0.27559,-0.01197,0.00895,0.00000
310.10000,124.08000,0.01288,0.27766,-0.01429,0.00951,0.00000
310.20000,124.12000,0.01269,0.28014,-0.01636,0.00984,-0.00000
310.30000,124.16000,0.01236,0.28300,-0.01814,0.00991,0.00000
310.40000,124.20000,0.01190,0.28619,-0.01958,0.00973,0.00000
310.50000,124.24000,0.01131,0.28966,-0.02067,0.00929,0.00000
310.60000,124.28000,0.01060,0.29337,-0.02138,0.00862,0.00000
310.70000,124.32000,0.00978,0.29725,-0.02171,0.00774,0.00000
310.80000,124.36000,0.00887,0.30125,-0.02166,0.00668,0.00000
310.90000,124.40000,0.00788,0.30530,-0.02124,0.00549,0.00000
311.00000,124.44000,0.00682,0.30933,-0.02047,0.00422,-0.00000
311.10000,124.48000,0.00571,0.31329,-0.01940,0.00289,0.00000
311.20000,124.52000,0.00456,0.31712,-0.01806,0.00155,0.00000
311.30000,124.56000,0.00339,0.32074,-0.01649,0.00023,0.00000
311.40000,124.60000,0.00221,0.32412,-0.01476,-0.00106,0.00000
311.50000,124.64000,0.00105,0.32719,-0.01292,-0.00228,0.00000
311.60000,124.68000,-0.00007,0.32993,-0.01101,-0.00344,0.00000
311.70000,124.72000,-0.00115,0.33227,-0.00909,-0.00454,0.00000
311.80000,124.76000,-0.00217,0.33420,-0.00721,-0.00558,0.00000
311.90000,124.80000,-0.00310,0.33570,-0.00540,-0.00657,-0.00000
312.00000,124.84000,-0.00394,0.33673,-0.00370,-0.00751,0.00000
312.10000,124.88000,-0.00468,0.33728,-0.00213,-0.00842,0.00000
312.20000,124.92000,-0.00529,0.33736,-0.00071,-0.00929,-0.00000
312.30000,124.96000,-0.00578,0.33696,0.00057,-0.01013,0.00000
312.40000,125.00000,-0.00613,0.33609,0.00171,-0.01093,0.00000
312.50000,125.04000,-0.00634,0.33475,0.00271,-0.01167,-0.00000
312.60000,125.08000,-0.00642,0.33297,0.00360,-0.01232,-0.00000
312.70000,125.12000,-0.00635,0.33076,0.00440,-0.01287,0.00000
312.80000,125.16000,-0.00615,0.32816,0.00514,-0.01328,0.00000
312.90000,125.20000,-0.00582,0.32518,0.00585,-0.01351,0.00000
313.00000,125.24000,-0.00538,0.32186,0.00655,-0.01354,-0.00000
313.10000,125.28000,-0.00483,0.31824,0.00728,-0.01334,-0.00000
313.20000,125.32000,-0.00418,0.31436,0.00806,-0.01288,-0.00000
313.30000,125.36000,-0.00347,0.31026,0.00889,-0.01215,0.00000
313.40000,125.40000,-0.00269,0.30599,0.00980,-0.01115,-0.00000
313.50000,125.44000,-0.00189,0.30160,0.01079,-0.00989,0.00000
313.60000,125.48000,-0.00106,0.29715,0.01185,-0.00839,0.00000
313.70000,125.52000,-0.00024,0.29268,0.01297,-0.00669,0.00000
313.80000,125.56000,0.00055,0.28826,0.01413,-0.00481,0.00000
313.90000,125.60000,0.00129,0.28394,0.01531,-0.00282,-0.00000
314.00000,125.64000,0.00197,0.27978,0.01647,-0.00077,0.00000
314.10000,125.68000,0.00256,0.27585,0.01758,0.00129,0.00000
314.20000,125.72000,0.00305,0.27219,0.01859,0.00329,0.00000
314.30000,125.76000,0.00342,0.26886,0.01947,0.00519,0.00000
314.40000,125.80000,0.00367,0.26592,0.02017,0.00693,0.00000
314.50000,125.84000,0.00379,0.26340,0.02066,0.00848,-0.00000
314.60000,125.88000,0.00376,0.26136,0.02090,0.00982,0.00000
314.70000,125.92000,0.00359,0.25981,0.02086,0.01091,0.00000
314.80000,125.96000,0.00328,0.25880,0.02051,0.01176,-0.00000
314.90000,126.00000,0.00284,0.25833,0.01983,0.01237,0.00000
315.00000,126.04000,0.00227,0.25842,0.01881,0.01274,0.00000
315.10000,126.08000,0.00159,0.25906,0.01745,0.01290,0.00000
315.20000,126.12000,0.00080,0.26025,0.01576,0.01286,-0.00000
315.30000,126.16000,-0.00007,0.26196,0.01374,0.01265,-0.00000
315.40000,126.20000,-0.00101,0.26417,0.01141,0.01230,0.00000
315.50000,126.24000,-0.00201,0.26685,0.00881,0.01181,0.00000
315.60000,126.28000,-0.00303,0.26995,0.00597,0.01123,0.00000
315.70000,126.32000,-0.00405,0.27343,0.00292,0.01055,0.00000
315.80000,126.36000,-0.00507,0.27722,-0.00028,0.00979,0.00000
315.90000,126.40000,-0.00606,0.28128,-0.00359,0.00897,0.00000
316.00000,126.44000,-0.00699,0.28554,-0.00696,0.00807,0.00000
316.10000,126.48000,-0.00786,0.28994,-0.01034,0.00712,0.00000
316.20000,126.52000,-0.00864,0.29441,-0.01367,0.00611,0.00000
316.30000,126.56000,-0.00933,0.29889,-0.01692,0.00503,0.00000
316.40000,126.60000,-0.00990,0.30333,-0.02002,0.00391,-0.00000
316.50000,126.64000,-0.01035,0.30765,-0.02294,0.00275,-0.00000
316.60000,126.68000,-0.01067,0.31181,-0.02563,0.00156,0.00000
316.70000,126.72000,-0.01085,0.31575,-0.02804,0.00036,0.00000
316.80000,126.76000,-0.01089,0.31942,-0.03014,-0.00083,0.00000
316.90000,126.80000,-0.01080,0.32278,-0.03189,-0.00199,0.00000
317.00000,126.84000,-0.01055,0.32579,-0.03326,-0.00309,0.00000
317.10000,126.88000,-0.01017,0.32842,-0.03421,-0.00410,-0.00000
317.20000,126.92000,-0.00965,0.33064,-0.03471,-0.00500,0.00000
317.30000,126.96000,-0.00899,0.33243,-0.03475,-0.00577,-0.00000
317.40000,127.00000,-0.00821,0.33377,-0.03430,-0.00639,-0.00000
317.50000,127.04000,-0.00730,0.33467,-0.03334,-0.00686,0.00000
317.60000,127.08000,-0.00627,0.33511,-0.03187,-0.00718,-0.00000
317.70000,127.12000,-0.00514,0.33510,-0.02988,-0.00735,0.00000
317.80000,127.16000,-0.00391,0.33466,-0.02737,-0.00738,0.00000
317.90000,127.20000,-0.00260,0.33380,-0.02436,-0.00730,0.00000
318.00000,127.24000,-0.00121,0.33255,-0.02089,-0.00713,0.00000
318.10000,127.28000,0.00025,0.33093,-0.01697,-0.00691,-0.00000
318.20000,127.32000,0.00175,0.32898,-0.01267,-0.00666,0.00000
318.30000,127.36000,0.00328,0.32675,-0.00805,-0.00640,-0.00000
318.40000,127.40000,0.00484,0.32426,-0.00319,-0.00617,0.00000
318.50000,127.44000,0.00639,0.32156,0.00183,-0.00598,0.00000
318.60000,127.48000,0.00792,0.31871,0.00692,-0.00585,0.00000
318.70000,127.52000,0.00941,0.31573,0.01195,-0.00577,0.00000
318.80000,127.56000,0.01085,0.31269,0.01682,-0.00574,0.00000
318.90000,127.60000,0.01222,0.30963,0.02142,-0.00575,0.00000
319.00000,127.64000,0.01349,0.30658,0.02563,-0.00577,0.00000
319.10000,127.68000,0.01465,0.30358,0.02936,-0.00579,0.00000
319.20000,127.72000,0.01569,0.30068,0.03250,-0.00578,-0.00000
319.30000,127.76000,0.01658,0.29790,0.03499,-0.00571,0.00000
319.40000,127.80000,0.01732,0.29527,0.03675,-0.00554,0.00000
319.50000,127.84000,0.01790,0.29282,0.03775,-0.00527,0.00000
319.60000,127.88000,0.01830,0.29056,0.03797,-0.00486,-0.00000
319.70000,127.92000,0.01852,0.28850,0.03742,-0.00433,0.00000
319.80000,127.96000,0.01855,0.28666,0.03614,-0.00365,0.00000
319.90000,128.00000,0.01839,0.28504,0.03418,-0.00285,0.00000
320.00000,128.04000,0.01804,0.28365,0.03162,-0.00192,0.00000
320.10000,128.08000,0.01750,0.28248,0.02856,-0.00091,0.00000
320.20000,128.12000,0.01679,0.28153,0.02510,0.00017,0.00000
320.30000,128.16000,0.01589,0.28079,0.02137,0.00129,0.00000
320.40000,128.20000,0.01483,0.28026,0.01748,0.00243,-0.00000
320.50000,128.24000,0.01360,0.27993,0.01355,0.00355,0.00000
320.60000,128.28000,0.01223,0.27979,0.00970,0.00463,-0.00000
320.70000,128.32000,0.01071,0.27984,0.00603,0.00565,0.00000
320.80000,128.36000,0.00907,0.28005,0.00261,0.00659,0.00000
320.90000,128.40000,0.00732,0.28043,-0.00048,0.00746,0.00000
321.00000,128.44000,0.00546,0.28096,-0.00320,0.00825,-0.00000
321.10000,128.48000,0.00352,0.28162,-0.00553,0.00895,0.00000
321.20000,128.52000,0.00152,0.28241,-0.00747,0.00958,0.00000
321.30000,128.56000,-0.00054,0.28332,-0.00903,0.01013,0.00000
321.40000,128.60000,-0.00263,0.28434,-0.01024,0.01062,0.00000
321.50000,128.64000,-0.00473,0.28544,-0.01116,0.01102,0.00000
321.60000,128.68000,-0.00682,0.28662,-0.01184,0.01135,0.00000
321.70000,128.72000,-0.00888,0.28786,-0.01233,0.01159,0.00000
321.80000,128.76000,-0.01089,0.28915,-0.01270,0.01171,0.00000
321.90000,128.80000,-0.01283,0.29048,-0.01298,0.01170,-0.00000
322.00000,128.84000,-0.01467,0.29183,-0.01323,0.01153,0.00000
322.10000,128.88000,-0.01639,0.29320,-0.01347,0.01115,-0.00000
322.20000,128.92000,-0.01797,0.29456,-0.01373,0.01055,0.00000
322.30000,128.96000,-0.01938,0.29591,-0.01401,0.00969,0.00000
322.40000,129.00000,-0.02060,0.29724,-0.01430,0.00856,0.00000
322.50000,129.04000,-0.02163,0.29854,-0.01458,0.00713,0.00000
322.60000,129.08000,-0.02243,0.29980,-0.01481,0.00542,0.00000
322.70000,129.12000,-0.02301,0.30103,-0.01497,0.00343,0.00000
322.80000,129.16000,-0.02335,0.30221,-0.01501,0.00120,0.00000
322.90000,129.20000,-0.02345,0.30334,-0.01488,-0.00123,0.00000
323.00000,129.24000,-0.02330,0.30443,-0.01457,-0.00378,0.00000
323.10000,129.28000,-0.02291,0.30546,-0.01403,-0.00638,0.00000
323.20000,129.32000,-0.02228,0.30644,-0.01324,-0.00895,0.00000
323.30000,129.36000,-0.02144,0.30738,-0.01221,-0.01138,0.00000
323.40000,129.40000,-0.02038,0.30825,-0.01093,-0.01359,0.00000
323.50000,129.44000,-0.01912,0.30907,-0.00943,-0.01548,0.00000
323.60000,129.48000,-0.01769,0.30983,-0.00773,-0.01696,0.00000
323.70000,129.52000,-0.01610,0.31052,-0.00588,-0.01798,0.00000
323.80000,129.56000,-0.01438,0.31114,-0.00394,-0.01848,0.00000
323.90000,129.60000,-0.01255,0.31167,-0.00194,-0.01844,0.00000
324.00000,129.64000,-0.01062,0.31212,0.00004,-0.01784,0.00000
324.10000,129.68000,-0.00862,0.31247,0.00194,-0.01672,0.00000
324.20000,129.72000,-0.00658,0.31271,0.00371,-0.01511,0.00000
324.30000,129.76000,-0.00451,0.31283,0.00529,-0.01309,0.00000
324.40000,129.80000,-0.00242,0.31282,0.00665,-0.01073,0.00000
324.50000,129.84000,-0.00035,0.31268,0.00774,-0.00814,0.00000
324.60000,129.88000,0.00171,0.31240,0.00855,-0.00542,-0.00000
324.70000,129.92000,0.00374,0.31198,0.00905,-0.00269,-0.00000
324.80000,129.96000,0.00572,0.31142,0.00925,-0.00004,-0.00000
324.90000,130.00000,0.00765,0.31072,0.00915,0.00243,0.00000
325.00000,130.04000,0.00951,0.30989,0.00878,0.00462,0.00000
325.10000,130.08000,0.01130,0.30894,0.00815,0.00648,0.00000
325.20000,130.12000,0.01301,0.30789,0.00730,0.00795,-0.00000
325.30000,130.16000,0.01463,0.30675,0.00626,0.00902,0.00000
325.40000,130.20000,0.01616,0.30554,0.00507,0.00967,-0.00000
325.50000,130.24000,0.01759,0.30428,0.00377,0.00992,0.00000
325.60000,130.28000,0.01891,0.30300,0.00242,0.00980,0.00000
325.70000,130.32000,0.02011,0.30173,0.00104,0.00936,0.00000
325.80000,130.36000,0.02119,0.30048,-0.00032,0.00865,0.00000
325.90000,130.40000,0.02213,0.29928,-0.00161,0.00775,0.00000
326.00000,130.44000,0.02293,0.29814,-0.00280,0.00671,-0.00000
326.10000,130.48000,0.02358,0.29710,-0.00384,0.00561,-0.00000
326.20000,130.52000,0.02406,0.29616,-0.00471,0.00449,0.00000
326.30000,130.56000,0.02437,0.29535,-0.00538,0.00341,-0.00000
326.40000,130.60000,0.02450,0.29466,-0.00581,0.00241,0.00000
326.50000,130.64000,0.02444,0.29410,-0.00599,0.00153,0.00000
326.60000,130.68000,0.02418,0.29367,-0.00590,0.00078,-0.00000
326.70000,130.72000,0.02371,0.29338,-0.00553,0.00017,0.00000
326.80000,130.76000,0.02302,0.29322,-0.00489,-0.00028,-0.00000
326.90000,130.80000,0.02211,0.29318,-0.00398,-0.00060,0.00000
327.00000,130.84000,0.02097,0.29324,-0.00282,-0.00077,0.00000
327.10000,130.88000,0.01961,0.29341,-0.00145,-0.00082,0.00000
327.20000,130.92000,0.01802,0.29365,0.00010,-0.00076,0.00000
327.30000,130.96000,0.01621,0.29397,0.00178,-0.00061,0.00000
327.40000,131.00000,0.01418,0.29434,0.00353,-0.00036,0.00000
327.50000,131.04000,0.01194,0.29476,0.00529,-0.00005,0.00000
327.60000,131.08000,0.00951,0.29520,0.00699,0.00033,0.00000
327.70000,131.12000,0.00690,0.29566,0.00858,0.00077,0.00000
327.80000,131.16000,0.00413,0.29613,0.00998,0.00124,0.00000
327.90000,131.20000,0.00123,0.29659,0.01115,0.00175,-0.00000
328.00000,131.24000,-0.00178,0.29705,0.01203,0.00227,-0.00000
328.10000,131.28000,-0.00486,0.29749,0.01259,0.00279,0.00000
328.20000,131.32000,-0.00798,0.29792,0.01282,0.00328,0.00000
328.30000,131.36000,-0.01110,0.29831,0.01269,0.00373,0.00000
328.40000,131.40000,-0.01418,0.29869,0.01223,0.00410,0.00000
328.50000,131.44000,-0.01718,0.29903,0.01146,0.00437,0.00000
328.60000,131.48000,-0.02006,0.29935,0.01042,0.00451,0.00000
328.70000,131.52000,-0.02278,0.29963,0.00915,0.00450,0.00000
328.80000,131.56000,-0.02528,0.29988,0.00773,0.00431,0.00000
328.90000,131.60000,-0.02754,0.30010,0.00621,0.00392,-0.00000
329.00000,131.64000,-0.02952,0.30028,0.00466,0.00334,0.00000
329.10000,131.68000,-0.03117,0.30042,0.00316,0.00256,0.00000
329.20000,131.72000,-0.03248,0.30053,0.00175,0.00160,0.00000
329.30000,131.76000,-0.03341,0.30061,0.00048,0.00048,0.00000
329.40000,131.80000,-0.03394,0.30065,-0.00060,-0.00076,0.00000
329.50000,131.84000,-0.03405,0.30065,-0.00147,-0.00207,0.00000
329.60000,131.88000,-0.03374,0.30063,-0.00213,-0.00341,0.00000
329.70000,131.92000,-0.03300,0.30058,-0.00259,-0.00471,0.00000
329.80000,131.96000,-0.03184,0.30051,-0.00287,-0.00593,-0.00000
329.90000,132.00000,-0.03026,0.30043,-0.00300,-0.00701,0.00000
330.00000,132.04000,-0.02827,0.30034,-0.00303,-0.00789,0.00000
330.10000,132.08000,-0.02591,0.30025,-0.00301,-0.00854,0.00000
330.20000,132.12000,-0.02318,0.30016,-0.00299,-0.00892,0.00000
330.30000,132.16000,-0.02013,0.30009,-0.00302,-0.00903,0.00000
330.40000,132.20000,-0.01678,0.30004,-0.00315,-0.00886,-0.00000
330.50000,132.24000,-0.01318,0.30001,-0.00341,-0.00842,0.00000
330.60000,132.28000,-0.00937,0.30001,-0.00383,-0.00773,0.00000
330.70000,132.32000,-0.00540,0.30004,-0.00442,-0.00684,-0.00000
330.80000,132.36000,-0.00133,0.30009,-0.00517,-0.00577,0.00000
330.90000,132.40000,0.00281,0.30017,-0.00607,-0.00460,0.00000
331.00000,132.44000,0.00695,0.30027,-0.00710,-0.00336,0.00000
331.10000,132.48000,0.01103,0.30038,-0.00820,-0.00211,0.00000
331.20000,132.52000,0.01500,0.30048,-0.00934,-0.00090,0.00000
331.30000,132.56000,0.01880,0.30058,-0.01047,0.00023,0.00000
331.40000,132.60000,0.02237,0.30065,-0.01151,0.00125,-0.00000
331.50000,132.64000,0.02566,0.30068,-0.01244,0.00214,0.00000
331.60000,132.68000,0.02861,0.30065,-0.01318,0.00290,-0.00000
331.70000,132.72000,0.03119,0.30057,-0.01372,0.00351,0.00000
331.80000,132.76000,0.03334,0.30042,-0.01401,0.00399,0.00000
331.90000,132.80000,0.03502,0.30018,-0.01404,0.00434,-0.00000
332.00000,132.84000,0.03620,0.29987,-0.01380,0.00460,0.00000
332.10000,132.88000,0.03687,0.29948,-0.01329,0.00478,0.00000
332.20000,132.92000,0.03699,0.29902,-0.01252,0.00489,-0.00000
332.30000,132.96000,0.03658,0.29850,-0.01152,0.00496,0.00000
332.40000,133.00000,0.03562,0.29794,-0.01032,0.00499,0.00000
332.50000,133.04000,0.03414,0.29735,-0.00895,0.00499,0.00000
332.60000,133.08000,0.03214,0.29676,-0.00745,0.00495,0.00000
332.70000,133.12000,0.02968,0.29619,-0.00585,0.00485,0.00000
332.80000,133.16000,0.02678,0.29568,-0.00418,0.00469,-0.00000
332.90000,133.20000,0.02350,0.29524,-0.00249,0.00444,0.00000
333.00000,133.24000,0.01989,0.29492,-0.00079,0.00409,-0.00000
333.10000,133.28000,0.01601,0.29472,0.00089,0.00360,-0.00000
333.20000,133.32000,0.01194,0.29469,0.00254,0.00298,0.00000
333.30000,133.36000,0.00773,0.29483,0.00413,0.00221,0.00000
333.40000,133.40000,0.00348,0.29515,0.00566,0.00130,0.00000
333.50000,133.44000,-0.00076,0.29568,0.00712,0.00026,0.00000
333.60000,133.48000,-0.00491,0.29640,0.00850,-0.00088,-0.00000
333.70000,133.52000,-0.00890,0.29731,0.00979,-0.00209,0.00000
333.80000,133.56000,-0.01267,0.29840,0.01099,-0.00332,-0.00000
333.90000,133.60000,-0.01616,0.29965,0.01207,-0.00451,0.00000
334.00000,133.64000,-0.01932,0.30103,0.01304,-0.00562,-0.00000
334.10000,133.68000,-0.02212,0.30252,0.01388,-0.00657,0.00000
334.20000,133.72000,-0.02450,0.30407,0.01456,-0.00732,0.00000
334.30000,133.76000,-0.02646,0.30566,0.01508,-0.00781,-0.00000
334.40000,133.80000,-0.02796,0.30723,0.01542,-0.00802,0.00000
334.50000,133.84000,-0.02901,0.30876,0.01555,-0.00792,0.00000
334.60000,133.88000,-0.02961,0.31019,0.01548,-0.00750,0.00000
334.70000,133.92000,-0.02975,0.31148,0.01519,-0.00677,0.00000
334.80000,133.96000,-0.02947,0.31261,0.01469,-0.00575,0.00000
334.90000,134.00000,-0.02877,0.31354,0.01398,-0.00450,0.00000
335.00000,134.04000,-0.02770,0.31424,0.01306,-0.00306,0.00000
335.10000,134.08000,-0.02628,0.31469,0.01197,-0.00150,-0.00000
335.20000,134.12000,-0.02454,0.31487,0.01071,0.00012,-0.00000
335.30000,134.16000,-0.02254,0.31477,0.00932,0.00171,0.00000
335.40000,134.20000,-0.02031,0.31439,0.00783,0.00323,-0.00000
335.50000,134.24000,-0.01788,0.31373,0.00628,0.00461,0.00000
335.60000,134.28000,-0.01532,0.31280,0.00470,0.00579,-0.00000
335.70000,134.32000,-0.01264,0.31162,0.00312,0.00676,0.00000
335.80000,134.36000,-0.00991,0.31019,0.00157,0.00749,0.00000
335.90000,134.40000,-0.00715,0.30856,0.00009,0.00799,0.00000
336.00000,134.44000,-0.00439,0.30674,-0.00130,0.00826,0.00000
336.10000,134.48000,-0.00168,0.30477,-0.00259,0.00833,0.00000
336.20000,134.52000,0.00095,0.30268,-0.00376,0.00826,0.00000
336.30000,134.56000,0.00349,0.30050,-0.00479,0.00807,-0.00000
336.40000,134.60000,0.00590,0.29829,-0.00569,0.00782,0.00000
336.50000,134.64000,0.00816,0.29606,-0.00646,0.00755,0.00000
336.60000,134.68000,0.01026,0.29386,-0.00709,0.00731,0.00000
336.70000,134.72000,0.01218,0.29173,-0.00760,0.00710,-0.00000
336.80000,134.76000,0.01390,0.28971,-0.00799,0.00697,0.00000
336.90000,134.80000,0.01542,0.28781,-0.00827,0.00689,-0.00000
337.00000,134.84000,0.01673,0.28609,-0.00844,0.00685,0.00000
337.10000,134.88000,0.01781,0.28455,-0.00851,0.00683,0.00000
337.20000,134.92000,0.01868,0.28323,-0.00848,0.00677,0.00000
337.30000,134.96000,0.01931,0.28215,-0.00837,0.00662,-0.00000
337.40000,135.00000,0.01972,0.28132,-0.00818,0.00632,0.00000
337.50000,135.04000,0.01990,0.28076,-0.00791,0.00582,-0.00000
337.60000,135.08000,0.01985,0.28048,-0.00757,0.00504,0.00000
337.70000,135.12000,0.01958,0.28047,-0.00717,0.00396,-0.00000
337.80000,135.16000,0.01909,0.28074,-0.00671,0.00254,-0.00000
337.90000,135.20000,0.01839,0.28129,-0.00621,0.00076,0.00000
338.00000,135.24000,0.01749,0.28210,-0.00568,-0.00136,0.00000
338.10000,135.28000,0.01639,0.28317,-0.00513,-0.00379,0.00000
338.20000,135.32000,0.01511,0.28447,-0.00458,-0.00647,0.00000
338.30000,135.36000,0.01367,0.28600,-0.00403,-0.00933,0.00000
338.40000,135.40000,0.01207,0.28772,-0.00351,-0.01228,0.00000
338.50000,135.44000,0.01035,0.28962,-0.00302,-0.01519,0.00000
338.60000,135.48000,0.00851,0.29167,-0.00257,-0.01796,-0.00000
338.70000,135.52000,0.00658,0.29383,-0.00217,-0.02045,0.00000
338.80000,135.56000,0.00460,0.29608,-0.00183,-0.02255,0.00000
338.90000,135.60000,0.00257,0.29839,-0.00155,-0.02415,0.00000
339.00000,135.64000,0.00054,0.30072,-0.00132,-0.02515,0.00000
339.10000,135.68000,-0.00147,0.30304,-0.00114,-0.02548,0.00000
339.20000,135.72000,-0.00344,0.30532,-0.00101,-0.02509,-0.00000
339.30000,135.76000,-0.00533,0.30752,-0.00090,-0.02397,0.00000
339.40000,135.80000,-0.00711,0.30962,-0.00082,-0.02212,-0.00000
339.50000,135.84000,-0.00877,0.31157,-0.00076,-0.01958,0.00000
339.60000,135.88000,-0.01027,0.31335,-0.00070,-0.01643,0.00000
339.70000,135.92000,-0.01160,0.31495,-0.00065,-0.01274,0.00000
339.80000,135.96000,-0.01274,0.31632,-0.00059,-0.00865,-0.00000
339.90000,136.00000,-0.01368,0.31744,-0.00053,-0.00428,0.00000
340.00000,136.04000,-0.01440,0.31832,-0.00048,0.00023,-0.00000
340.10000,136.08000,-0.01489,0.31891,-0.00043,0.00474,0.00000
340.20000,136.12000,-0.01517,0.31923,-0.00039,0.00911,0.00000
340.30000,136.16000,-0.01521,0.31926,-0.00037,0.01320,-0.00000
340.40000,136.20000,-0.01505,0.31900,-0.00038,0.01690,0.00000
340.50000,136.24000,-0.01467,0.31846,-0.00042,0.02011,-0.00000
340.60000,136.28000,-0.01410,0.31765,-0.00049,0.02274,-0.00000
340.70000,136.32000,-0.01335,0.31659,-0.00059,0.02475,-0.00000
340.80000,136.36000,-0.01245,0.31529,-0.00071,0.02610,0.00000
340.90000,136.40000,-0.01140,0.31377,-0.00083,0.02678,0.00000
341.00000,136.44000,-0.01024,0.31207,-0.00094,0.02683,0.00000
341.10000,136.48000,-0.00899,0.31022,-0.00101,0.02627,0.00000
341.20000,136.52000,-0.00768,0.30825,-0.00102,0.02515,0.00000
341.30000,136.56000,-0.00632,0.30619,-0.00095,0.02356,0.00000
341.40000,136.60000,-0.00495,0.30408,-0.00077,0.02156,0.00000
341.50000,136.64000,-0.00359,0.30196,-0.00046,0.01924,0.00000
341.60000,136.68000,-0.00225,0.29986,-0.00001,0.01668,0.00000
341.70000,136.72000,-0.00096,0.29782,0.00060,0.01397,0.00000
341.80000,136.76000,0.00026,0.29586,0.00136,0.01118,-0.00000
341.90000,136.80000,0.00140,0.29402,0.00227,0.00838,0.00000
342.00000,136.84000,0.00245,0.29232,0.00330,0.00563,0.00000
342.10000,136.88000,0.00339,0.29078,0.00443,0.00297,0.00000
342.20000,136.92000,0.00421,0.28943,0.00561,0.00045,0.00000
342.30000,136.96000,0.00492,0.28827,0.00680,-0.00190,0.00000
342.40000,137.00000,0.00551,0.28732,0.00796,-0.00408,-0.00000
342.50000,137.04000,0.00598,0.28659,0.00903,-0.00608,-0.00000
342.60000,137.08000,0.00634,0.28607,0.00996,-0.00788,0.00000
342.70000,137.12000,0.00659,0.28577,0.01071,-0.00948,0.00000
342.80000,137.16000,0.00674,0.28568,0.01125,-0.01091,0.00000
342.90000,137.20000,0.00679,0.28579,0.01155,-0.01214,0.00000
343.00000,137.24000,0.00676,0.28611,0.01160,-0.01320,0.00000
343.10000,137.28000,0.00665,0.28661,0.01139,-0.01407,0.00000
343.20000,137.32000,0.00649,0.28728,0.01094,-0.01477,0.00000
343.30000,137.36000,0.00627,0.28812,0.01027,-0.01529,0.00000
343.40000,137.40000,0.00602,0.28909,0.00941,-0.01561,0.00000
343.50000,137.44000,0.00573,0.29020,0.00841,-0.01575,0.00000
343.60000,137.48000,0.00542,0.29141,0.00731,-0.01568,0.00000
343.70000,137.52000,0.00510,0.29270,0.00616,-0.01542,0.00000
343.80000,137.56000,0.00478,0.29407,0.00500,-0.01494,0.00000
343.90000,137.60000,0.00445,0.29548,0.00387,-0.01425,-0.00000
344.00000,137.64000,0.00412,0.29691,0.00280,-0.01336,0.00000
344.10000,137.68000,0.00380,0.29835,0.00181,-0.01228,0.00000
344.20000,137.72000,0.00349,0.29978,0.00091,-0.01102,0.00000
344.30000,137.76000,0.00319,0.30116,0.00009,-0.00961,0.00000
344.40000,137.80000,0.00290,0.30249,-0.00066,-0.00806,0.00000
344.50000,137.84000,0.00261,0.30375,-0.00135,-0.00642,0.00000
344.60000,137.88000,0.00234,0.30491,-0.00203,-0.00471,0.00000
344.70000,137.92000,0.00207,0.30597,-0.00271,-0.00297,0.00000
344.80000,137.96000,0.00182,0.30690,-0.00343,-0.00124,0.00000
344.90000,138.00000,0.00157,0.30770,-0.00422,0.00044,0.00000
345.00000,138.04000,0.00135,0.30835,-0.00510,0.00205,0.00000
345.10000,138.08000,0.00113,0.30886,-0.00606,0.00355,-0.00000
345.20000,138.12000,0.00093,0.30921,-0.00712,0.00493,-0.00000
345.30000,138.16000,0.00076,0.30941,-0.00825,0.00616,0.00000
345.40000,138.20000,0.00060,0.30945,-0.00941,0.00723,0.00000
345.50000,138.24000,0.00047,0.30935,-0.01058,0.00814,0.00000
345.60000,138.28000,0.00037,0.30911,-0.01169,0.00890,0.00000
345.70000,138.32000,0.00029,0.30873,-0.01269,0.00951,0.00000
345.80000,138.36000,0.00024,0.30823,-0.01353,0.00998,0.00000
345.90000,138.40000,0.00022,0.30762,-0.01413,0.01033,0.00000
346.00000,138.44000,0.00021,0.30691,-0.01446,0.01055,0.00000
346.10000,138.48000,0.00023,0.30612,-0.01448,0.01068,0.00000
346.20000,138.52000,0.00025,0.30526,-0.01415,0.01070,0.00000
346.30000,138.56000,0.00027,0.30435,-0.01348,0.01064,0.00000
346.40000,138.60000,0.00030,0.30340,-0.01247,0.01048,0.00000
346.50000,138.64000,0.00030,0.30243,-0.01115,0.01022,0.00000
346.60000,138.68000,0.00029,0.30146,-0.00957,0.00986,0.00000
346.70000,138.72000,0.00023,0.30049,-0.00780,0.00937,0.00000
346.80000,138.76000,0.00014,0.29955,-0.00589,0.00875,0.00000
346.90000,138.80000,-0.00001,0.29864,-0.00395,0.00799,0.00000
347.00000,138.84000,-0.00021,0.29778,-0.00204,0.00706,-0.00000
347.10000,138.88000,-0.00047,0.29698,-0.00026,0.00597,0.00000
347.20000,138.92000,-0.00080,0.29626,0.00134,0.00471,-0.00000
347.30000,138.96000,-0.00120,0.29562,0.00268,0.00329,-0.00000
347.40000,139.00000,-0.00166,0.29507,0.00373,0.00174,0.00000
347.50000,139.04000,-0.00218,0.29462,0.00445,0.00007,0.00000
347.60000,139.08000,-0.00275,0.29427,0.00485,-0.00167,0.00000
347.70000,139.12000,-0.00337,0.29404,0.00495,-0.00344,0.00000
347.80000,139.16000,-0.00401,0.29392,0.00476,-0.00519,0.00000
347.90000,139.20000,-0.00468,0.29391,0.00435,-0.00684,0.00000
348.00000,139.24000,-0.00536,0.29401,0.00378,-0.00835,0.00000
348.10000,139.28000,-0.00603,0.29423,0.00311,-0.00966,0.00000
348.20000,139.32000,-0.00668,0.29454,0.00241,-0.01070,-0.00000
348.30000,139.36000,-0.00729,0.29495,0.00177,-0.01144,-0.00000
348.40000,139.40000,-0.00785,0.29544,0.00123,-0.01183,0.00000
348.50000,139.44000,-0.00834,0.29601,0.00086,-0.01187,-0.00000
348.60000,139.48000,-0.00876,0.29664,0.00069,-0.01154,0.00000
348.70000,139.52000,-0.00910,0.29731,0.00074,-0.01086,-0.00000
348.80000,139.56000,-0.00933,0.29802,0.00102,-0.00987,0.00000
348.90000,139.60000,-0.00945,0.29875,0.00152,-0.00860,0.00000
349.00000,139.64000,-0.00946,0.29947,0.00222,-0.00711,-0.00000
349.10000,139.68000,-0.00934,0.30019,0.00306,-0.00548,0.00000
349.20000,139.72000,-0.00909,0.30088,0.00402,-0.00377,-0.00000
349.30000,139.76000,-0.00871,0.30153,0.00504,-0.00207,0.00000
349.40000,139.80000,-0.00820,0.30212,0.00606,-0.00045,0.00000
349.50000,139.84000,-0.00754,0.30265,0.00704,0.00102,-0.00000
349.60000,139.88000,-0.00675,0.30311,0.00793,0.00229,-0.00000
349.70000,139.92000,-0.00582,0.30348,0.00870,0.00332,-0.00000
349.80000,139.96000,-0.00476,0.30377,0.00932,0.00408,0.00000
349.90000,140.00000,-0.00357,0.30396,0.00979,0.00457,0.00000
350.00000,140.04000,-0.00227,0.30405,0.01009,0.00480,0.00000
350.10000,140.08000,-0.00086,0.30405,0.01025,0.00478,0.00000
350.20000,140.12000,0.00063,0.30395,0.01027,0.00457,0.00000
350.30000,140.16000,0.00221,0.30375,0.01018,0.00422,0.00000
350.40000,140.20000,0.00383,0.30347,0.01000,0.00378,0.00000
350.50000,140.24000,0.00549,0.30310,0.00975,0.00331,0.00000
350.60000,140.28000,0.00716,0.30265,0.00945,0.00288,0.00000
350.70000,140.32000,0.00880,0.30213,0.00912,0.00253,-0.00000
350.80000,140.36000,0.01040,0.30156,0.00876,0.00229,0.00000
350.90000,140.40000,0.01192,0.30093,0.00837,0.00221,-0.00000
351.00000,140.44000,0.01333,0.30028,0.00793,0.00228,-0.00000
351.10000,140.48000,0.01461,0.29960,0.00744,0.00250,0.00000
351.20000,140.52000,0.01572,0.29892,0.00686,0.00285,0.00000
351.30000,140.56000,0.01664,0.29825,0.00617,0.00330,0.00000
351.40000,140.60000,0.01734,0.29761,0.00534,0.00379,0.00000
351.50000,140.64000,0.01782,0.29702,0.00434,0.00429,0.00000
351.60000,140.68000,0.01805,0.29648,0.00317,0.00472,0.00000
351.70000,140.72000,0.01803,0.29602,0.00181,0.00504,-0.00000
351.80000,140.76000,0.01774,0.29565,0.00026,0.00520,-0.00000
351.90000,140.80000,0.01720,0.29538,-0.00147,0.00516,0.00000
352.00000,140.84000,0.01640,0.29523,-0.00334,0.00489,0.00000
352.10000,140.88000,0.01536,0.29519,-0.00533,0.00439,0.00000
352.20000,140.92000,0.01410,0.29528,-0.00738,0.00366,0.00000
352.30000,140.96000,0.01262,0.29549,-0.00943,0.00272,0.00000
352.40000,141.00000,0.01097,0.29583,-0.01142,0.00162,0.00000
352.50000,141.04000,0.00916,0.29629,-0.01328,0.00041,0.00000
352.60000,141.08000,0.00723,0.29686,-0.01496,-0.00085,0.00000
352.70000,141.12000,0.00519,0.29753,-0.01639,-0.00210,0.00000
352.80000,141.16000,0.00310,0.29828,-0.01753,-0.00327,0.00000
352.90000,141.20000,0.00097,0.29911,-0.01833,-0.00429,-0.00000
353.00000,141.24000,-0.00115,0.29999,-0.01877,-0.00512,-0.00000
353.10000,141.28000,-0.00326,0.30089,-0.01885,-0.00571,0.00000
353.20000,141.32000,-0.00530,0.30181,-0.01856,-0.00604,0.00000
353.30000,141.36000,-0.00727,0.30273,-0.01793,-0.00609,0.00000
353.40000,141.40000,-0.00913,0.30361,-0.01699,-0.00588,0.00000
353.50000,141.44000,-0.01086,0.30444,-0.01578,-0.00543,0.00000
353.60000,141.48000,-0.01246,0.30520,-0.01435,-0.00477,0.00000
353.70000,141.52000,-0.01389,0.30587,-0.01276,-0.00397,0.00000
353.80000,141.56000,-0.01516,0.30645,-0.01107,-0.00308,0.00000
353.90000,141.60000,-0.01624,0.30691,-0.00932,-0.00217,0.00000
354.00000,141.64000,-0.01713,0.30726,-0.00757,-0.00131,0.00000
354.10000,141.68000,-0.01783,0.30747,-0.00586,-0.00056,0.00000
354.20000,141.72000,-0.01833,0.30754,-0.00421,0.00004,0.00000
354.30000,141.76000,-0.01863,0.30748,-0.00265,0.00043,0.00000
354.40000,141.80000,-0.01873,0.30729,-0.00118,0.00059,0.00000
354.50000,141.84000,-0.01864,0.30696,0.00018,0.00051,0.00000
354.60000,141.88000,-0.01834,0.30651,0.00145,0.00019,0.00000
354.70000,141.92000,-0.01786,0.30595,0.00264,-0.00035,0.00000
354.80000,141.96000,-0.01720,0.30528,0.00378,-0.00107,0.00000
354.90000,142.00000,-0.01637,0.30452,0.00487,-0.00192,0.00000
355.00000,142.04000,-0.01537,0.30368,0.00594,-0.00285,0.00000
355.10000,142.08000,-0.01422,0.30278,0.00700,-0.00380,-0.00000
355.20000,142.12000,-0.01294,0.30183,0.00806,-0.00470,0.00000
355.30000,142.16000,-0.01153,0.30086,0.00914,-0.00548,0.00000
355.40000,142.20000,-0.01002,0.29988,0.01022,-0.00610,0.00000
355.50000,142.24000,-0.00843,0.29891,0.01129,-0.00650,0.00000
355.60000,142.28000,-0.00676,0.29797,0.01234,-0.00665,0.00000
355.70000,142.32000,-0.00505,0.29707,0.01334,-0.00652,0.00000
355.80000,142.36000,-0.00330,0.29623,0.01427,-0.00610,0.00000
355.90000,142.40000,-0.00155,0.29546,0.01509,-0.00539,-0.00000
356.00000,142.44000,0.00020,0.29478,0.01577,-0.00441,-0.00000
356.10000,142.48000,0.00192,0.29418,0.01629,-0.00318,0.00000
356.20000,142.52000,0.00359,0.29368,0.01661,-0.00174,-0.00000
356.30000,142.56000,0.00521,0.29327,0.01671,-0.00013,-0.00000
356.40000,142.60000,0.00674,0.29296,0.01658,0.00159,-0.00000
356.50000,142.64000,0.00819,0.29273,0.01620,0.00337,0.00000
356.60000,142.68000,0.00953,0.29259,0.01558,0.00515,0.00000
356.70000,142.72000,0.01076,0.29251,0.01472,0.00687,0.00000
356.80000,142.76000,0.01187,0.29250,0.01362,0.00848,-0.00000
356.90000,142.80000,0.01285,0.29253,0.01232,0.00993,0.00000
357.00000,142.84000,0.01370,0.29260,0.01082,0.01116,0.00000
357.10000,142.88000,0.01441,0.29269,0.00917,0.01215,-0.00000
357.20000,142.92000,0.01499,0.29278,0.00739,0.01285,0.00000
357.30000,142.96000,0.01542,0.29288,0.00552,0.01325,0.00000
357.40000,143.00000,0.01572,0.29297,0.00357,0.01332,0.00000
357.50000,143.04000,0.01588,0.29305,0.00160,0.01307,0.00000
357.60000,143.08000,0.01591,0.29312,-0.00038,0.01250,0.00000
357.70000,143.12000,0.01580,0.29319,-0.00234,0.01162,0.00000
357.80000,143.16000,0.01557,0.29327,-0.00426,0.01045,-0.00000
357.90000,143.20000,0.01521,0.29336,-0.00611,0.00903,0.00000
358.00000,143.24000,0.01472,0.29348,-0.00787,0.00741,0.00000
358.10000,143.28000,0.01412,0.29365,-0.00954,0.00562,0.00000
358.20000,143.32000,0.01340,0.29390,-0.01109,0.00372,0.00000
358.30000,143.36000,0.01258,0.29424,-0.01253,0.00178,0.00000
358.40000,143.40000,0.01165,0.29470,-0.01383,-0.00015,0.00000
358.50000,143.44000,0.01063,0.29528,-0.01498,-0.00199,0.00000
358.60000,143.48000,0.00952,0.29602,-0.01599,-0.00370,0.00000
358.70000,143.52000,0.00832,0.29693,-0.01683,-0.00522,0.00000
358.80000,143.56000,0.00706,0.29801,-0.01751,-0.00650,0.00000
358.90000,143.60000,0.00573,0.29926,-0.01800,-0.00751,0.00000
359.00000,143.64000,0.00434,0.30069,-0.01831,-0.00822,0.00000
359.10000,143.68000,0.00292,0.30229,-0.01842,-0.00863,0.00000
359.20000,143.72000,0.00146,0.30403,-0.01833,-0.00873,0.00000
359.30000,143.76000,-0.00001,0.30591,-0.01803,-0.00856,-0.00000
359.40000,143.80000,-0.00148,0.30787,-0.01750,-0.00813,-0.00000
359.50000,143.84000,-0.00293,0.30990,-0.01676,-0.00750,-0.00000
359.60000,143.88000,-0.00436,0.31196,-0.01578,-0.00672,0.00000
359.70000,143.92000,-0.00574,0.31399,-0.01459,-0.00584,0.00000
359.80000,143.96000,-0.00706,0.31595,-0.01317,-0.00494,0.00000
359.90000,144.00000,-0.00831,0.31780,-0.01154,-0.00408,0.00000
360.00000,144.04000,-0.00947,0.31948,-0.00971,-0.00332,0.00000
360.10000,144.08000,-0.01052,0.32095,-0.00769,-0.00270,0.00000
360.20000,144.12000,-0.01146,0.32216,-0.00550,-0.00226,-0.00000
360.30000,144.16000,-0.01227,0.32308,-0.00317,-0.00204,0.00000
360.40000,144.20000,-0.01294,0.32365,-0.00074,-0.00204,0.00000
360.50000,144.24000,-0.01347,0.32387,0.00178,-0.00225,0.00000
360.60000,144.28000,-0.01385,0.32369,0.00434,-0.00266,-0.00000
360.70000,144.32000,-0.01408,0.32311,0.00690,-0.00323,0.00000
360.80000,144.36000,-0.01415,0.32212,0.00941,-0.00391,-0.00000
360.90000,144.40000,-0.01407,0.32071,0.01184,-0.00465,-0.00000
361.00000,144.44000,-0.01384,0.31889,0.01412,-0.00539,0.00000
361.10000,144.48000,-0.01346,0.31669,0.01623,-0.00606,0.00000
361.20000,144.52000,-0.01294,0.31413,0.01810,-0.00661,0.00000
361.30000,144.56000,-0.01229,0.31125,0.01969,-0.00699,0.00000
361.40000,144.60000,-0.01151,0.30807,0.02098,-0.00716,0.00000
361.50000,144.64000,-0.01062,0.30466,0.02192,-0.00708,0.00000
361.60000,144.68000,-0.00963,0.30106,0.02250,-0.00675,0.00000
361.70000,144.72000,-0.00855,0.29734,0.02269,-0.00615,0.00000
361.80000,144.76000,-0.00741,0.29355,0.02249,-0.00531,0.00000
361.90000,144.80000,-0.00620,0.28976,0.02191,-0.00426,-0.00000
362.00000,144.84000,-0.00495,0.28602,0.02094,-0.00303,0.00000
362.10000,144.88000,-0.00368,0.28242,0.01963,-0.00166,0.00000
362.20000,144.92000,-0.00239,0.27900,0.01800,-0.00020,0.00000
362.30000,144.96000,-0.00112,0.27582,0.01610,0.00128,0.00000
362.40000,145.00000,0.00014,0.27295,0.01396,0.00275,0.00000
362.50000,145.04000,0.00135,0.27042,0.01166,0.00417,0.00000
362.60000,145.08000,0.00252,0.26829,0.00924,0.00549,0.00000
362.70000,145.12000,0.00361,0.26658,0.00677,0.00668,0.00000
362.80000,145.16000,0.00462,0.26533,0.00430,0.00774,0.00000
362.90000,145.20000,0.00553,0.26456,0.00189,0.00864,0.00000
363.00000,145.24000,0.00634,0.26428,-0.00041,0.00940,0.00000
363.10000,145.28000,0.00703,0.26449,-0.00256,0.01002,-0.00000
363.20000,145.32000,0.00759,0.26520,-0.00452,0.01050,0.00000
363.30000,145.36000,0.00802,0.26639,-0.00626,0.01088,0.00000
363.40000,145.40000,0.00832,0.26803,-0.00778,0.01115,0.00000
363.50000,145.44000,0.00847,0.27012,-0.00906,0.01134,-0.00000
363.60000,145.48000,0.00848,0.27262,-0.01011,0.01144,0.00000
363.70000,145.52000,0.00835,0.27550,-0.01095,0.01147,0.00000
363.80000,145.56000,0.00808,0.27871,-0.01158,0.01142,0.00000
363.90000,145.60000,0.00769,0.28222,-0.01206,0.01127,0.00000
364.00000,145.64000,0.00719,0.28598,-0.01239,0.01102,0.00000
364.10000,145.68000,0.00658,0.28995,-0.01262,0.01065,0.00000
364.20000,145.72000,0.00587,0.29407,-0.01278,0.01012,-0.00000
364.30000,145.76000,0.00509,0.29829,-0.01290,0.00944,0.00000
364.40000,145.80000,0.00426,0.30257,-0.01302,0.00856,0.00000
364.50000,145.84000,0.00338,0.30686,-0.01314,0.00750,0.00000
364.60000,145.88000,0.00249,0.31110,-0.01330,0.00623,0.00000
364.70000,145.92000,0.00160,0.31524,-0.01349,0.00478,0.00000
364.80000,145.96000,0.00073,0.31923,-0.01373,0.00314,-0.00000
364.90000,146.00000,-0.00010,0.32303,-0.01400,0.00136,-0.00000
365.00000,146.04000,-0.00086,0.32657,-0.01429,-0.00053,0.00000
365.10000,146.08000,-0.00154,0.32983,-0.01458,-0.00249,0.00000
365.20000,146.12000,-0.00213,0.33274,-0.01484,-0.00446,0.00000
365.30000,146.16000,-0.00261,0.33528,-0.01505,-0.00639,0.00000
365.40000,146.20000,-0.00297,0.33739,-0.01516,-0.00823,0.00000
365.50000,146.24000,-0.00319,0.33905,-0.01516,-0.00991,-0.00000
365.60000,146.28000,-0.00328,0.34023,-0.01499,-0.01140,0.00000
365.70000,146.32000,-0.00324,0.34090,-0.01463,-0.01264,0.00000
365.80000,146.36000,-0.00305,0.34104,-0.01406,-0.01361,0.00000
365.90000,146.40000,-0.00273,0.34065,-0.01324,-0.01430,0.00000
366.00000,146.44000,-0.00228,0.33973,-0.01216,-0.01468,-0.00000
366.10000,146.48000,-0.00172,0.33828,-0.01081,-0.01477,0.00000
366.20000,146.52000,-0.00105,0.33631,-0.00919,-0.01457,0.00000
366.30000,146.56000,-0.00030,0.33386,-0.00730,-0.01412,0.00000
366.40000,146.60000,0.00053,0.33094,-0.00516,-0.01344,0.00000
366.50000,146.64000,0.00140,0.32761,-0.00279,-0.01257,0.00000
366.60000,146.68000,0.00230,0.32390,-0.00023,-0.01155,0.00000
366.70000,146.72000,0.00322,0.31987,0.00251,-0.01041,0.00000
366.80000,146.76000,0.00412,0.31559,0.00536,-0.00919,0.00000
366.90000,146.80000,0.00498,0.31110,0.00828,-0.00792,-0.00000
367.00000,146.84000,0.00579,0.30649,0.01123,-0.00662,0.00000
367.10000,146.88000,0.00653,0.30181,0.01416,-0.00532,0.00000
367.20000,146.92000,0.00717,0.29714,0.01700,-0.00403,0.00000
367.30000,146.96000,0.00771,0.29253,0.01971,-0.00275,0.00000
367.40000,147.00000,0.00813,0.28807,0.02223,-0.00150,0.00000
367.50000,147.04000,0.00842,0.28380,0.02453,-0.00028,0.00000
367.60000,147.08000,0.00857,0.27979,0.02656,0.00091,0.00000
367.70000,147.12000,0.00858,0.27609,0.02827,0.00207,0.00000
367.80000,147.16000,0.00844,0.27275,0.02965,0.00319,0.00000
367.90000,147.20000,0.00816,0.26980,0.03065,0.00427,0.00000
368.00000,147.24000,0.00773,0.26728,0.03126,0.00528,-0.00000
368.10000,147.28000,0.00717,0.26522,0.03145,0.00623,0.00000
368.20000,147.32000,0.00648,0.26364,0.03123,0.00710,0.00000
368.30000,147.36000,0.00567,0.26254,0.03057,0.00785,0.00000
368.40000,147.40000,0.00474,0.26194,0.02948,0.00849,-0.00000
368.50000,147.44000,0.00372,0.26183,0.02796,0.00899,-0.00000
368.60000,147.48000,0.00260,0.26220,0.02602,0.00933,0.00000
368.70000,147.52000,0.00141,0.26304,0.02366,0.00951,0.00000
368.80000,147.56000,0.00016,0.26432,0.02091,0.00953,0.00000
368.90000,147.60000,-0.00114,0.26602,0.01778,0.00939,-0.00000
369.00000,147.64000,-0.00247,0.26811,0.01431,0.00910,0.00000
369.10000,147.68000,-0.00383,0.27056,0.01052,0.00867,-0.00000
369.20000,147.72000,-0.00519,0.27331,0.00646,0.00814,0.00000
369.30000,147.76000,-0.00653,0.27632,0.00218,0.00753,-0.00000
369.40000,147.80000,-0.00786,0.27955,-0.00226,0.00687,0.00000
369.50000,147.84000,-0.00914,0.28294,-0.00681,0.00619,-0.00000
369.60000,147.88000,-0.01037,0.28646,-0.01139,0.00552,0.00000
369.70000,147.92000,-0.01153,0.29003,-0.01592,0.00488,0.00000
369.80000,147.96000,-0.01261,0.29362,-0.02031,0.00431,0.00000
369.90000,148.00000,-0.01358,0.29717,-0.02447,0.00381,0.00000
370.00000,148.04000,-0.01444,0.30064,-0.02832,0.00338,0.00000
370.10000,148.08000,-0.01517,0.30398,-0.03175,0.00302,0.00000
370.20000,148.12000,-0.01577,0.30715,-0.03468,0.00272,-0.00000
370.30000,148.16000,-0.01621,0.31012,-0.03704,0.00246,0.00000
370.40000,148.20000,-0.01649,0.31285,-0.03875,0.00222,0.00000
370.50000,148.24000,-0.01660,0.31532,-0.03975,0.00197,-0.00000
370.60000,148.28000,-0.01653,0.31751,-0.04001,0.00169,-0.00000
370.70000,148.32000,-0.01628,0.31941,-0.03951,0.00135,-0.00000
370.80000,148.36000,-0.01586,0.32100,-0.03824,0.00092,0.00000
370.90000,148.40000,-0.01525,0.32229,-0.03624,0.00040,0.00000
371.00000,148.44000,-0.01446,0.32327,-0.03356,-0.00022,0.00000
371.10000,148.48000,-0.01351,0.32396,-0.03026,-0.00094,0.00000
371.20000,148.52000,-0.01239,0.32436,-0.02643,-0.00176,0.00000
371.30000,148.56000,-0.01112,0.32449,-0.02218,-0.00266,0.00000
371.40000,148.60000,-0.00972,0.32436,-0.01762,-0.00361,0.00000
371.50000,148.64000,-0.00818,0.32399,-0.01289,-0.00458,0.00000
371.60000,148.68000,-0.00654,0.32341,-0.00812,-0.00555,-0.00000
371.70000,148.72000,-0.00480,0.32263,-0.00343,-0.00648,0.00000
371.80000,148.76000,-0.00299,0.32168,0.00106,-0.00734,0.00000
371.90000,148.80000,-0.00111,0.32057,0.00524,-0.00811,0.00000
372.00000,148.84000,0.00080,0.31932,0.00901,-0.00877,0.00000
372.10000,148.88000,0.00274,0.31795,0.01231,-0.00930,0.00000
372.20000,148.92000,0.00468,0.31649,0.01509,-0.00970,0.00000
372.30000,148.96000,0.00660,0.31495,0.01731,-0.00996,0.00000
372.40000,149.00000,0.00850,0.31335,0.01899,-0.01009,0.00000
372.50000,149.04000,0.01034,0.31169,0.02014,-0.01009,-0.00000
372.60000,149.08000,0.01212,0.31001,0.02080,-0.00997,-0.00000
372.70000,149.12000,0.01381,0.30831,0.02103,-0.00975,-0.00000
372.80000,149.16000,0.01540,0.30660,0.02089,-0.00944,0.00000
372.90000,149.20000,0.01688,0.30491,0.02046,-0.00903,0.00000
373.00000,149.24000,0.01821,0.30324,0.01981,-0.00853,-0.00000
373.10000,149.28000,0.01939,0.30161,0.01902,-0.00793,-0.00000
373.20000,149.32000,0.02041,0.30004,0.01815,-0.00723,0.00000
373.30000,149.36000,0.02124,0.29852,0.01725,-0.00642,0.00000
373.40000,149.40000,0.02188,0.29707,0.01638,-0.00547,-0.00000
373.50000,149.44000,0.02231,0.29570,0.01556,-0.00437,0.00000
373.60000,149.48000,0.02252,0.29442,0.01479,-0.00311,0.00000
373.70000,149.52000,0.02250,0.29323,0.01409,-0.00167,0.00000
373.80000,149.56000,0.02225,0.29215,0.01342,-0.00007,-0.00000
373.90000,149.60000,0.02177,0.29116,0.01276,0.00170,-0.00000
374.00000,149.64000,0.02106,0.29027,0.01209,0.00361,0.00000
374.10000,149.68000,0.02012,0.28948,0.01136,0.00562,0.00000
374.20000,149.72000,0.01895,0.28880,0.01054,0.00770,0.00000
374.30000,149.76000,0.01759,0.28821,0.00959,0.00977,0.00000
374.40000,149.80000,0.01603,0.28772,0.00849,0.01177,0.00000
374.50000,149.84000,0.01429,0.28732,0.00723,0.01362,0.00000
374.60000,149.88000,0.01240,0.28701,0.00580,0.01524,0.00000
374.70000,149.92000,0.01039,0.28679,0.00421,0.01656,0.00000
374.80000,149.96000,0.00827,0.28665,0.00249,0.01750,0.00000
374.90000,150.00000,0.00607,0.28660,0.00066,0.01800,0.00000
375.00000,150.04000,0.00382,0.28663,-0.00123,0.01802,0.00000
375.10000,150.08000,0.00155,0.28675,-0.00312,0.01753,0.00000
375.20000,150.12000,-0.00072,0.28695,-0.00496,0.01652,0.00000
375.30000,150.16000,-0.00296,0.28725,-0.00669,0.01502,0.00000
375.40000,150.20000,-0.00514,0.28763,-0.00826,0.01306,0.00000
375.50000,150.24000,-0.00726,0.28812,-0.00962,0.01071,0.00000
375.60000,150.28000,-0.00928,0.28870,-0.01072,0.00805,0.00000
375.70000,150.32000,-0.01120,0.28939,-0.01153,0.00518,-0.00000
375.80000,150.36000,-0.01299,0.29018,-0.01202,0.00220,0.00000
375.90000,150.40000,-0.01465,0.29107,-0.01219,-0.00076,0.00000
376.00000,150.44000,-0.01617,0.29205,-0.01205,-0.00360,0.00000
376.10000,150.48000,-0.01755,0.29313,-0.01159,-0.00622,0.00000
376.20000,150.52000,-0.01877,0.29428,-0.01085,-0.00852,-0.00000
376.30000,150.56000,-0.01983,0.29550,-0.00987,-0.01043,0.00000
376.40000,150.60000,-0.02074,0.29678,-0.00868,-0.01190,0.00000
376.50000,150.64000,-0.02149,0.29809,-0.00733,-0.01289,0.00000
376.60000,150.68000,-0.02208,0.29942,-0.00586,-0.01339,0.00000
376.70000,150.72000,-0.02252,0.30075,-0.00434,-0.01342,0.00000
376.80000,150.76000,-0.02280,0.30204,-0.00280,-0.01301,0.00000
376.90000,150.80000,-0.02291,0.30329,-0.00130,-0.01222,-0.00000
377.00000,150.84000,-0.02288,0.30446,0.00012,-0.01112,0.00000
377.10000,150.88000,-0.02268,0.30554,0.00143,-0.00977,0.00000
377.20000,150.92000,-0.02232,0.30651,0.00257,-0.00827,0.00000
377.30000,150.96000,-0.02181,0.30735,0.00354,-0.00668,0.00000
377.40000,151.00000,-0.02113,0.30805,0.00429,-0.00510,0.00000
377.50000,151.04000,-0.02029,0.30860,0.00481,-0.00357,0.00000
377.60000,151.08000,-0.01930,0.30900,0.00508,-0.00217,0.00000
377.70000,151.12000,-0.01814,0.30923,0.00510,-0.00094,0.00000
377.80000,151.16000,-0.01682,0.30931,0.00487,0.00011,0.00000
377.90000,151.20000,-0.01534,0.30925,0.00438,0.00094,-0.00000
378.00000,151.24000,-0.01371,0.30904,0.00365,0.00155,0.00000
378.10000,151.28000,-0.01192,0.30871,0.00270,0.00196,-0.00000
378.20000,151.32000,-0.00999,0.30828,0.00154,0.00217,0.00000
378.30000,151.36000,-0.00792,0.30774,0.00022,0.00221,0.00000
378.40000,151.40000,-0.00572,0.30714,-0.00123,0.00211,0.00000
378.50000,151.44000,-0.00340,0.30648,-0.00276,0.00189,0.00000
378.60000,151.48000,-0.00098,0.30578,-0.00432,0.00157,0.00000
378.70000,151.52000,0.00153,0.30506,-0.00586,0.00120,0.00000
378.80000,151.56000,0.00410,0.30434,-0.00732,0.00077,0.00000
378.90000,151.60000,0.00672,0.30363,-0.00864,0.00032,-0.00000
379.00000,151.64000,0.00936,0.30294,-0.00976,-0.00014,0.00000
379.10000,151.68000,0.01200,0.30229,-0.01064,-0.00060,-0.00000
379.20000,151.72000,0.01460,0.30168,-0.01124,-0.00103,0.00000
379.30000,151.76000,0.01714,0.30111,-0.01151,-0.00144,-0.00000
379.40000,151.80000,0.01959,0.30060,-0.01145,-0.00181,-0.00000
379.50000,151.84000,0.02190,0.30014,-0.01104,-0.00212,0.00000
379.60000,151.88000,0.02405,0.29974,-0.01030,-0.00235,0.00000
379.70000,151.92000,0.02601,0.29938,-0.00924,-0.00250,0.00000
379.80000,151.96000,0.02773,0.29909,-0.00791,-0.00254,0.00000
379.90000,152.00000,0.02919,0.29884,-0.00636,-0.00246,0.00000
380.00000,152.04000,0.03035,0.29864,-0.00465,-0.00224,-0.00000
380.10000,152.08000,0.03120,0.29848,-0.00284,-0.00187,0.00000
380.20000,152.12000,0.03170,0.29837,-0.00100,-0.00134,0.00000
380.30000,152.16000,0.03183,0.29830,0.00079,-0.00067,0.00000
380.40000,152.20000,0.03159,0.29827,0.00247,0.00015,0.00000
380.50000,152.24000,0.03097,0.29828,0.00399,0.00109,-0.00000
380.60000,152.28000,0.02995,0.29831,0.00529,0.00213,0.00000
380.70000,152.32000,0.02855,0.29838,0.00635,0.00323,0.00000
380.80000,152.36000,0.02676,0.29847,0.00715,0.00435,-0.00000
380.90000,152.40000,0.02462,0.29859,0.00768,0.00543,0.00000
381.00000,152.44000,0.02212,0.29872,0.00797,0.00643,0.00000
381.10000,152.48000,0.01931,0.29887,0.00804,0.00730,0.00000
381.20000,152.52000,0.01622,0.29902,0.00793,0.00798,0.00000
381.30000,152.56000,0.01287,0.29917,0.00769,0.00845,-0.00000
381.40000,152.60000,0.00931,0.29932,0.00737,0.00866,0.00000
381.50000,152.64000,0.00559,0.29945,0.00704,0.00860,0.00000
381.60000,152.68000,0.00174,0.29957,0.00674,0.00827,-0.00000
381.70000,152.72000,-0.00217,0.29966,0.00652,0.00766,0.00000
381.80000,152.76000,-0.00611,0.29973,0.00641,0.00681,0.00000
381.90000,152.80000,-0.01001,0.29977,0.00645,0.00573,0.00000
382.00000,152.84000,-0.01383,0.29978,0.00663,0.00449,0.00000
382.10000,152.88000,-0.01751,0.29977,0.00696,0.00313,0.00000
382.20000,152.92000,-0.02100,0.29973,0.00741,0.00170,0.00000
382.30000,152.96000,-0.02426,0.29968,0.00796,0.00028,0.00000
382.40000,153.00000,-0.02723,0.29962,0.00856,-0.00110,0.00000
382.50000,153.04000,-0.02987,0.29956,0.00917,-0.00238,0.00000
382.60000,153.08000,-0.03215,0.29951,0.00974,-0.00351,0.00000
382.70000,153.12000,-0.03401,0.29949,0.01020,-0.00446,-0.00000
382.80000,153.16000,-0.03544,0.29949,0.01052,-0.00522,-0.00000
382.90000,153.20000,-0.03639,0.29954,0.01064,-0.00578,0.00000
383.00000,153.24000,-0.03686,0.29963,0.01054,-0.00614,0.00000
383.10000,153.28000,-0.03683,0.29978,0.01019,-0.00632,0.00000
383.20000,153.32000,-0.03628,0.29998,0.00958,-0.00633,0.00000
383.30000,153.36000,-0.03523,0.30024,0.00871,-0.00620,0.00000
383.40000,153.40000,-0.03367,0.30055,0.00759,-0.00596,0.00000
383.50000,153.44000,-0.03163,0.30090,0.00626,-0.00565,0.00000
383.60000,153.48000,-0.02912,0.30128,0.00474,-0.00528,0.00000
383.70000,153.52000,-0.02619,0.30167,0.00307,-0.00488,0.00000
383.80000,153.56000,-0.02287,0.30206,0.00131,-0.00446,0.00000
383.90000,153.60000,-0.01921,0.30242,-0.00051,-0.00402,0.00000
384.00000,153.64000,-0.01527,0.30273,-0.00234,-0.00357,-0.00000
384.10000,153.68000,-0.01111,0.30296,-0.00413,-0.00310,-0.00000
384.20000,153.72000,-0.00680,0.30310,-0.00586,-0.00260,0.00000
384.30000,153.76000,-0.00240,0.30312,-0.00748,-0.00204,-0.00000
384.40000,153.80000,0.00200,0.30301,-0.00898,-0.00143,0.00000
384.50000,153.84000,0.00634,0.30275,-0.01033,-0.00074,0.00000
384.60000,153.88000,0.01055,0.30233,-0.01153,0.00002,-0.00000
384.70000,153.92000,0.01455,0.30175,-0.01257,0.00085,0.00000
384.80000,153.96000,0.01828,0.30102,-0.01344,0.00175,0.00000
384.90000,154.00000,0.02168,0.30013,-0.01416,0.00268,-0.00000
385.00000,154.04000,0.02470,0.29911,-0.01471,0.00362,0.00000
385.10000,154.08000,0.02728,0.29798,-0.01511,0.00453,0.00000
385.20000,154.12000,0.02941,0.29676,-0.01535,0.00537,-0.00000
385.30000,154.16000,0.03104,0.29549,-0.01543,0.00608,-0.00000
385.40000,154.20000,0.03217,0.29420,-0.01536,0.00663,0.00000
385.50000,154.24000,0.03278,0.29293,-0.01512,0.00695,0.00000
385.60000,154.28000,0.03288,0.29172,-0.01472,0.00703,0.00000
385.70000,154.32000,0.03248,0.29060,-0.01415,0.00683,-0.00000
385.80000,154.36000,0.03160,0.28962,-0.01341,0.00634,0.00000
385.90000,154.40000,0.03028,0.28881,-0.01250,0.00557,0.00000
386.00000,154.44000,0.02855,0.28820,-0.01142,0.00453,0.00000
386.10000,154.48000,0.02645,0.28781,-0.01019,0.00326,0.00000
386.20000,154.52000,0.02403,0.28767,-0.00880,0.00180,0.00000
386.30000,154.56000,0.02134,0.28779,-0.00729,0.00022,0.00000
386.40000,154.60000,0.01843,0.28818,-0.00567,-0.00141,0.00000
386.50000,154.64000,0.01536,0.28884,-0.00398,-0.00304,-0.00000
386.60000,154.68000,0.01218,0.28976,-0.00224,-0.00458,0.00000
386.70000,154.72000,0.00894,0.29092,-0.00049,-0.00596,0.00000
386.80000,154.76000,0.00569,0.29232,0.00124,-0.00715,0.00000
386.90000,154.80000,0.00249,0.29392,0.00290,-0.00808,0.00000
387.00000,154.84000,-0.00064,0.29570,0.00448,-0.00873,0.00000
387.10000,154.88000,-0.00364,0.29762,0.00592,-0.00909,0.00000
387.20000,154.92000,-0.00649,0.29964,0.00722,-0.00917,0.00000
387.30000,154.96000,-0.00914,0.30174,0.00836,-0.00898,0.00000
387.40000,155.00000,-0.01158,0.30386,0.00931,-0.00856,0.00000
387.50000,155.04000,-0.01379,0.30597,0.01008,-0.00795,-0.00000
387.60000,155.08000,-0.01575,0.30802,0.01065,-0.00722,0.00000
387.70000,155.12000,-0.01744,0.30999,0.01105,-0.00640,0.00000
387.80000,155.16000,-0.01886,0.31183,0.01127,-0.00555,0.00000
387.90000,155.20000,-0.02001,0.31351,0.01133,-0.00472,-0.00000
388.00000,155.24000,-0.02088,0.31501,0.01124,-0.00395,0.00000
388.10000,155.28000,-0.02148,0.31628,0.01102,-0.00324,0.00000
388.20000,155.32000,-0.02181,0.31732,0.01069,-0.00263,0.00000
388.30000,155.36000,-0.02188,0.31811,0.01026,-0.00208,-0.00000
388.40000,155.40000,-0.02170,0.31862,0.00975,-0.00159,-0.00000
388.50000,155.44000,-0.02127,0.31886,0.00917,-0.00112,-0.00000
388.60000,155.48000,-0.02062,0.31881,0.00853,-0.00062,0.00000
388.70000,155.52000,-0.01975,0.31848,0.00785,-0.00004,0.00000
388.80000,155.56000,-0.01869,0.31787,0.00714,0.00065,-0.00000
388.90000,155.60000,-0.01744,0.31699,0.00640,0.00152,0.00000
389.00000,155.64000,-0.01602,0.31586,0.00564,0.00259,0.00000
389.10000,155.68000,-0.01444,0.31449,0.00487,0.00388,0.00000
389.20000,155.72000,-0.01274,0.31291,0.00410,0.00539,-0.00000
389.30000,155.76000,-0.01091,0.31113,0.00335,0.00712,0.00000
389.40000,155.80000,-0.00900,0.30918,0.00261,0.00902,0.00000
389.50000,155.84000,-0.00700,0.30710,0.00191,0.01104,-0.00000
389.60000,155.88000,-0.00495,0.30490,0.00125,0.01311,0.00000
389.70000,155.92000,-0.00287,0.30264,0.00065,0.01513,0.00000
389.80000,155.96000,-0.00078,0.30032,0.00010,0.01700,0.00000
389.90000,156.00000,0.00130,0.29800,-0.00037,0.01862,0.00000
390.00000,156.04000,0.00334,0.29571,-0.00077,0.01988,0.00000
390.10000,156.08000,0.00532,0.29347,-0.00110,0.02069,0.00000
390.20000,156.12000,0.00721,0.29131,-0.00135,0.02097,0.00000
390.30000,156.16000,0.00899,0.28928,-0.00153,0.02064,0.00000
390.40000,156.20000,0.01064,0.28739,-0.00164,0.01967,0.00000
390.50000,156.24000,0.01213,0.28568,-0.00171,0.01805,0.00000
390.60000,156.28000,0.01344,0.28417,-0.00173,0.01577,0.00000
390.70000,156.32000,0.01456,0.28287,-0.00173,0.01289,0.00000
390.80000,156.36000,0.01547,0.28182,-0.00170,0.00948,0.00000
390.90000,156.40000,0.01616,0.28102,-0.00167,0.00562,0.00000
391.00000,156.44000,0.01662,0.28050,-0.00164,0.00145,0.00000
391.10000,156.48000,0.01685,0.28025,-0.00162,-0.00292,0.00000
391.20000,156.52000,0.01684,0.28028,-0.00161,-0.00733,0.00000
391.30000,156.56000,0.01659,0.28059,-0.00161,-0.01165,0.00000
391.40000,156.60000,0.01612,0.28118,-0.00162,-0.01573,0.00000
391.50000,156.64000,0.01544,0.28204,-0.00163,-0.01943,-0.00000
391.60000,156.68000,0.01455,0.28316,-0.00164,-0.02263,0.00000
391.70000,156.72000,0.01349,0.28452,-0.00165,-0.02525,0.00000
391.80000,156.76000,0.01226,0.28610,-0.00164,-0.02719,0.00000
391.90000,156.80000,0.01090,0.28787,-0.00162,-0.02842,0.00000
392.00000,156.84000,0.00943,0.28980,-0.00159,-0.02890,0.00000
392.10000,156.88000,0.00788,0.29188,-0.00155,-0.02866,0.00000
392.20000,156.92000,0.00627,0.29405,-0.00151,-0.02771,0.00000
392.30000,156.96000,0.00463,0.29628,-0.00148,-0.02611,0.00000
392.40000,157.00000,0.00299,0.29854,-0.00149,-0.02394,0.00000
392.50000,157.04000,0.00138,0.30079,-0.00154,-0.02129,0.00000
392.60000,157.08000,-0.00018,0.30300,-0.00165,-0.01826,0.00000
392.70000,157.12000,-0.00166,0.30511,-0.00185,-0.01495,0.00000
392.80000,157.16000,-0.00305,0.30712,-0.00215,-0.01146,0.00000
392.90000,157.20000,-0.00433,0.30897,-0.00255,-0.00792,-0.00000
393.00000,157.24000,-0.00548,0.31065,-0.00306,-0.00440,0.00000
393.10000,157.28000,-0.00649,0.31212,-0.00368,-0.00100,0.00000
393.20000,157.32000,-0.00736,0.31338,-0.00439,0.00221,0.00000
393.30000,157.36000,-0.00807,0.31441,-0.00517,0.00518,0.00000
393.40000,157.40000,-0.00863,0.31519,-0.00600,0.00785,0.00000
393.50000,157.44000,-0.00903,0.31572,-0.00683,0.01020,0.00000
393.60000,157.48000,-0.00929,0.31600,-0.00763,0.01222,0.00000
393.70000,157.52000,-0.00940,0.31604,-0.00835,0.01390,0.00000
393.80000,157.56000,-0.00938,0.31584,-0.00894,0.01526,0.00000
393.90000,157.60000,-0.00924,0.31541,-0.00938,0.01629,0.00000
394.00000,157.64000,-0.00900,0.31477,-0.00961,0.01703,0.00000
394.10000,157.68000,-0.00865,0.31393,-0.00962,0.01750,0.00000
394.20000,157.72000,-0.00823,0.31293,-0.00938,0.01771,0.00000
394.30000,157.76000,-0.00774,0.31176,-0.00890,0.01770,0.00000
394.40000,157.80000,-0.00720,0.31047,-0.00817,0.01748,0.00000
394.50000,157.84000,-0.00662,0.30907,-0.00721,0.01708,0.00000
394.60000,157.88000,-0.00602,0.30758,-0.00607,0.01650,0.00000
394.70000,157.92000,-0.00541,0.30603,-0.00477,0.01575,0.00000
394.80000,157.96000,-0.00481,0.30445,-0.00336,0.01485,-0.00000
394.90000,158.00000,-0.00421,0.30285,-0.00190,0.01379,0.00000
395.00000,158.04000,-0.00364,0.30126,-0.00043,0.01260,-0.00000
395.10000,158.08000,-0.00309,0.29970,0.00099,0.01127,-0.00000
395.20000,158.12000,-0.00257,0.29818,0.00232,0.00981,-0.00000
395.30000,158.16000,-0.00209,0.29674,0.00354,0.00823,0.00000
395.40000,158.20000,-0.00163,0.29539,0.00461,0.00656,-0.00000
395.50000,158.24000,-0.00122,0.29414,0.00554,0.00481,-0.00000
395.60000,158.28000,-0.00083,0.29300,0.00631,0.00300,0.00000
395.70000,158.32000,-0.00048,0.29201,0.00694,0.00116,0.00000
395.80000,158.36000,-0.00016,0.29115,0.00745,-0.00067,-0.00000
395.90000,158.40000,0.00013,0.29046,0.00788,-0.00247,0.00000
396.00000,158.44000,0.00040,0.28992,0.00824,-0.00419,-0.00000
396.10000,158.48000,0.00064,0.28955,0.00858,-0.00581,0.00000
396.20000,158.52000,0.00086,0.28934,0.00892,-0.00729,0.00000
396.30000,158.56000,0.00105,0.28931,0.00929,-0.00861,0.00000
396.40000,158.60000,0.00123,0.28943,0.00969,-0.00974,-0.00000
396.50000,158.64000,0.00138,0.28972,0.01014,-0.01067,0.00000
396.60000,158.68000,0.00151,0.29015,0.01061,-0.01138,-0.00000
396.70000,158.72000,0.00162,0.29072,0.01108,-0.01188,-0.00000
396.80000,158.76000,0.00170,0.29142,0.01153,-0.01216,0.00000
396.90000,158.80000,0.00176,0.29222,0.01191,-0.01225,0.00000
397.00000,158.84000,0.00180,0.29312,0.01217,-0.01215,0.00000
397.10000,158.88000,0.00182,0.29410,0.01228,-0.01189,0.00000
397.20000,158.92000,0.00182,0.29513,0.01217,-0.01149,0.00000
397.30000,158.96000,0.00180,0.29621,0.01181,-0.01096,0.00000
397.40000,159.00000,0.00177,0.29730,0.01118,-0.01034,0.00000
397.50000,159.04000,0.00174,0.29840,0.01026,-0.00963,0.00000
397.60000,159.08000,0.00171,0.29949,0.00905,-0.00885,0.00000
397.70000,159.12000,0.00170,0.30055,0.00756,-0.00801,0.00000
397.80000,159.16000,0.00169,0.30156,0.00585,-0.00713,0.00000
397.90000,159.20000,0.00172,0.30251,0.00395,-0.00619,0.00000
398.00000,159.24000,0.00177,0.30339,0.00193,-0.00519,0.00000
398.10000,159.28000,0.00187,0.30419,-0.00013,-0.00413,0.00000
398.20000,159.32000,0.00200,0.30490,-0.00216,-0.00301,0.00000
398.30000,159.36000,0.00219,0.30551,-0.00407,-0.00182,0.00000
398.40000,159.40000,0.00242,0.30601,-0.00579,-0.00056,0.00000
398.50000,159.44000,0.00270,0.30640,-0.00725,0.00077,0.00000
398.60000,159.48000,0.00302,0.30667,-0.00840,0.00215,0.00000
398.70000,159.52000,0.00339,0.30683,-0.00921,0.00358,0.00000
398.80000,159.56000,0.00378,0.30687,-0.00966,0.00502,0.00000
398.90000,159.60000,0.00420,0.30680,-0.00976,0.00644,0.00000
399.00000,159.64000,0.00463,0.30661,-0.00953,0.00780,0.00000
399.10000,159.68000,0.00506,0.30632,-0.00902,0.00906,0.00000
399.20000,159.72000,0.00547,0.30593,-0.00827,0.01017,0.00000
399.30000,159.76000,0.00585,0.30544,-0.00737,0.01107,0.00000
399.40000,159.80000,0.00619,0.30488,-0.00639,0.01173,0.00000
399.50000,159.84000,0.00648,0.30424,-0.00541,0.01211,0.00000
399.60000,159.88000,0.00669,0.30354,-0.00449,0.01217,0.00000
399.70000,159.92000,0.00683,0.30280,-0.00371,0.01190,0.00000
399.80000,159.96000,0.00687,0.30202,-0.00311,0.01129,0.00000
399.90000,160.00000,0.00682,0.30124,-0.00273,0.01035,0.00000
400.00000,160.04000,0.00666,0.30045,-0.00260,0.00911,0.00000
400.10000,160.08000,0.00639,0.29968,-0.00271,0.00761,0.00000
400.20000,160.12000,0.00601,0.29894,-0.00304,0.00590,0.00000
400.30000,160.16000,0.00551,0.29824,-0.00357,0.00405,0.00000
400.40000,160.20000,0.00490,0.29760,-0.00424,0.00214,0.00000
400.50000,160.24000,0.00419,0.29704,-0.00502,0.00023,0.00000
400.60000,160.28000,0.00337,0.29655,-0.00583,-0.00159,-0.00000
400.70000,160.32000,0.00244,0.29615,-0.00662,-0.00326,0.00000
400.80000,160.36000,0.00143,0.29585,-0.00733,-0.00471,0.00000
400.90000,160.40000,0.00033,0.29564,-0.00793,-0.00589,0.00000
401.00000,160.44000,-0.00084,0.29554,-0.00836,-0.00677,0.00000
401.10000,160.48000,-0.00208,0.29554,-0.00861,-0.00732,0.00000
401.20000,160.52000,-0.00336,0.29564,-0.00867,-0.00757,0.00000
401.30000,160.56000,-0.00468,0.29583,-0.00853,-0.00751,0.00000
401.40000,160.60000,-0.00602,0.29611,-0.00820,-0.00719,0.00000
401.50000,160.64000,-0.00736,0.29648,-0.00771,-0.00666,0.00000
401.60000,160.68000,-0.00867,0.29692,-0.00709,-0.00597,-0.00000
401.70000,160.72000,-0.00995,0.29743,-0.00637,-0.00518,-0.00000
401.80000,160.76000,-0.01117,0.29799,-0.00557,-0.00438,-0.00000
401.90000,160.80000,-0.01230,0.29859,-0.00473,-0.00360,-0.00000
402.00000,160.84000,-0.01333,0.29922,-0.00387,-0.00292,0.00000
402.10000,160.88000,-0.01422,0.29987,-0.00301,-0.00237,0.00000
402.20000,160.92000,-0.01497,0.30052,-0.00215,-0.00197,0.00000
402.30000,160.96000,-0.01553,0.30116,-0.00130,-0.00175,-0.00000
402.40000,161.00000,-0.01591,0.30177,-0.00044,-0.00169,0.00000
402.50000,161.04000,-0.01607,0.30234,0.00044,-0.00178,-0.00000
402.60000,161.08000,-0.01601,0.30286,0.00136,-0.00198,0.00000
402.70000,161.12000,-0.01571,0.30332,0.00233,-0.00225,0.00000
402.80000,161.16000,-0.01518,0.30369,0.00338,-0.00253,0.00000
402.90000,161.20000,-0.01440,0.30398,0.00452,-0.00277,0.00000
403.00000,161.24000,-0.01340,0.30416,0.00575,-0.00292,0.00000
403.10000,161.28000,-0.01217,0.30424,0.00708,-0.00294,0.00000
403.20000,161.32000,-0.01073,0.30421,0.00848,-0.00278,-0.00000
403.30000,161.36000,-0.00910,0.30406,0.00993,-0.00242,0.00000
403.40000,161.40000,-0.00730,0.30379,0.01140,-0.00186,0.00000
403.50000,161.44000,-0.00537,0.30342,0.01284,-0.00111,0.00000
403.60000,161.48000,-0.00333,0.30294,0.01420,-0.00019,0.00000
403.70000,161.52000,-0.00122,0.30235,0.01543,0.00087,0.00000
403.80000,161.56000,0.00094,0.30169,0.01646,0.00199,0.00000
403.90000,161.60000,0.00310,0.30095,0.01725,0.00314,0.00000
404.00000,161.64000,0.00523,0.30015,0.01774,0.00424,0.00000
404.10000,161.68000,0.00730,0.29932,0.01791,0.00523,0.00000
404.20000,161.72000,0.00927,0.29847,0.01772,0.00606,0.00000
404.30000,161.76000,0.01112,0.29762,0.01717,0.00666,0.00000
404.40000,161.80000,0.01282,0.29680,0.01627,0.00702,-0.00000
404.50000,161.84000,0.01435,0.29602,0.01502,0.00710,0.00000
404.60000,161.88000,0.01570,0.29530,0.01347,0.00690,0.00000
404.70000,161.92000,0.01683,0.29467,0.01165,0.00645,0.00000
404.80000,161.96000,0.01775,0.29413,0.00964,0.00576,-0.00000
404.90000,162.00000,0.01845,0.29370,0.00748,0.00488,0.00000
405.00000,162.04000,0.01893,0.29340,0.00525,0.00388,0.00000
405.10000,162.08000,0.01917,0.29323,0.00301,0.00280,-0.00000
405.20000,162.12000,0.01919,0.29319,0.00081,0.00174,0.00000
405.30000,162.16000,0.01900,0.29329,-0.00129,0.00074,-0.00000
405.40000,162.20000,0.01859,0.29353,-0.00324,-0.00013,-0.00000
405.50000,162.24000,0.01797,0.29390,-0.00502,-0.00082,0.00000
405.60000,162.28000,0.01717,0.29440,-0.00660,-0.00129,0.00000
405.70000,162.32000,0.01619,0.29501,-0.00798,-0.00153,0.00000
405.80000,162.36000,0.01504,0.29572,-0.00916,-0.00151,0.00000
405.90000,162.40000,0.01375,0.29653,-0.01015,-0.00126,0.00000
406.00000,162.44000,0.01232,0.29741,-0.01097,-0.00081,-0.00000
406.10000,162.48000,0.01078,0.29835,-0.01165,-0.00018,0.00000
406.20000,162.52000,0.00913,0.29933,-0.01222,0.00055,0.00000
406.30000,162.56000,0.00741,0.30033,-0.01269,0.00134,0.00000
406.40000,162.60000,0.00562,0.30133,-0.01309,0.00212,0.00000
406.50000,162.64000,0.00379,0.30232,-0.01345,0.00282,0.00000
406.60000,162.68000,0.00194,0.30328,-0.01376,0.00339,-0.00000
406.70000,162.72000,0.00008,0.30418,-0.01404,0.00378,0.00000
406.80000,162.76000,-0.00176,0.30502,-0.01428,0.00393,0.00000
406.90000,162.80000,-0.00356,0.30578,-0.01446,0.00383,0.00000
407.00000,162.84000,-0.00531,0.30645,-0.01458,0.00346,0.00000
407.10000,162.88000,-0.00699,0.30701,-0.01461,0.00281,-0.00000
407.20000,162.92000,-0.00857,0.30747,-0.01452,0.00191,0.00000
407.30000,162.96000,-0.01005,0.30780,-0.01429,0.00078,0.00000
407.40000,163.00000,-0.01141,0.30802,-0.01391,-0.00054,-0.00000
407.50000,163.04000,-0.01264,0.30813,-0.01334,-0.00200,0.00000
407.60000,163.08000,-0.01372,0.30812,-0.01257,-0.00355,0.00000
407.70000,163.12000,-0.01465,0.30801,-0.01160,-0.00513,0.00000
407.80000,163.16000,-0.01542,0.30780,-0.01043,-0.00667,0.00000
407.90000,163.20000,-0.01603,0.30750,-0.00907,-0.00812,-0.00000
408.00000,163.24000,-0.01647,0.30714,-0.00752,-0.00942,-0.00000
408.10000,163.28000,-0.01675,0.30672,-0.00581,-0.01052,-0.00000
408.20000,163.32000,-0.01686,0.30626,-0.00397,-0.01138,0.00000
408.30000,163.36000,-0.01681,0.30577,-0.00204,-0.01197,0.00000
408.40000,163.40000,-0.01661,0.30527,-0.00004,-0.01226,0.00000
408.50000,163.44000,-0.01626,0.30477,0.00198,-0.01223,-0.00000
408.60000,163.48000,-0.01576,0.30427,0.00399,-0.01189,0.00000
408.70000,163.52000,-0.01514,0.30379,0.00595,-0.01123,0.00000
408.80000,163.56000,-0.01439,0.30333,0.00783,-0.01027,0.00000
408.90000,163.60000,-0.01354,0.30289,0.00960,-0.00903,0.00000
409.00000,163.64000,-0.01257,0.30246,0.01123,-0.00755,0.00000
409.10000,163.68000,-0.01152,0.30204,0.01270,-0.00586,0.00000
409.20000,163.72000,-0.01038,0.30161,0.01400,-0.00401,0.00000
409.30000,163.76000,-0.00917,0.30117,0.01512,-0.00206,0.00000
409.40000,163.80000,-0.00790,0.30069,0.01604,-0.00005,-0.00000
409.50000,163.84000,-0.00657,0.30016,0.01676,0.00195,0.00000
409.60000,163.88000,-0.00520,0.29958,0.01729,0.00389,0.00000
409.70000,163.92000,-0.00380,0.29891,0.01762,0.00571,0.00000
409.80000,163.96000,-0.00237,0.29815,0.01775,0.00735,0.00000
409.90000,164.00000,-0.00093,0.29729,0.01769,0.00876,0.00000
410.00000,164.04000,0.00051,0.29633,0.01744,0.00991,0.00000
410.10000,164.08000,0.00194,0.29526,0.01700,0.01077,0.00000
410.20000,164.12000,0.00336,0.29409,0.01638,0.01130,-0.00000
410.30000,164.16000,0.00475,0.29283,0.01559,0.01151,-0.00000
410.40000,164.20000,0.00609,0.29149,0.01462,0.01140,-0.00000
410.50000,164.24000,0.00739,0.29011,0.01348,0.01098,0.00000
410.60000,164.28000,0.00862,0.28870,0.01217,0.01030,0.00000
410.70000,164.32000,0.00977,0.28731,0.01071,0.00938,0.00000
410.80000,164.36000,0.01083,0.28596,0.00909,0.00829,0.00000
410.90000,164.40000,0.01179,0.28470,0.00734,0.00709,0.00000
411.00000,164.44000,0.01264,0.28356,0.00545,0.00583,0.00000
411.10000,164.48000,0.01337,0.28259,0.00346,0.00459,0.00000
411.20000,164.52000,0.01397,0.28183,0.00136,0.00342,0.00000
411.30000,164.56000,0.01442,0.28131,-0.00080,0.00238,0.00000
411.40000,164.60000,0.01474,0.28107,-0.00303,0.00153,0.00000
411.50000,164.64000,0.01490,0.28114,-0.00527,0.00088,-0.00000
411.60000,164.68000,0.01491,0.28154,-0.00751,0.00047,0.00000
411.70000,164.72000,0.01477,0.28229,-0.00972,0.00029,0.00000
411.80000,164.76000,0.01447,0.28339,-0.01186,0.00034,0.00000
411.90000,164.80000,0.01403,0.28485,-0.01389,0.00058,0.00000
412.00000,164.84000,0.01344,0.28666,-0.01578,0.00098,0.00000
412.10000,164.88000,0.01271,0.28880,-0.01749,0.00148,0.00000
412.20000,164.92000,0.01186,0.29125,-0.01899,0.00203,0.00000
412.30000,164.96000,0.01089,0.29398,-0.02023,0.00257,-0.00000
412.40000,165.00000,0.00981,0.29695,-0.02120,0.00304,0.00000
412.50000,165.04000,0.00865,0.30011,-0.02185,0.00337,0.00000
412.60000,165.08000,0.00740,0.30341,-0.02217,0.00353,0.00000
412.70000,165.12000,0.00610,0.30680,-0.02214,0.00347,0.00000
412.80000,165.16000,0.00475,0.31022,-0.02174,0.00318,0.00000
412.90000,165.20000,0.00338,0.31361,-0.02098,0.00264,0.00000
413.00000,165.24000,0.00199,0.31691,-0.01986,0.00186,0.00000
413.10000,165.28000,0.00061,0.32005,-0.01840,0.00087,0.00000
413.20000,165.32000,-0.00075,0.32298,-0.01661,-0.00031,0.00000
413.30000,165.36000,-0.00207,0.32563,-0.01454,-0.00162,0.00000
413.40000,165.40000,-0.00334,0.32796,-0.01221,-0.00302,0.00000
413.50000,165.44000,-0.00454,0.32993,-0.00968,-0.00444,0.00000
413.60000,165.48000,-0.00566,0.33148,-0.00701,-0.00583,0.00000
413.70000,165.52000,-0.00668,0.33259,-0.00425,-0.00714,0.00000
413.80000,165.56000,-0.00760,0.33323,-0.00146,-0.00833,0.00000
413.90000,165.60000,-0.00841,0.33338,0.00130,-0.00934,-0.00000
414.00000,165.64000,-0.00909,0.33304,0.00396,-0.01017,0.00000
414.10000,165.68000,-0.00963,0.33220,0.00648,-0.01078,0.00000
414.20000,165.72000,-0.01005,0.33088,0.00880,-0.01118,0.00000
414.30000,165.76000,-0.01032,0.32908,0.01087,-0.01137,0.00000
414.40000,165.80000,-0.01045,0.32685,0.01267,-0.01137,0.00000
414.50000,165.84000,-0.01044,0.32421,0.01418,-0.01119,0.00000
414.60000,165.88000,-0.01029,0.32119,0.01537,-0.01086,0.00000
414.70000,165.92000,-0.01000,0.31784,0.01625,-0.01041,0.00000
414.80000,165.96000,-0.00959,0.31422,0.01682,-0.00986,0.00000
414.90000,166.00000,-0.00905,0.31037,0.01711,-0.00923,-0.00000
415.00000,166.04000,-0.00840,0.30635,0.01714,-0.00853,0.00000
415.10000,166.08000,-0.00766,0.30221,0.01695,-0.00778,0.00000
415.20000,166.12000,-0.00682,0.29801,0.01656,-0.00697,0.00000
415.30000,166.16000,-0.00593,0.29381,0.01603,-0.00610,0.00000
415.40000,166.20000,-0.00497,0.28966,0.01539,-0.00516,-0.00000
415.50000,166.24000,-0.00399,0.28561,0.01469,-0.00415,-0.00000
415.60000,166.28000,-0.00299,0.28171,0.01396,-0.00305,0.00000
415.70000,166.32000,-0.00199,0.27803,0.01323,-0.00185,-0.00000
415.80000,166.36000,-0.00102,0.27459,0.01252,-0.00054,-0.00000
415.90000,166.40000,-0.00009,0.27144,0.01186,0.00087,0.00000
416.00000,166.44000,0.00077,0.26862,0.01125,0.00238,0.00000
416.10000,166.48000,0.00156,0.26616,0.01069,0.00395,0.00000
416.20000,166.52000,0.00226,0.26411,0.01017,0.00558,0.00000
416.30000,166.56000,0.00284,0.26248,0.00969,0.00723,0.00000
416.40000,166.60000,0.00331,0.26130,0.00921,0.00884,0.00000
416.50000,166.64000,0.00364,0.26058,0.00872,0.01038,0.00000
416.60000,166.68000,0.00385,0.26035,0.00819,0.01179,-0.00000
416.70000,166.72000,0.00391,0.26061,0.00758,0.01302,0.00000
416.80000,166.76000,0.00384,0.26137,0.00688,0.01404,0.00000
416.90000,166.80000,0.00363,0.26262,0.00604,0.01480,0.00000
417.00000,166.84000,0.00329,0.26436,0.00505,0.01527,0.00000
417.10000,166.88000,0.00284,0.26657,0.00388,0.01543,-0.00000
417.20000,166.92000,0.00228,0.26923,0.00253,0.01527,0.00000
417.30000,166.96000,0.00162,0.27231,0.00100,0.01480,-0.00000
417.40000,167.00000,0.00090,0.27578,-0.00073,0.01403,0.00000
417.50000,167.04000,0.00011,0.27959,-0.00263,0.01300,0.00000
417.60000,167.08000,-0.00070,0.28370,-0.00468,0.01173,0.00000
417.70000,167.12000,-0.00154,0.28806,-0.00687,0.01028,0.00000
417.80000,167.16000,-0.00236,0.29259,-0.00916,0.00869,0.00000
417.90000,167.20000,-0.00316,0.29725,-0.01150,0.00702,0.00000
418.00000,167.24000,-0.00390,0.30196,-0.01385,0.00529,0.00000
418.10000,167.28000,-0.00457,0.30666,-0.01617,0.00357,0.00000
418.20000,167.32000,-0.00516,0.31128,-0.01841,0.00189,0.00000
418.30000,167.36000,-0.00564,0.31574,-0.02052,0.00028,0.00000
418.40000,167.40000,-0.00600,0.32000,-0.02244,-0.00124,0.00000
418.50000,167.44000,-0.00623,0.32397,-0.02414,-0.00265,-0.00000
418.60000,167.48000,-0.00632,0.32761,-0.02556,-0.00394,0.00000
418.70000,167.52000,-0.00627,0.33087,-0.02667,-0.00511,0.00000
418.80000,167.56000,-0.00607,0.33370,-0.02744,-0.00616,0.00000
418.90000,167.60000,-0.00573,0.33606,-0.02785,-0.00710,0.00000
419.00000,167.64000,-0.00525,0.33793,-0.02786,-0.00792,0.00000
419.10000,167.68000,-0.00464,0.33929,-0.02747,-0.00864,0.00000
419.20000,167.72000,-0.00390,0.34011,-0.02668,-0.00926,0.00000
419.30000,167.76000,-0.00304,0.34040,-0.02549,-0.00976,0.00000
419.40000,167.80000,-0.00209,0.34017,-0.02390,-0.01017,0.00000
419.50000,167.84000,-0.00105,0.33942,-0.02194,-0.01046,-0.00000
419.60000,167.88000,0.00006,0.33817,-0.01961,-0.01063,0.00000
419.70000,167.92000,0.00122,0.33645,-0.01695,-0.01067,0.00000
419.80000,167.96000,0.00241,0.33430,-0.01399,-0.01057,0.00000
419.90000,168.00000,0.00362,0.33174,-0.01075,-0.01033,-0.00000
420.00000,168.04000,0.00484,0.32883,-0.00728,-0.00995,0.00000
420.10000,168.08000,0.00604,0.32560,-0.00361,-0.00942,0.00000
420.20000,168.12000,0.00721,0.32211,0.00021,-0.00876,0.00000
420.30000,168.16000,0.00833,0.31841,0.00414,-0.00798,0.00000
420.40000,168.20000,0.00940,0.31456,0.00813,-0.00710,0.00000
420.50000,168.24000,0.01039,0.31060,0.01212,-0.00614,-0.00000
420.60000,168.28000,0.01129,0.30660,0.01607,-0.00514,0.00000
420.70000,168.32000,0.01210,0.30260,0.01991,-0.00412,0.00000
420.80000,168.36000,0.01279,0.29867,0.02359,-0.00312,0.00000
420.90000,168.40000,0.01337,0.29485,0.02703,-0.00216,0.00000
421.00000,168.44000,0.01382,0.29119,0.03017,-0.00128,0.00000
421.10000,168.48000,0.01413,0.28774,0.03294,-0.00049,0.00000
421.20000,168.52000,0.01430,0.28454,0.03528,0.00020,0.00000
421.30000,168.56000,0.01432,0.28162,0.03712,0.00079,0.00000
421.40000,168.60000,0.01418,0.27901,0.03841,0.00126,0.00000
421.50000,168.64000,0.01388,0.27675,0.03909,0.00165,0.00000
421.60000,168.68000,0.01342,0.27484,0.03913,0.00195,-0.00000
421.70000,168.72000,0.01280,0.27330,0.03848,0.00221,0.00000
421.80000,168.76000,0.01203,0.27214,0.03714,0.00244,0.00000
421.90000,168.80000,0.01109,0.27136,0.03512,0.00268,-0.00000
422.00000,168.84000,0.01001,0.27094,0.03243,0.00294,0.00000
422.10000,168.88000,0.00879,0.27089,0.02911,0.00325,0.00000
422.20000,168.92000,0.00744,0.27117,0.02523,0.00362,-0.00000
422.30000,168.96000,0.00597,0.27178,0.02086,0.00406,0.00000
422.40000,169.00000,0.00439,0.27267,0.01611,0.00457,-0.00000
422.50000,169.04000,0.00273,0.27383,0.01108,0.00514,0.00000
422.60000,169.08000,0.00100,0.27523,0.00589,0.00576,0.00000
422.70000,169.12000,-0.00078,0.27682,0.00068,0.00641,0.00000
422.80000,169.16000,-0.00259,0.27859,-0.00444,0.00704,0.00000
422.90000,169.20000,-0.00441,0.28050,-0.00932,0.00764,0.00000
423.00000,169.24000,-0.00622,0.28251,-0.01385,0.00818,-0.00000
423.10000,169.28000,-0.00800,0.28460,-0.01792,0.00861,0.00000
423.20000,169.32000,-0.00974,0.28675,-0.02145,0.00893,0.00000
423.30000,169.36000,-0.01140,0.28891,-0.02437,0.00910,0.00000
423.40000,169.40000,-0.01298,0.29108,-0.02663,0.00912,-0.00000
423.50000,169.44000,-0.01445,0.29323,-0.02821,0.00898,0.00000
423.60000,169.48000,-0.01581,0.29535,-0.02912,0.00869,0.00000
423.70000,169.52000,-0.01703,0.29741,-0.02937,0.00825,0.00000
423.80000,169.56000,-0.01811,0.29940,-0.02904,0.00767,-0.00000
423.90000,169.60000,-0.01904,0.30131,-0.02817,0.00698,0.00000
424.00000,169.64000,-0.01979,0.30313,-0.02687,0.00619,0.00000
424.10000,169.68000,-0.02037,0.30485,-0.02520,0.00532,0.00000
424.20000,169.72000,-0.02077,0.30645,-0.02328,0.00439,-0.00000
424.30000,169.76000,-0.02097,0.30794,-0.02120,0.00341,0.00000
424.40000,169.80000,-0.02098,0.30930,-0.01905,0.00238,0.00000
424.50000,169.84000,-0.02079,0.31053,-0.01690,0.00131,-0.00000
424.60000,169.88000,-0.02039,0.31162,-0.01482,0.00021,0.00000
424.70000,169.92000,-0.01979,0.31258,-0.01287,-0.00095,0.00000
424.80000,169.96000,-0.01899,0.31339,-0.01106,-0.00215,0.00000
424.90000,170.00000,-0.01798,0.31407,-0.00942,-0.00341,0.00000
425.00000,170.04000,-0.01678,0.31460,-0.00794,-0.00473,0.00000
425.10000,170.08000,-0.01539,0.31500,-0.00660,-0.00610,0.00000
425.20000,170.12000,-0.01382,0.31526,-0.00539,-0.00751,0.00000
425.30000,170.16000,-0.01208,0.31540,-0.00425,-0.00895,0.00000
425.40000,170.20000,-0.01020,0.31541,-0.00316,-0.01038,-0.00000
425.50000,170.24000,-0.00818,0.31530,-0.00207,-0.01177,0.00000
425.60000,170.28000,-0.00605,0.31509,-0.00095,-0.01306,-0.00000
425.70000,170.32000,-0.00384,0.31477,0.00023,-0.01420,0.00000
425.80000,170.36000,-0.00156,0.31437,0.00149,-0.01514,0.00000
425.90000,170.40000,0.00075,0.31388,0.00283,-0.01580,0.00000
426.00000,170.44000,0.00306,0.31331,0.00425,-0.01613,0.00000
426.10000,170.48000,0.00536,0.31268,0.00571,-0.01608,0.00000
426.20000,170.52000,0.00760,0.31198,0.00721,-0.01562,-0.00000
426.30000,170.56000,0.00976,0.31122,0.00868,-0.01471,0.00000
426.40000,170.60000,0.01183,0.31041,0.01009,-0.01336,0.00000
426.50000,170.64000,0.01376,0.30955,0.01138,-0.01159,0.00000
426.60000,170.68000,0.01555,0.30863,0.01251,-0.00941,0.00000
426.70000,170.72000,0.01717,0.30767,0.01342,-0.00690,0.00000
426.80000,170.76000,0.01861,0.30665,0.01407,-0.00413,-0.00000
426.90000,170.80000,0.01985,0.30559,0.01444,-0.00119,-0.00000
427.00000,170.84000,0.02090,0.30449,0.01449,0.00181,0.00000
427.10000,170.88000,0.02174,0.30334,0.01423,0.00478,0.00000
427.20000,170.92000,0.02237,0.30216,0.01365,0.00759,0.00000
427.30000,170.96000,0.02279,0.30094,0.01278,0.01014,-0.00000
427.40000,171.00000,0.02301,0.29971,0.01163,0.01234,-0.00000
427.50000,171.04000,0.02304,0.29847,0.01026,0.01412,-0.00000
427.60000,171.08000,0.02287,0.29723,0.00871,0.01540,0.00000
427.70000,171.12000,0.02253,0.29601,0.00703,0.01616,0.00000
427.80000,171.16000,0.02201,0.29483,0.00528,0.01638,0.00000
427.90000,171.20000,0.02132,0.29370,0.00351,0.01609,0.00000
428.00000,171.24000,0.02049,0.29264,0.00178,0.01530,0.00000
428.10000,171.28000,0.01951,0.29168,0.00015,0.01409,0.00000
428.20000,171.32000,0.01839,0.29082,-0.00136,0.01252,0.00000
428.30000,171.36000,0.01715,0.29009,-0.00268,0.01069,-0.00000
428.40000,171.40000,0.01578,0.28950,-0.00380,0.00867,-0.00000
428.50000,171.44000,0.01431,0.28906,-0.00468,0.00658,0.00000
428.60000,171.48000,0.01273,0.28877,-0.00531,0.00450,0.00000
428.70000,171.52000,0.01106,0.28866,-0.00568,0.00251,0.00000
428.80000,171.56000,0.00929,0.28871,-0.00579,0.00068,0.00000
428.90000,171.60000,0.00744,0.28892,-0.00565,-0.00092,0.00000
429.00000,171.64000,0.00552,0.28928,-0.00525,-0.00226,0.00000
429.10000,171.68000,0.00352,0.28979,-0.00462,-0.00331,0.00000
429.20000,171.72000,0.00147,0.29042,-0.00379,-0.00406,0.00000
429.30000,171.76000,-0.00064,0.29117,-0.00277,-0.00454,0.00000
429.40000,171.80000,-0.00279,0.29201,-0.00160,-0.00474,0.00000
429.50000,171.84000,-0.00496,0.29292,-0.00031,-0.00472,0.00000
429.60000,171.88000,-0.00715,0.29388,0.00105,-0.00449,0.00000
429.70000,171.92000,-0.00934,0.29486,0.00245,-0.00412,-0.00000
429.80000,171.96000,-0.01151,0.29585,0.00384,-0.00363,0.00000
429.90000,172.00000,-0.01365,0.29682,0.00516,-0.00306,-0.00000
430.00000,172.04000,-0.01574,0.29776,0.00637,-0.00246,-0.00000
430.10000,172.08000,-0.01775,0.29864,0.00743,-0.00186,0.00000
430.20000,172.12000,-0.01968,0.29947,0.00827,-0.00127,0.00000
430.30000,172.16000,-0.02148,0.30022,0.00888,-0.00073,-0.00000
430.40000,172.20000,-0.02315,0.30089,0.00920,-0.00024,-0.00000
430.50000,172.24000,-0.02465,0.30148,0.00922,0.00019,-0.00000
430.60000,172.28000,-0.02597,0.30198,0.00891,0.00054,0.00000
430.70000,172.32000,-0.02707,0.30240,0.00829,0.00080,0.00000
430.80000,172.36000,-0.02793,0.30273,0.00735,0.00099,0.00000
430.90000,172.40000,-0.02854,0.30298,0.00612,0.00108,0.00000
431.00000,172.44000,-0.02887,0.30316,0.00464,0.00108,0.00000
431.10000,172.48000,-0.02891,0.30328,0.00295,0.00097,0.00000
431.20000,172.52000,-0.02863,0.30333,0.00112,0.00076,0.00000
431.30000,172.56000,-0.02803,0.30333,-0.00079,0.00044,0.00000
431.40000,172.60000,-0.02710,0.30328,-0.00272,0.00000,0.00000
431.50000,172.64000,-0.02584,0.30319,-0.00458,-0.00054,-0.00000
431.60000,172.68000,-0.02424,0.30307,-0.00631,-0.00119,0.00000
431.70000,172.72000,-0.02232,0.30292,-0.00786,-0.00193,0.00000
431.80000,172.76000,-0.02008,0.30274,-0.00917,-0.00273,0.00000
431.90000,172.80000,-0.01755,0.30254,-0.01019,-0.00358,0.00000
432.00000,172.84000,-0.01475,0.30233,-0.01092,-0.00443,-0.00000
432.10000,172.88000,-0.01170,0.30210,-0.01134,-0.00525,0.00000
432.20000,172.92000,-0.00845,0.30187,-0.01145,-0.00599,0.00000
432.30000,172.96000,-0.00502,0.30164,-0.01128,-0.00662,0.00000
432.40000,173.00000,-0.00146,0.30141,-0.01088,-0.00709,0.00000
432.50000,173.04000,0.00218,0.30119,-0.01028,-0.00737,-0.00000
432.60000,173.08000,0.00587,0.30098,-0.00955,-0.00742,0.00000
432.70000,173.12000,0.00954,0.30078,-0.00874,-0.00723,0.00000
432.80000,173.16000,0.01316,0.30061,-0.00791,-0.00678,0.00000
432.90000,173.20000,0.01666,0.30046,-0.00712,-0.00607,0.00000
433.00000,173.24000,0.02001,0.30034,-0.00642,-0.00513,0.00000
433.10000,173.28000,0.02315,0.30025,-0.00584,-0.00399,-0.00000
433.20000,173.32000,0.02603,0.30020,-0.00541,-0.00268,-0.00000
433.30000,173.36000,0.02863,0.30017,-0.00514,-0.00125,0.00000
433.40000,173.40000,0.03089,0.30016,-0.00501,0.00023,0.00000
433.50000,173.44000,0.03278,0.30019,-0.00502,0.00171,0.00000
433.60000,173.48000,0.03428,0.30022,-0.00512,0.00313,0.00000
433.70000,173.52000,0.03535,0.30027,-0.00528,0.00444,0.00000
433.80000,173.56000,0.03598,0.30032,-0.00545,0.00558,0.00000
433.90000,173.60000,0.03614,0.30036,-0.00558,0.00651,-0.00000
434.00000,173.64000,0.03584,0.30038,-0.00561,0.00721,0.00000
434.10000,173.68000,0.03506,0.30038,-0.00550,0.00767,0.00000
434.20000,173.72000,0.03381,0.30035,-0.00522,0.00788,0.00000
434.30000,173.76000,0.03210,0.30028,-0.00472,0.00785,0.00000
434.40000,173.80000,0.02994,0.30018,-0.00401,0.00760,0.00000
434.50000,173.84000,0.02736,0.30003,-0.00306,0.00717,0.00000
434.60000,173.88000,0.02439,0.29985,-0.00190,0.00660,0.00000
434.70000,173.92000,0.02106,0.29963,-0.00054,0.00592,-0.00000
434.80000,173.96000,0.01742,0.29939,0.00097,0.00517,0.00000
434.90000,174.00000,0.01351,0.29915,0.00261,0.00438,0.00000
435.00000,174.04000,0.00938,0.29891,0.00432,0.00359,0.00000
435.10000,174.08000,0.00511,0.29869,0.00604,0.00283,0.00000
435.20000,174.12000,0.00074,0.29851,0.00774,0.00210,0.00000
435.30000,174.16000,-0.00364,0.29839,0.00934,0.00140,0.00000
435.40000,174.20000,-0.00798,0.29835,0.01083,0.00075,-0.00000
435.50000,174.24000,-0.01221,0.29841,0.01214,0.00013,0.00000
435.60000,174.28000,-0.01626,0.29857,0.01327,-0.00046,-0.00000
435.70000,174.32000,-0.02006,0.29885,0.01418,-0.00105,-0.00000
435.80000,174.36000,-0.02354,0.29925,0.01487,-0.00164,0.00000
435.90000,174.40000,-0.02666,0.29978,0.01533,-0.00225,0.00000
436.00000,174.44000,-0.02935,0.30043,0.01556,-0.00286,0.00000
436.10000,174.48000,-0.03158,0.30118,0.01558,-0.00348,-0.00000
436.20000,174.52000,-0.03331,0.30204,0.01540,-0.00409,0.00000
436.30000,174.56000,-0.03452,0.30296,0.01503,-0.00466,0.00000
436.40000,174.60000,-0.03518,0.30393,0.01450,-0.00518,0.00000
436.50000,174.64000,-0.03529,0.30492,0.01381,-0.00561,0.00000
436.60000,174.68000,-0.03487,0.30589,0.01298,-0.00591,-0.00000
436.70000,174.72000,-0.03391,0.30681,0.01202,-0.00604,0.00000
436.80000,174.76000,-0.03245,0.30765,0.01094,-0.00598,0.00000
436.90000,174.80000,-0.03053,0.30836,0.00975,-0.00569,0.00000
437.00000,174.84000,-0.02818,0.30892,0.00846,-0.00517,0.00000
437.10000,174.88000,-0.02546,0.30929,0.00708,-0.00440,0.00000
437.20000,174.92000,-0.02241,0.30946,0.00560,-0.00341,-0.00000
437.30000,174.96000,-0.01910,0.30940,0.00405,-0.00221,0.00000
437.40000,175.00000,-0.01560,0.30911,0.00243,-0.00084,0.00000
437.50000,175.04000,-0.01195,0.30857,0.00076,0.00064,0.00000
437.60000,175.08000,-0.00824,0.30778,-0.00094,0.00218,0.00000
437.70000,175.12000,-0.00451,0.30676,-0.00264,0.00371,0.00000
437.80000,175.16000,-0.00084,0.30551,-0.00433,0.00515,0.00000
437.90000,175.20000,0.00273,0.30407,-0.00596,0.00645,0.00000
438.00000,175.24000,0.00614,0.30245,-0.00751,0.00754,0.00000
438.10000,175.28000,0.00935,0.30069,-0.00895,0.00837,-0.00000
438.20000,175.32000,0.01232,0.29883,-0.01025,0.00890,-0.00000
438.30000,175.36000,0.01501,0.29690,-0.01138,0.00912,0.00000
438.40000,175.40000,0.01740,0.29495,-0.01231,0.00902,-0.00000
438.50000,175.44000,0.01947,0.29301,-0.01304,0.00861,0.00000
438.60000,175.48000,0.02120,0.29113,-0.01355,0.00793,0.00000
438.70000,175.52000,0.02258,0.28935,-0.01383,0.00701,0.00000
438.80000,175.56000,0.02362,0.28770,-0.01390,0.00591,-0.00000
438.90000,175.60000,0.02431,0.28623,-0.01375,0.00469,0.00000
439.00000,175.64000,0.02466,0.28495,-0.01341,0.00341,-0.00000
439.10000,175.68000,0.02469,0.28390,-0.01290,0.00213,0.00000
439.20000,175.72000,0.02441,0.28311,-0.01223,0.00090,0.00000
439.30000,175.76000,0.02384,0.28258,-0.01144,-0.00023,0.00000
439.40000,175.80000,0.02299,0.28233,-0.01054,-0.00124,0.00000
439.50000,175.84000,0.02190,0.28236,-0.00957,-0.00211,0.00000
439.60000,175.88000,0.02059,0.28268,-0.00854,-0.00285,0.00000
439.70000,175.92000,0.01908,0.28328,-0.00749,-0.00347,0.00000
439.80000,175.96000,0.01739,0.28415,-0.00643,-0.00400,0.00000
439.90000,176.00000,0.01555,0.28529,-0.00537,-0.00447,0.00000
440.00000,176.04000,0.01359,0.28666,-0.00432,-0.00494,0.00000
440.10000,176.08000,0.01153,0.28825,-0.00331,-0.00544,0.00000
440.20000,176.12000,0.00939,0.29004,-0.00233,-0.00601,-0.00000
440.30000,176.16000,0.00720,0.29200,-0.00140,-0.00669,0.00000
440.40000,176.20000,0.00498,0.29409,-0.00051,-0.00749,0.00000
440.50000,176.24000,0.00276,0.29628,0.00032,-0.00842,-0.00000
440.60000,176.28000,0.00055,0.29854,0.00109,-0.00946,0.00000
440.70000,176.32000,-0.00162,0.30084,0.00179,-0.01058,0.00000
440.80000,176.36000,-0.00374,0.30314,0.00242,-0.01174,-0.00000
440.90000,176.40000,-0.00578,0.30541,0.00298,-0.01286,0.00000
441.00000,176.44000,-0.00772,0.30761,0.00346,-0.01387,0.00000
441.10000,176.48000,-0.00955,0.30970,0.00385,-0.01468,-0.00000
441.20000,176.52000,-0.01124,0.31167,0.00416,-0.01522,0.00000
441.30000,176.56000,-0.01278,0.31349,0.00437,-0.01539,0.00000
441.40000,176.60000,-0.01416,0.31511,0.00451,-0.01512,-0.00000
441.50000,176.64000,-0.01534,0.31653,0.00456,-0.01436,-0.00000
441.60000,176.68000,-0.01633,0.31772,0.00454,-0.01306,0.00000
441.70000,176.72000,-0.01711,0.31866,0.00445,-0.01121,0.00000
441.80000,176.76000,-0.01767,0.31935,0.00432,-0.00883,0.00000
441.90000,176.80000,-0.01801,0.31977,0.00414,-0.00595,-0.00000
442.00000,176.84000,-0.01810,0.31991,0.00394,-0.00263,0.00000
442.10000,176.88000,-0.01797,0.31978,0.00374,0.00103,-0.00000
442.20000,176.92000,-0.01760,0.31937,0.00353,0.00493,0.00000
442.30000,176.96000,-0.01701,0.31869,0.00334,0.00893,-0.00000
442.40000,177.00000,-0.01620,0.31774,0.00316,0.01290,0.00000
442.50000,177.04000,-0.01518,0.31655,0.00301,0.01670,-0.00000
442.60000,177.08000,-0.01398,0.31513,0.00289,0.02019,0.00000
442.70000,177.12000,-0.01260,0.31349,0.00280,0.02323,0.00000
442.80000,177.16000,-0.01108,0.31167,0.00272,0.02572,-0.00000
442.90000,177.20000,-0.00944,0.30968,0.00267,0.02756,0.00000
443.00000,177.24000,-0.00770,0.30756,0.00262,0.02868,0.00000
443.10000,177.28000,-0.00589,0.30534,0.00258,0.02904,0.00000
443.20000,177.32000,-0.00405,0.30305,0.00253,0.02863,-0.00000
443.30000,177.36000,-0.00219,0.30073,0.00249,0.02745,0.00000
443.40000,177.40000,-0.00036,0.29841,0.00244,0.02557,0.00000
443.50000,177.44000,0.00142,0.29613,0.00240,0.02304,0.00000
443.60000,177.48000,0.00312,0.29392,0.00236,0.01995,0.00000
443.70000,177.52000,0.00472,0.29183,0.00235,0.01642,0.00000
443.80000,177.56000,0.00620,0.28988,0.00236,0.01257,0.00000
443.90000,177.60000,0.00753,0.28811,0.00242,0.00851,0.00000
444.00000,177.64000,0.00870,0.28654,0.00253,0.00438,0.00000
444.10000,177.68000,0.00970,0.28519,0.00270,0.00029,0.00000
444.20000,177.72000,0.01052,0.28409,0.00295,-0.00364,0.00000
444.30000,177.76000,0.01115,0.28326,0.00327,-0.00731,-0.00000
444.40000,177.80000,0.01160,0.28269,0.00365,-0.01065,0.00000
444.50000,177.84000,0.01187,0.28239,0.00409,-0.01358,-0.00000
444.60000,177.88000,0.01195,0.28237,0.00456,-0.01606,0.00000
444.70000,177.92000,0.01186,0.28262,0.00504,-0.01807,0.00000
444.80000,177.96000,0.01162,0.28313,0.00549,-0.01960,0.00000
444.90000,178.00000,0.01123,0.28387,0.00588,-0.02066,0.00000
445.00000,178.04000,0.01071,0.28484,0.00618,-0.02126,0.00000
445.10000,178.08000,0.01007,0.28602,0.00635,-0.02144,0.00000
445.20000,178.12000,0.00935,0.28736,0.00635,-0.02124,0.00000
445.30000,178.16000,0.00854,0.28886,0.00615,-0.02070,0.00000
445.40000,178.20000,0.00769,0.29047,0.00575,-0.01988,0.00000
445.50000,178.24000,0.00679,0.29218,0.00512,-0.01882,0.00000
445.60000,178.28000,0.00588,0.29395,0.00427,-0.01756,0.00000
445.70000,178.32000,0.00496,0.29575,0.00322,-0.01615,0.00000
445.80000,178.36000,0.00406,0.29755,0.00200,-0.01461,0.00000
445.90000,178.40000,0.00318,0.29933,0.00063,-0.01297,0.00000
446.00000,178.44000,0.00235,0.30107,-0.00084,-0.01126,0.00000
446.10000,178.48000,0.00156,0.30273,-0.00236,-0.00950,0.00000
446.20000,178.52000,0.00083,0.30431,-0.00387,-0.00770,0.00000
446.30000,178.56000,0.00016,0.30577,-0.00532,-0.00588,0.00000
446.40000,178.60000,-0.00045,0.30711,-0.00666,-0.00403,0.00000
446.50000,178.64000,-0.00099,0.30830,-0.00786,-0.00219,0.00000
446.60000,178.68000,-0.00146,0.30935,-0.00887,-0.00034,0.00000
446.70000,178.72000,-0.00187,0.31023,-0.00969,0.00148,0.00000
446.80000,178.76000,-0.00222,0.31094,-0.01029,0.00326,0.00000
446.90000,178.80000,-0.00251,0.31147,-0.01068,0.00499,0.00000
447.00000,178.84000,-0.00275,0.31182,-0.01088,0.00664,-0.00000
447.10000,178.88000,-0.00295,0.31200,-0.01091,0.00818,0.00000
447.20000,178.92000,-0.00310,0.31200,-0.01081,0.00959,0.00000
447.30000,178.96000,-0.00322,0.31182,-0.01060,0.01084,0.00000
447.40000,179.00000,-0.00332,0.31147,-0.01034,0.01191,0.00000
447.50000,179.04000,-0.00338,0.31097,-0.01004,0.01278,-0.00000
447.60000,179.08000,-0.00342,0.31032,-0.00974,0.01342,0.00000
447.70000,179.12000,-0.00344,0.30953,-0.00946,0.01383,0.00000
447.80000,179.16000,-0.00344,0.30862,-0.00921,0.01400,0.00000
447.90000,179.20000,-0.00342,0.30761,-0.00898,0.01394,0.00000
448.00000,179.24000,-0.00338,0.30652,-0.00877,0.01364,0.00000
448.10000,179.28000,-0.00333,0.30536,-0.00854,0.01313,0.00000
448.20000,179.32000,-0.00326,0.30415,-0.00827,0.01242,-0.00000
448.30000,179.36000,-0.00318,0.30291,-0.00792,0.01154,-0.00000
448.40000,179.40000,-0.00309,0.30167,-0.00745,0.01052,0.00000
448.50000,179.44000,-0.00299,0.30045,-0.00683,0.00940,0.00000
448.60000,179.48000,-0.00288,0.29926,-0.00602,0.00819,0.00000
448.70000,179.52000,-0.00277,0.29812,-0.00500,0.00694,0.00000
448.80000,179.56000,-0.00266,0.29705,-0.00377,0.00566,-0.00000
448.90000,179.60000,-0.00256,0.29606,-0.00233,0.00437,0.00000
449.00000,179.64000,-0.00247,0.29517,-0.00071,0.00310,0.00000
449.10000,179.68000,-0.00240,0.29438,0.00106,0.00186,-0.00000
449.20000,179.72000,-0.00235,0.29371,0.00293,0.00064,-0.00000
449.30000,179.76000,-0.00234,0.29316,0.00484,-0.00054,-0.00000
449.40000,179.80000,-0.00235,0.29273,0.00670,-0.00169,0.00000
449.50000,179.84000,-0.00241,0.29243,0.00846,-0.00281,0.00000
449.60000,179.88000,-0.00249,0.29226,0.01003,-0.00390,0.00000
449.70000,179.92000,-0.00261,0.29222,0.01135,-0.00498,-0.00000
449.80000,179.96000,-0.00277,0.29230,0.01237,-0.00603,0.00000
449.90000,180.00000,-0.00295,0.29250,0.01303,-0.00705,0.00000
450.00000,180.04000,-0.00315,0.29281,0.01333,-0.00802,0.00000
450.10000,180.08000,-0.00336,0.29323,0.01325,-0.00894,0.00000
450.20000,180.12000,-0.00357,0.29374,0.01282,-0.00977,0.00000
450.30000,180.16000,-0.00376,0.29433,0.01206,-0.01049,0.00000
450.40000,180.20000,-0.00394,0.29501,0.01103,-0.01107,0.00000
450.50000,180.24000,-0.00408,0.29574,0.00979,-0.01147,0.00000
450.60000,180.28000,-0.00416,0.29653,0.00843,-0.01165,-0.00000
450.70000,180.32000,-0.00419,0.29735,0.00703,-0.01160,-0.00000
450.80000,180.36000,-0.00415,0.29820,0.00565,-0.01127,0.00000
450.90000,180.40000,-0.00403,0.29905,0.00439,-0.01067,-0.00000
451.00000,180.44000,-0.00382,0.29989,0.00329,-0.00978,0.00000
451.10000,180.48000,-0.00352,0.30071,0.00242,-0.00861,0.00000
451.20000,180.52000,-0.00312,0.30150,0.00180,-0.00718,-0.00000
451.30000,180.56000,-0.00263,0.30223,0.00146,-0.00553,0.00000
451.40000,180.60000,-0.00204,0.30290,0.00138,-0.00371,0.00000
451.50000,180.64000,-0.00137,0.30350,0.00154,-0.00178,0.00000
451.60000,180.68000,-0.00061,0.30401,0.00190,0.00021,-0.00000
451.70000,180.72000,0.00022,0.30442,0.00241,0.00217,0.00000
451.80000,180.76000,0.00112,0.30474,0.00302,0.00403,0.00000
451.90000,180.80000,0.00207,0.30495,0.00365,0.00572,-0.00000
452.00000,180.84000,0.00307,0.30505,0.00425,0.00718,0.00000
452.10000,180.88000,0.00410,0.30504,0.00475,0.00835,0.00000
452.20000,180.92000,0.00514,0.30493,0.00511,0.00920,-0.00000
452.30000,180.96000,0.00619,0.30472,0.00529,0.00970,0.00000
452.40000,181.00000,0.00723,0.30442,0.00526,0.00985,-0.00000
452.50000,181.04000,0.00824,0.30403,0.00501,0.00966,-0.00000
452.60000,181.08000,0.00921,0.30357,0.00456,0.00915,0.00000
452.70000,181.12000,0.01011,0.30304,0.00390,0.00838,0.00000
452.80000,181.16000,0.01095,0.30246,0.00309,0.00741,0.00000
452.90000,181.20000,0.01169,0.30184,0.00214,0.00629,0.00000
453.00000,181.24000,0.01233,0.30119,0.00110,0.00510,0.00000
453.10000,181.28000,0.01284,0.30053,0.00001,0.00391,0.00000
453.20000,181.32000,0.01322,0.29987,-0.00109,0.00278,0.00000
453.30000,181.36000,0.01343,0.29923,-0.00217,0.00178,0.00000
453.40000,181.40000,0.01348,0.29862,-0.00321,0.00094,0.00000
453.50000,181.44000,0.01335,0.29804,-0.00418,0.00029,0.00000
453.60000,181.48000,0.01303,0.29752,-0.00509,-0.00015,0.00000
453.70000,181.52000,0.01252,0.29707,-0.00593,-0.00040,0.00000
453.80000,181.56000,0.01180,0.29669,-0.00671,-0.00047,0.00000
453.90000,181.60000,0.01088,0.29639,-0.00745,-0.00040,0.00000
454.00000,181.64000,0.00976,0.29618,-0.00817,-0.00023,-0.00000
454.10000,181.68000,0.00846,0.29607,-0.00888,-0.00001,0.00000
454.20000,181.72000,0.00697,0.29607,-0.00959,0.00019,0.00000
454.30000,181.76000,0.00533,0.29616,-0.01032,0.00033,0.00000
454.40000,181.80000,0.00355,0.29636,-0.01106,0.00036,0.00000
454.50000,181.84000,0.00165,0.29667,-0.01180,0.00024,0.00000
454.60000,181.88000,-0.00033,0.29707,-0.01253,-0.00004,0.00000
454.70000,181.92000,-0.00236,0.29756,-0.01322,-0.00050,0.00000
454.80000,181.96000,-0.00442,0.29814,-0.01383,-0.00113,0.00000
454.90000,182.00000,-0.00646,0.29879,-0.01432,-0.00189,0.00000
455.00000,182.04000,-0.00845,0.29949,-0.01464,-0.00276,-0.00000
455.10000,182.08000,-0.01036,0.30024,-0.01476,-0.00368,0.00000
455.20000,182.12000,-0.01215,0.30101,-0.01463,-0.00460,0.00000
455.30000,182.16000,-0.01380,0.30179,-0.01422,-0.00544,0.00000
455.40000,182.20000,-0.01526,0.30255,-0.01350,-0.00617,0.00000
455.50000,182.24000,-0.01653,0.30327,-0.01247,-0.00671,-0.00000
455.60000,182.28000,-0.01758,0.30395,-0.01112,-0.00703,0.00000
455.70000,182.32000,-0.01840,0.30455,-0.00948,-0.00710,0.00000
455.80000,182.36000,-0.01897,0.30507,-0.00757,-0.00690,0.00000
455.90000,182.40000,-0.01929,0.30548,-0.00544,-0.00643,-0.00000
456.00000,182.44000,-0.01935,0.30578,-0.00315,-0.00572,0.00000
456.10000,182.48000,-0.01916,0.30595,-0.00076,-0.00479,-0.00000
456.20000,182.52000,-0.01874,0.30598,0.00166,-0.00371,-0.00000
456.30000,182.56000,-0.01807,0.30589,0.00405,-0.00253,0.00000
456.40000,182.60000,-0.01719,0.30565,0.00633,-0.00131,0.00000
456.50000,182.64000,-0.01611,0.30528,0.00845,-0.00012,0.00000
456.60000,182.68000,-0.01485,0.30479,0.01035,0.00097,0.00000
456.70000,182.72000,-0.01342,0.30418,0.01200,0.00190,0.00000
456.80000,182.76000,-0.01185,0.30347,0.01338,0.00262,-0.00000
456.90000,182.80000,-0.01016,0.30267,0.01445,0.00311,0.00000
457.00000,182.84000,-0.00838,0.30179,0.01524,0.00335,0.00000
457.10000,182.88000,-0.00652,0.30085,0.01574,0.00333,0.00000
457.20000,182.92000,-0.00460,0.29988,0.01599,0.00307,0.00000
457.30000,182.96000,-0.00266,0.29890,0.01602,0.00261,0.00000
457.40000,183.00000,-0.00071,0.29791,0.01585,0.00199,0.00000
457.50000,183.04000,0.00123,0.29694,0.01553,0.00127,0.00000
457.60000,183.08000,0.00314,0.29602,0.01510,0.00051,0.00000
457.70000,183.12000,0.00500,0.29515,0.01458,-0.00022,0.00000
457.80000,183.16000,0.00679,0.29435,0.01400,-0.00086,0.00000
457.90000,183.20000,0.00850,0.29365,0.01339,-0.00135,0.00000
458.00000,183.24000,0.01010,0.29304,0.01276,-0.00165,0.00000
458.10000,183.28000,0.01158,0.29255,0.01211,-0.00171,-0.00000
458.20000,183.32000,0.01293,0.29217,0.01143,-0.00153,0.00000
458.30000,183.36000,0.01413,0.29192,0.01072,-0.00109,-0.00000
458.40000,183.40000,0.01517,0.29180,0.00996,-0.00040,-0.00000
458.50000,183.44000,0.01605,0.29180,0.00913,0.00050,0.00000
458.60000,183.48000,0.01676,0.29194,0.00821,0.00159,0.00000
458.70000,183.52000,0.01728,0.29219,0.00718,0.00281,0.00000
458.80000,183.56000,0.01763,0.29256,0.00603,0.00411,0.00000
458.90000,183.60000,0.01778,0.29303,0.00476,0.00543,0.00000
459.00000,183.64000,0.01776,0.29359,0.00335,0.00670,-0.00000
459.10000,183.68000,0.01755,0.29423,0.00182,0.00786,0.00000
459.20000,183.72000,0.01718,0.29493,0.00018,0.00886,0.00000
459.30000,183.76000,0.01663,0.29568,-0.00156,0.00965,-0.00000
459.40000,183.80000,0.01593,0.29645,-0.00336,0.01019,0.00000
459.50000,183.84000,0.01508,0.29724,-0.00519,0.01044,-0.00000
459.60000,183.88000,0.01410,0.29802,-0.00702,0.01039,0.00000
459.70000,183.92000,0.01300,0.29878,-0.00881,0.01003,0.00000
459.80000,183.96000,0.01180,0.29951,-0.01052,0.00936,-0.00000
459.90000,184.00000,0.01050,0.30021,-0.01211,0.00839,-0.00000
460.00000,184.04000,0.00913,0.30086,-0.01355,0.00715,0.00000
460.10000,184.08000,0.00770,0.30146,-0.01482,0.00568,0.00000
460.20000,184.12000,0.00623,0.30202,-0.01588,0.00401,0.00000
460.30000,184.16000,0.00473,0.30253,-0.01672,0.00218,0.00000
460.40000,184.20000,0.00320,0.30302,-0.01732,0.00025,0.00000
460.50000,184.24000,0.00168,0.30347,-0.01769,-0.00172,0.00000
460.60000,184.28000,0.00016,0.30392,-0.01781,-0.00369,-0.00000
460.70000,184.32000,-0.00133,0.30436,-0.01770,-0.00559,0.00000
460.80000,184.36000,-0.00280,0.30482,-0.01737,-0.00738,0.00000
460.90000,184.40000,-0.00422,0.30530,-0.01682,-0.00899,0.00000
461.00000,184.44000,-0.00559,0.30582,-0.01607,-0.01039,-0.00000
461.10000,184.48000,-0.00691,0.30638,-0.01513,-0.01153,0.00000
461.20000,184.52000,-0.00815,0.30699,-0.01403,-0.01238,-0.00000
461.30000,184.56000,-0.00932,0.30765,-0.01278,-0.01291,0.00000
461.40000,184.60000,-0.01041,0.30835,-0.01139,-0.01311,-0.00000
461.50000,184.64000,-0.01141,0.30909,-0.00988,-0.01298,0.00000
461.60000,184.68000,-0.01230,0.30986,-0.00826,-0.01252,0.00000
461.70000,184.72000,-0.01309,0.31062,-0.00656,-0.01176,0.00000
461.80000,184.76000,-0.01377,0.31136,-0.00477,-0.01073,-0.00000
461.90000,184.80000,-0.01433,0.31206,-0.00292,-0.00947,0.00000
462.00000,184.84000,-0.01477,0.31267,-0.00102,-0.00803,0.00000
462.10000,184.88000,-0.01507,0.31318,0.00092,-0.00648,0.00000
462.20000,184.92000,-0.01524,0.31354,0.00287,-0.00488,0.00000
462.30000,184.96000,-0.01527,0.31372,0.00484,-0.00329,0.00000
462.40000,185.00000,-0.01516,0.31371,0.00678,-0.00177,-0.00000
462.50000,185.04000,-0.01491,0.31345,0.00870,-0.00040,0.00000
462.60000,185.08000,-0.01452,0.31294,0.01056,0.00080,0.00000
462.70000,185.12000,-0.01398,0.31216,0.01234,0.00177,-0.00000
462.80000,185.16000,-0.01331,0.31109,0.01402,0.00248,0.00000
462.90000,185.20000,-0.01251,0.30973,0.01557,0.00294,0.00000
463.00000,185.24000,-0.01159,0.30809,0.01697,0.00314,0.00000
463.10000,185.28000,-0.01055,0.30617,0.01818,0.00310,-0.00000
463.20000,185.32000,-0.00940,0.30400,0.01920,0.00286,-0.00000
463.30000,185.36000,-0.00817,0.30160,0.01998,0.00245,-0.00000
463.40000,185.40000,-0.00686,0.29900,0.02051,0.00195,0.00000
463.50000,185.44000,-0.00548,0.29624,0.02077,0.00140,0.00000
463.60000,185.48000,-0.00406,0.29338,0.02073,0.00087,0.00000
463.70000,185.52000,-0.00261,0.29045,0.02039,0.00042,0.00000
463.80000,185.56000,-0.00115,0.28752,0.01974,0.00010,-0.00000
463.90000,185.60000,0.00031,0.28464,0.01877,-0.00005,0.00000
464.00000,185.64000,0.00175,0.28187,0.01748,0.00002,-0.00000
464.10000,185.68000,0.00314,0.27927,0.01590,0.00031,0.00000
464.20000,185.72000,0.00449,0.27688,0.01403,0.00083,0.00000
464.30000,185.76000,0.00576,0.27477,0.01189,0.00156,0.00000
464.40000,185.80000,0.00695,0.27298,0.00952,0.00247,-0.00000
464.50000,185.84000,0.00804,0.27156,0.00696,0.00353,-0.00000
464.60000,185.88000,0.00902,0.27055,0.00426,0.00469,-0.00000
464.70000,185.92000,0.00988,0.26996,0.00145,0.00588,0.00000
464.80000,185.96000,0.01061,0.26984,-0.00140,0.00705,0.00000
464.90000,186.00000,0.01121,0.27018,-0.00423,0.00813,0.00000
465.00000,186.04000,0.01167,0.27100,-0.00699,0.00908,-0.00000
465.10000,186.08000,0.01198,0.27229,-0.00962,0.00985,0.00000
465.20000,186.12000,0.01215,0.27405,-0.01206,0.01040,-0.00000
465.30000,186.16000,0.01217,0.27624,-0.01426,0.01071,0.00000
465.40000,186.20000,0.01205,0.27884,-0.01618,0.01077,-0.00000
465.50000,186.24000,0.01179,0.28182,-0.01779,0.01058,0.00000
465.60000,186.28000,0.01140,0.28512,-0.01904,0.01016,0.00000
465.70000,186.32000,0.01087,0.28870,-0.01994,0.00953,0.00000
465.80000,186.36000,0.01023,0.29251,-0.02046,0.00871,0.00000
465.90000,186.40000,0.00948,0.29649,-0.02062,0.00775,0.00000
466.00000,186.44000,0.00863,0.30057,-0.02044,0.00669,0.00000
466.10000,186.48000,0.00770,0.30470,-0.01993,0.00555,0.00000
466.20000,186.52000,0.00670,0.30880,-0.01913,0.00437,0.00000
466.30000,186.56000,0.00564,0.31283,-0.01809,0.00317,0.00000
466.40000,186.60000,0.00455,0.31673,-0.01684,0.00198,0.00000
466.50000,186.64000,0.00344,0.32042,-0.01545,0.00081,-0.00000
466.60000,186.68000,0.00232,0.32388,-0.01395,-0.00035,0.00000
466.70000,186.72000,0.00122,0.32704,-0.01240,-0.00148,-0.00000
466.80000,186.76000,0.00015,0.32986,-0.01084,-0.00261,-0.00000
466.90000,186.80000,-0.00086,0.33232,-0.00931,-0.00373,-0.00000
467.00000,186.84000,-0.00181,0.33437,-0.00785,-0.00485,0.00000
467.10000,186.88000,-0.00268,0.33599,-0.00647,-0.00598,0.00000
467.20000,186.92000,-0.00344,0.33717,-0.00519,-0.00712,0.00000
467.30000,186.96000,-0.00410,0.33788,-0.00403,-0.00826,0.00000
467.40000,187.00000,-0.00463,0.33813,-0.00297,-0.00939,-0.00000
467.50000,187.04000,-0.00503,0.33789,-0.00200,-0.01049,0.00000
467.60000,187.08000,-0.00530,0.33719,-0.00112,-0.01152,0.00000
467.70000,187.12000,-0.00543,0.33601,-0.00029,-0.01246,0.00000
467.80000,187.16000,-0.00542,0.33438,0.00050,-0.01327,0.00000
467.90000,187.20000,-0.00527,0.33231,0.00129,-0.01391,0.00000
468.00000,187.24000,-0.00500,0.32982,0.00211,-0.01433,-0.00000
468.10000,187.28000,-0.00460,0.32693,0.00298,-0.01451,0.00000
468.20000,187.32000,-0.00409,0.32368,0.00392,-0.01443,0.00000
468.30000,187.36000,-0.00349,0.32010,0.00496,-0.01405,0.00000
468.40000,187.40000,-0.00280,0.31623,0.00609,-0.01338,0.00000
468.50000,187.44000,-0.00206,0.31212,0.00734,-0.01242,0.00000
468.60000,187.48000,-0.00127,0.30781,0.00870,-0.01118,-0.00000
468.70000,187.52000,-0.00046,0.30335,0.01015,-0.00970,0.00000
468.80000,187.56000,0.00035,0.29880,0.01168,-0.00802,-0.00000
468.90000,187.60000,0.00113,0.29423,0.01326,-0.00617,0.00000
469.00000,187.64000,0.00188,0.28968,0.01486,-0.00422,0.00000
469.10000,187.68000,0.00256,0.28524,0.01644,-0.00222,0.00000
469.20000,187.72000,0.00316,0.28095,0.01797,-0.00022,0.00000
469.30000,187.76000,0.00366,0.27688,0.01939,0.00172,0.00000
469.40000,187.80000,0.00404,0.27309,0.02067,0.00356,0.00000
469.50000,187.84000,0.00430,0.26964,0.02176,0.00525,-0.00000
469.60000,187.88000,0.00443,0.26658,0.02262,0.00677,0.00000
469.70000,187.92000,0.00442,0.26395,0.02321,0.00809,0.00000
469.80000,187.96000,0.00426,0.26180,0.02349,0.00921,0.00000
469.90000,188.00000,0.00397,0.26016,0.02344,0.01011,0.00000
470.00000,188.04000,0.00353,0.25905,0.02304,0.01082,0.00000
470.10000,188.08000,0.00296,0.25849,0.02228,0.01133,0.00000
470.20000,188.12000,0.00227,0.25849,0.02115,0.01166,0.00000
470.30000,188.16000,0.00148,0.25904,0.01965,0.01184,0.00000
470.40000,188.20000,0.00058,0.26012,0.01780,0.01187,0.00000
470.50000,188.24000,-0.00039,0.26173,0.01561,0.01177,-0.00000
470.60000,188.28000,-0.00141,0.26383,0.01311,0.01156,0.00000
470.70000,188.32000,-0.00248,0.26638,0.01033,0.01124,0.00000
470.80000,188.36000,-0.00357,0.26935,0.00731,0.01082,-0.00000
470.90000,188.40000,-0.00466,0.27268,0.00409,0.01031,0.00000
471.00000,188.44000,-0.00573,0.27633,0.00071,0.00970,-0.00000
471.10000,188.48000,-0.00677,0.28024,-0.00278,0.00899,0.00000
471.20000,188.52000,-0.00775,0.28434,-0.00633,0.00819,0.00000
471.30000,188.56000,-0.00866,0.28859,-0.00989,0.00729,0.00000
471.40000,188.60000,-0.00948,0.29291,-0.01342,0.00630,0.00000
471.50000,188.64000,-0.01021,0.29726,-0.01686,0.00524,-0.00000
471.60000,188.68000,-0.01083,0.30156,-0.02017,0.00412,-0.00000
471.70000,188.72000,-0.01132,0.30577,-0.02330,0.00295,0.00000
471.80000,188.76000,-0.01169,0.30983,-0.02620,0.00177,0.00000
471.90000,188.80000,-0.01193,0.31368,-0.02883,0.00059,0.00000
472.00000,188.84000,-0.01203,0.31729,-0.03114,-0.00056,-0.00000
472.10000,188.88000,-0.01198,0.32060,-0.03309,-0.00163,0.00000
472.20000,188.92000,-0.01180,0.32359,-0.03463,-0.00262,0.00000
472.30000,188.96000,-0.01147,0.32622,-0.03572,-0.00350,0.00000
472.40000,189.00000,-0.01099,0.32845,-0.03633,-0.00424,0.00000
472.50000,189.04000,-0.01038,0.33028,-0.03643,-0.00484,0.00000
472.60000,189.08000,-0.00963,0.33169,-0.03598,-0.00531,-0.00000
472.70000,189.12000,-0.00874,0.33267,-0.03496,-0.00563,-0.00000
472.80000,189.16000,-0.00773,0.33321,-0.03337,-0.00583,0.00000
472.90000,189.20000,-0.00659,0.33333,-0.03120,-0.00593,0.00000
473.00000,189.24000,-0.00535,0.33304,-0.02846,-0.00595,0.00000
473.10000,189.28000,-0.00400,0.33235,-0.02518,-0.00592,0.00000
473.20000,189.32000,-0.00257,0.33129,-0.02139,-0.00587,0.00000
473.30000,189.36000,-0.00106,0.32989,-0.01715,-0.00582,0.00000
473.40000,189.40000,0.00052,0.32818,-0.01252,-0.00580,0.00000
473.50000,189.44000,0.00213,0.32619,-0.00760,-0.00582,0.00000
473.60000,189.48000,0.00378,0.32397,-0.00247,-0.00590,0.00000
473.70000,189.52000,0.00543,0.32156,0.00275,-0.00603,0.00000
473.80000,189.56000,0.00708,0.31899,0.00795,-0.00621,0.00000
473.90000,189.60000,0.00869,0.31632,0.01300,-0.00642,0.00000
474.00000,189.64000,0.01026,0.31358,0.01780,-0.00665,0.00000
474.10000,189.68000,0.01175,0.31081,0.02221,-0.00686,-0.00000
474.20000,189.72000,0.01316,0.30805,0.02614,-0.00703,0.00000
474.30000,189.76000,0.01446,0.30533,0.02948,-0.00713,-0.00000
474.40000,189.80000,0.01563,0.30268,0.03216,-0.00713,0.00000
474.50000,189.84000,0.01667,0.30013,0.03413,-0.00701,0.00000
474.60000,189.88000,0.01756,0.29770,0.03535,-0.00675,0.00000
474.70000,189.92000,0.01828,0.29541,0.03581,-0.00634,0.00000
474.80000,189.96000,0.01883,0.29328,0.03552,-0.00578,0.00000
474.90000,190.00000,0.01919,0.29131,0.03453,-0.00507,0.00000
475.00000,190.04000,0.01938,0.28952,0.03290,-0.00424,0.00000
475.10000,190.08000,0.01937,0.28791,0.03071,-0.00329,0.00000
475.20000,190.12000,0.01918,0.28648,0.02806,-0.00226,0.00000
475.30000,190.16000,0.01879,0.28524,0.02506,-0.00117,0.00000
475.40000,190.20000,0.01822,0.28419,0.02182,-0.00004,0.00000
475.50000,190.24000,0.01746,0.28332,0.01846,0.00110,0.00000
475.60000,190.28000,0.01653,0.28263,0.01508,0.00222,0.00000
475.70000,190.32000,0.01542,0.28211,0.01178,0.00333,0.00000
475.80000,190.36000,0.01414,0.28178,0.00864,0.00439,0.00000
475.90000,190.40000,0.01271,0.28160,0.00574,0.00542,0.00000
476.00000,190.44000,0.01114,0.28159,0.00312,0.00640,0.00000
476.10000,190.48000,0.00943,0.28173,0.00081,0.00733,-0.00000
476.20000,190.52000,0.00759,0.28202,-0.00119,0.00823,0.00000
476.30000,190.56000,0.00566,0.28245,-0.00289,0.00909,0.00000
476.40000,190.60000,0.00363,0.28300,-0.00431,0.00991,0.00000
476.50000,190.64000,0.00152,0.28367,-0.00549,0.01068,0.00000
476.60000,190.68000,-0.00063,0.28445,-0.00648,0.01140,0.00000
476.70000,190.72000,-0.00282,0.28533,-0.00733,0.01204,0.00000
476.80000,190.76000,-0.00501,0.28628,-0.00808,0.01258,0.00000
476.90000,190.80000,-0.00719,0.28731,-0.00878,0.01298,0.00000
477.00000,190.84000,-0.00933,0.28839,-0.00947,0.01320,0.00000
477.10000,190.88000,-0.01140,0.28952,-0.01018,0.01321,0.00000
477.20000,190.92000,-0.01338,0.29068,-0.01090,0.01296,0.00000
477.30000,190.96000,-0.01524,0.29187,-0.01165,0.01242,0.00000
477.40000,191.00000,-0.01696,0.29307,-0.01241,0.01155,-0.00000
477.50000,191.04000,-0.01852,0.29427,-0.01315,0.01034,0.00000
477.60000,191.08000,-0.01989,0.29548,-0.01385,0.00879,0.00000
477.70000,191.12000,-0.02106,0.29668,-0.01445,0.00689,-0.00000
477.80000,191.16000,-0.02201,0.29787,-0.01492,0.00469,0.00000
477.90000,191.20000,-0.02274,0.29905,-0.01521,0.00223,-0.00000
478.00000,191.24000,-0.02323,0.30021,-0.01528,-0.00042,0.00000
478.10000,191.28000,-0.02348,0.30136,-0.01511,-0.00319,-0.00000
478.20000,191.32000,-0.02349,0.30248,-0.01466,-0.00598,0.00000
478.30000,191.36000,-0.02327,0.30358,-0.01394,-0.00869,-0.00000
478.40000,191.40000,-0.02282,0.30466,-0.01294,-0.01123,0.00000
478.50000,191.44000,-0.02215,0.30570,-0.01167,-0.01349,0.00000
478.60000,191.48000,-0.02129,0.30671,-0.01017,-0.01538,0.00000
478.70000,191.52000,-0.02023,0.30767,-0.00848,-0.01682,0.00000
478.80000,191.56000,-0.01900,0.30858,-0.00664,-0.01776,-0.00000
478.90000,191.60000,-0.01762,0.30942,-0.00472,-0.01816,0.00000
479.00000,191.64000,-0.01610,0.31020,-0.00276,-0.01801,-0.00000
479.10000,191.68000,-0.01447,0.31088,-0.00083,-0.01731,0.00000
479.20000,191.72000,-0.01273,0.31146,0.00100,-0.01610,0.00000
479.30000,191.76000,-0.01092,0.31193,0.00270,-0.01445,0.00000
479.40000,191.80000,-0.00904,0.31228,0.00421,-0.01242,0.00000
479.50000,191.84000,-0.00711,0.31249,0.00548,-0.01012,0.00000
479.60000,191.88000,-0.00514,0.31255,0.00650,-0.00764,0.00000
479.70000,191.92000,-0.00315,0.31246,0.00725,-0.00508,0.00000
479.80000,191.96000,-0.00115,0.31222,0.00770,-0.00255,0.00000
479.90000,192.00000,0.00086,0.31183,0.00786,-0.00016,-0.00000
480.00000,192.04000,0.00285,0.31128,0.00775,0.00203,0.00000
480.10000,192.08000,0.00483,0.31059,0.00737,0.00393,0.00000
480.20000,192.12000,0.00678,0.30978,0.00675,0.00549,-0.00000
480.30000,192.16000,0.00870,0.30884,0.00592,0.00670,0.00000
480.40000,192.20000,0.01057,0.30781,0.00491,0.00753,-0.00000
480.50000,192.24000,0.01239,0.30670,0.00375,0.00799,0.00000
480.60000,192.28000,0.01414,0.30553,0.00249,0.00810,0.00000
480.70000,192.32000,0.01582,0.30433,0.00117,0.00791,0.00000
480.80000,192.36000,0.01741,0.30313,-0.00018,0.00747,-0.00000
480.90000,192.40000,0.01891,0.30194,-0.00151,0.00682,0.00000
481.00000,192.44000,0.02030,0.30078,-0.00277,0.00602,0.00000
481.10000,192.48000,0.02157,0.29969,-0.00394,0.00514,0.00000
481.20000,192.52000,0.02270,0.29868,-0.00496,0.00423,-0.00000
481.30000,192.56000,0.02368,0.29775,-0.00580,0.00332,0.00000
481.40000,192.60000,0.02449,0.29694,-0.00642,0.00247,0.00000
481.50000,192.64000,0.02513,0.29623,-0.00680,0.00169,-0.00000
481.60000,192.68000,0.02557,0.29565,-0.00690,0.00102,0.00000
481.70000,192.72000,0.02581,0.29518,-0.00673,0.00046,-0.00000
481.80000,192.76000,0.02582,0.29483,-0.00626,0.00002,-0.00000
481.90000,192.80000,0.02561,0.29460,-0.00550,-0.00031,0.00000
482.00000,192.84000,0.02515,0.29447,-0.00446,-0.00051,0.00000
482.10000,192.88000,0.02443,0.29444,-0.00317,-0.00060,-0.00000
482.20000,192.92000,0.02346,0.29449,-0.00166,-0.00059,0.00000
482.30000,192.96000,0.02223,0.29463,0.00001,-0.00048,-0.00000
482.40000,193.00000,0.02073,0.29482,0.00180,-0.00028,0.00000
482.50000,193.04000,0.01897,0.29507,0.00365,0.00001,0.00000
482.60000,193.08000,0.01696,0.29536,0.00548,0.00038,0.00000
482.70000,193.12000,0.01470,0.29568,0.00722,0.00081,-0.00000
482.80000,193.16000,0.01221,0.29602,0.00883,0.00132,-0.00000
482.90000,193.20000,0.00951,0.29638,0.01022,0.00187,0.00000
483.00000,193.24000,0.00662,0.29674,0.01135,0.00247,0.00000
483.10000,193.28000,0.00356,0.29711,0.01219,0.00308,0.00000
483.20000,193.32000,0.00039,0.29747,0.01269,0.00369,-0.00000
483.30000,193.36000,-0.00289,0.29782,0.01286,0.00426,0.00000
483.40000,193.40000,-0.00621,0.29816,0.01269,0.00477,0.00000
483.50000,193.44000,-0.00955,0.29848,0.01221,0.00517,0.00000
483.60000,193.48000,-0.01286,0.29879,0.01145,0.00545,0.00000
483.70000,193.52000,-0.01609,0.29907,0.01045,0.00557,-0.00000
483.80000,193.56000,-0.01920,0.29933,0.00928,0.00549,0.00000
483.90000,193.60000,-0.02214,0.29956,0.00799,0.00521,0.00000
484.00000,193.64000,-0.02487,0.29976,0.00666,0.00471,0.00000
484.10000,193.68000,-0.02734,0.29993,0.00534,0.00399,0.00000
484.20000,193.72000,-0.02952,0.30006,0.00410,0.00306,0.00000
484.30000,193.76000,-0.03137,0.30017,0.00298,0.00195,-0.00000
484.40000,193.80000,-0.03285,0.30023,0.00202,0.00069,-0.00000
484.50000,193.84000,-0.03395,0.30027,0.00124,-0.00067,0.00000
484.60000,193.88000,-0.03464,0.30027,0.00066,-0.00208,0.00000
484.70000,193.92000,-0.03490,0.30025,0.00025,-0.00349,0.00000
484.80000,193.96000,-0.03472,0.30021,-0.00000,-0.00483,0.00000
484.90000,194.00000,-0.03410,0.30015,-0.00013,-0.00605,-0.00000
485.00000,194.04000,-0.03304,0.30008,-0.00017,-0.00709,0.00000
485.10000,194.08000,-0.03154,0.30001,-0.00018,-0.00792,0.00000
485.20000,194.12000,-0.02962,0.29995,-0.00021,-0.00850,0.00000
485.30000,194.16000,-0.02730,0.29990,-0.00031,-0.00881,0.00000
485.40000,194.20000,-0.02461,0.29987,-0.00052,-0.00884,0.00000
485.50000,194.24000,-0.02157,0.29986,-0.00088,-0.00861,-0.00000
485.60000,194.28000,-0.01821,0.29989,-0.00142,-0.00813,0.00000
485.70000,194.32000,-0.01459,0.29994,-0.00214,-0.00743,0.00000
485.80000,194.36000,-0.01073,0.30003,-0.00305,-0.00655,0.00000
485.90000,194.40000,-0.00670,0.30014,-0.00412,-0.00555,0.00000
486.00000,194.44000,-0.00254,0.30027,-0.00534,-0.00447,0.00000
486.10000,194.48000,0.00168,0.30042,-0.00666,-0.00335,0.00000
486.20000,194.52000,0.00592,0.30056,-0.00803,-0.00225,0.00000
486.30000,194.56000,0.01011,0.30069,-0.00941,-0.00119,-0.00000
486.40000,194.60000,0.01419,0.30079,-0.01073,-0.00022,-0.00000
486.50000,194.64000,0.01809,0.30085,-0.01194,0.00066,0.00000
486.60000,194.68000,0.02176,0.30086,-0.01301,0.00143,0.00000
486.70000,194.72000,0.02514,0.30079,-0.01388,0.00209,0.00000
486.80000,194.76000,0.02818,0.30065,-0.01451,0.00265,0.00000
486.90000,194.80000,0.03081,0.30041,-0.01490,0.00313,0.00000
487.00000,194.84000,0.03301,0.30009,-0.01503,0.00353,0.00000
487.10000,194.88000,0.03472,0.29967,-0.01489,0.00387,0.00000
487.20000,194.92000,0.03592,0.29916,-0.01449,0.00417,0.00000
487.30000,194.96000,0.03658,0.29858,-0.01385,0.00444,0.00000
487.40000,195.00000,0.03669,0.29793,-0.01300,0.00468,0.00000
487.50000,195.04000,0.03626,0.29723,-0.01195,0.00489,0.00000
487.60000,195.08000,0.03527,0.29652,-0.01075,0.00505,0.00000
487.70000,195.12000,0.03376,0.29582,-0.00942,0.00516,0.00000
487.80000,195.16000,0.03175,0.29515,-0.00798,0.00518,0.00000
487.90000,195.20000,0.02928,0.29454,-0.00647,0.00509,0.00000
488.00000,195.24000,0.02638,0.29404,-0.00491,0.00486,0.00000
488.10000,195.28000,0.02312,0.29366,-0.00332,0.00449,0.00000
488.20000,195.32000,0.01956,0.29343,-0.00171,0.00394,0.00000
488.30000,195.36000,0.01575,0.29338,-0.00010,0.00321,0.00000
488.40000,195.40000,0.01177,0.29353,0.00150,0.00230,0.00000
488.50000,195.44000,0.00769,0.29388,0.00308,0.00123,0.00000
488.60000,195.48000,0.00357,0.29445,0.00464,0.00002,-0.00000
488.70000,195.52000,-0.00051,0.29523,0.00616,-0.00128,0.00000
488.80000,195.56000,-0.00448,0.29621,0.00762,-0.00263,0.00000
488.90000,195.60000,-0.00829,0.29739,0.00902,-0.00396,0.00000
489.00000,195.64000,-0.01188,0.29874,0.01033,-0.00523,0.00000
489.10000,195.68000,-0.01518,0.30024,0.01153,-0.00636,0.00000
489.20000,195.72000,-0.01817,0.30185,0.01261,-0.00729,0.00000
489.30000,195.76000,-0.02080,0.30353,0.01354,-0.00798,-0.00000
489.40000,195.80000,-0.02305,0.30525,0.01429,-0.00838,0.00000
489.50000,195.84000,-0.02489,0.30696,0.01486,-0.00847,0.00000
489.60000,195.88000,-0.02631,0.30863,0.01521,-0.00823,-0.00000
489.70000,195.92000,-0.02731,0.31021,0.01534,-0.00767,-0.00000
489.80000,195.96000,-0.02789,0.31166,0.01525,-0.00682,-0.00000
489.90000,196.00000,-0.02805,0.31295,0.01493,-0.00571,0.00000
490.00000,196.04000,-0.02783,0.31404,0.01440,-0.00440,0.00000
490.10000,196.08000,-0.02723,0.31491,0.01365,-0.00294,0.00000
490.20000,196.12000,-0.02629,0.31553,0.01272,-0.00140,-0.00000
490.30000,196.16000,-0.02503,0.31588,0.01163,0.00014,0.00000
490.40000,196.20000,-0.02349,0.31595,0.01041,0.00163,0.00000
490.50000,196.24000,-0.02170,0.31573,0.00908,0.00301,0.00000
490.60000,196.28000,-0.01970,0.31524,0.00769,0.00424,0.00000
490.70000,196.32000,-0.01751,0.31446,0.00626,0.00527,0.00000
490.80000,196.36000,-0.01519,0.31342,0.00483,0.00610,0.00000
490.90000,196.40000,-0.01276,0.31213,0.00341,0.00672,0.00000
491.00000,196.44000,-0.01026,0.31061,0.00205,0.00716,0.00000
491.10000,196.48000,-0.00773,0.30889,0.00075,0.00743,0.00000
491.20000,196.52000,-0.00518,0.30699,-0.00046,0.00758,0.00000
491.30000,196.56000,-0.00266,0.30495,-0.00158,0.00765,0.00000
491.40000,196.60000,-0.00019,0.30281,-0.00260,0.00768,0.00000
491.50000,196.64000,0.00221,0.30059,-0.00352,0.00772,0.00000
491.60000,196.68000,0.00452,0.29833,-0.00433,0.00779,0.00000
491.70000,196.72000,0.00671,0.29607,-0.00504,0.00793,0.00000
491.80000,196.76000,0.00877,0.29385,-0.00564,0.00814,-0.00000
491.90000,196.80000,0.01067,0.29170,-0.00614,0.00842,0.00000
492.00000,196.84000,0.01242,0.28965,-0.00654,0.00874,0.00000
492.10000,196.88000,0.01398,0.28775,-0.00685,0.00906,0.00000
492.20000,196.92000,0.01536,0.28600,-0.00706,0.00933,0.00000
492.30000,196.96000,0.01654,0.28446,-0.00719,0.00948,0.00000
492.40000,197.00000,0.01751,0.28312,-0.00722,0.00946,0.00000
492.50000,197.04000,0.01827,0.28203,-0.00717,0.00918,0.00000
492.60000,197.08000,0.01881,0.28118,-0.00703,0.00860,0.00000
492.70000,197.12000,0.01913,0.28060,-0.00682,0.00765,0.00000
492.80000,197.16000,0.01922,0.28029,-0.00655,0.00630,-0.00000
492.90000,197.20000,0.01909,0.28026,-0.00621,0.00453,-0.00000
493.00000,197.24000,0.01873,0.28051,-0.00583,0.00235,0.00000
493.10000,197.28000,0.01816,0.28103,-0.00541,-0.00021,-0.00000
493.20000,197.32000,0.01737,0.28182,-0.00498,-0.00311,0.00000
493.30000,197.36000,0.01638,0.28286,-0.00454,-0.00626,0.00000
493.40000,197.40000,0.01520,0.28414,-0.00411,-0.00956,-0.00000
493.50000,197.44000,0.01384,0.28564,-0.00370,-0.01291,0.00000
493.60000,197.48000,0.01232,0.28735,-0.00333,-0.01617,0.00000
493.70000,197.52000,0.01065,0.28923,-0.00299,-0.01922,-0.00000
493.80000,197.56000,0.00887,0.29127,-0.00270,-0.02192,0.00000
493.90000,197.60000,0.00700,0.29342,-0.00246,-0.02416,0.00000
494.00000,197.64000,0.00506,0.29567,-0.00226,-0.02584,-0.00000
494.10000,197.68000,0.00308,0.29798,-0.00210,-0.02685,0.00000
494.20000,197.72000,0.00109,0.30031,-0.00197,-0.02714,-0.00000
494.30000,197.76000,-0.00089,0.30264,-0.00188,-0.02668,0.00000
494.40000,197.80000,-0.00281,0.30492,-0.00179,-0.02546,0.00000
494.50000,197.84000,-0.00465,0.30713,-0.00172,-0.02350,-0.00000
494.60000,197.88000,-0.00639,0.30923,-0.00166,-0.02086,0.00000
494.70000,197.92000,-0.00800,0.31119,-0.00159,-0.01762,0.00000
494.80000,197.96000,-0.00946,0.31298,-0.00153,-0.01389,-0.00000
494.90000,198.00000,-0.01075,0.31458,-0.00147,-0.00977,0.00000
495.00000,198.04000,-0.01185,0.31594,-0.00141,-0.00542,0.00000
495.10000,198.08000,-0.01275,0.31707,-0.00137,-0.00095,0.00000
495.20000,198.12000,-0.01343,0.31793,-0.00136,0.00348,-0.00000
495.30000,198.16000,-0.01391,0.31851,-0.00137,0.00775,0.00000
495.40000,198.20000,-0.01417,0.31882,-0.00142,0.01174,0.00000
495.50000,198.24000,-0.01422,0.31883,-0.00151,0.01533,0.00000
495.60000,198.28000,-0.01407,0.31857,-0.00165,0.01844,-0.00000
495.70000,198.32000,-0.01372,0.31802,-0.00182,0.02100,0.00000
495.80000,198.36000,-0.01320,0.31721,-0.00202,0.02298,0.00000
495.90000,198.40000,-0.01251,0.31615,-0.00223,0.02434,0.00000
496.00000,198.44000,-0.01168,0.31487,-0.00243,0.02511,-0.00000
496.10000,198.48000,-0.01073,0.31339,-0.00259,0.02529,0.00000
496.20000,198.52000,-0.00968,0.31173,-0.00269,0.02492,0.00000
496.30000,198.56000,-0.00855,0.30993,-0.00269,0.02406,0.00000
496.40000,198.60000,-0.00737,0.30803,-0.00257,0.02278,0.00000
496.50000,198.64000,-0.00615,0.30605,-0.00231,0.02114,0.00000
496.60000,198.68000,-0.00493,0.30403,-0.00188,0.01920,0.00000
496.70000,198.72000,-0.00371,0.30201,-0.00127,0.01706,0.00000
496.80000,198.76000,-0.00253,0.30001,-0.00048,0.01476,0.00000
496.90000,198.80000,-0.00139,0.29807,0.00047,0.01238,0.00000
497.00000,198.84000,-0.00031,0.29622,0.00158,0.00997,0.00000
497.10000,198.88000,0.00068,0.29448,0.00280,0.00757,-0.00000
497.20000,198.92000,0.00160,0.29287,0.00411,0.00522,0.00000
497.30000,198.96000,0.00242,0.29142,0.00545,0.00294,-0.00000
497.40000,199.00000,0.00314,0.29014,0.00678,0.00076,0.00000
497.50000,199.04000,0.00376,0.28904,0.00804,-0.00130,0.00000
497.60000,199.08000,0.00428,0.28813,0.00919,-0.00325,0.00000
497.70000,199.12000,0.00470,0.28742,0.01017,-0.00508,0.00000
497.80000,199.16000,0.00503,0.28692,0.01095,-0.00677,0.00000
497.90000,199.20000,0.00527,0.28661,0.01151,-0.00834,0.00000
498.00000,199.24000,0.00542,0.28650,0.01182,-0.00977,0.00000
498.10000,199.28000,0.00551,0.28658,0.01188,-0.01106,0.00000
498.20000,199.32000,0.00553,0.28686,0.01171,-0.01220,-0.00000
498.30000,199.36000,0.00549,0.28730,0.01132,-0.01317,0.00000
498.40000,199.40000,0.00541,0.28792,0.01074,-0.01397,0.00000
498.50000,199.44000,0.00529,0.28869,0.01001,-0.01459,0.00000
498.60000,199.48000,0.00514,0.28960,0.00918,-0.01500,0.00000
498.70000,199.52000,0.00496,0.29063,0.00828,-0.01521,-0.00000
498.80000,199.56000,0.00477,0.29177,0.00736,-0.01519,-0.00000
498.90000,199.60000,0.00457,0.29299,0.00646,-0.01494,0.00000
499.00000,199.64000,0.00436,0.29429,0.00559,-0.01446,-0.00000
499.10000,199.68000,0.00414,0.29563,0.00478,-0.01377,0.00000
499.20000,199.72000,0.00392,0.29700,0.00403,-0.01286,0.00000
499.30000,199.76000,0.00370,0.29837,0.00334,-0.01176,0.00000
499.40000,199.80000,0.00348,0.29973,0.00268,-0.01049,0.00000
499.50000,199.84000,0.00326,0.30105,0.00203,-0.00909,0.00000
499.60000,199.88000,0.00304,0.30232,0.00137,-0.00758,0.00000
499.70000,199.92000,0.00282,0.30351,0.00066,-0.00599,0.00000
499.80000,199.96000,0.00260,0.30461,-0.00013,-0.00437,0.00000
499.90000,200.00000,0.00239,0.30561,-0.00103,-0.00275,0.00000
500.00000,200.04000,0.00218,0.30649,-0.00205,-0.00117,-0.00000
500.10000,200.08000,0.00199,0.30724,-0.00321,0.00036,0.00000
500.20000,200.12000,0.00181,0.30785,-0.00449,0.00179,0.00000
500.30000,200.16000,0.00165,0.30832,-0.00587,0.00313,0.00000
500.40000,200.20000,0.00151,0.30865,-0.00732,0.00435,-0.00000
500.50000,200.24000,0.00140,0.30882,-0.00879,0.00545,0.00000
500.60000,200.28000,0.00131,0.30886,-0.01022,0.00644,0.00000
500.70000,200.32000,0.00125,0.30876,-0.01156,0.00730,0.00000
500.80000,200.36000,0.00122,0.30852,-0.01274,0.00806,-0.00000
500.90000,200.40000,0.00122,0.30816,-0.01369,0.00871,0.00000
501.00000,200.44000,0.00124,0.30769,-0.01436,0.00928,0.00000
501.10000,200.48000,0.00128,0.30711,-0.01471,0.00975,0.00000
501.20000,200.52000,0.00134,0.30644,-0.01470,0.01014,0.00000
501.30000,200.56000,0.00140,0.30569,-0.01433,0.01044,0.00000
501.40000,200.60000,0.00146,0.30488,-0.01361,0.01065,0.00000
501.50000,200.64000,0.00151,0.30402,-0.01255,0.01075,0.00000
501.60000,200.68000,0.00153,0.30312,-0.01120,0.01073,0.00000
501.70000,200.72000,0.00153,0.30220,-0.00963,0.01057,-0.00000
501.80000,200.76000,0.00147,0.30127,-0.00791,0.01025,0.00000
501.90000,200.80000,0.00137,0.30036,-0.00611,0.00975,0.00000
502.00000,200.84000,0.00120,0.29946,-0.00433,0.00905,0.00000
502.10000,200.88000,0.00096,0.29859,-0.00264,0.00815,-0.00000
502.20000,200.92000,0.00066,0.29778,-0.00111,0.00703,0.00000
502.30000,200.96000,0.00027,0.29703,0.00019,0.00571,0.00000
502.40000,201.00000,-0.00019,0.29634,0.00122,0.00420,0.00000
502.50000,201.04000,-0.00072,0.29575,0.00195,0.00253,0.00000
502.60000,201.08000,-0.00132,0.29524,0.00238,0.00074,0.00000
502.70000,201.12000,-0.00198,0.29483,0.00251,-0.00113,-0.00000
502.80000,201.16000,-0.00269,0.29453,0.00238,-0.00301,0.00000
502.90000,201.20000,-0.00345,0.29434,0.00203,-0.00484,0.00000
503.00000,201.24000,-0.00423,0.29426,0.00152,-0.00656,0.00000
503.10000,201.28000,-0.00502,0.29430,0.00093,-0.00810,0.00000
503.20000,201.32000,-0.00582,0.29444,0.00031,-0.00940,0.00000
503.30000,201.36000,-0.00661,0.29468,-0.00026,-0.01040,-0.00000
503.40000,201.40000,-0.00736,0.29502,-0.00073,-0.01108,0.00000
503.50000,201.44000,-0.00808,0.29545,-0.00103,-0.01140,0.00000
503.60000,201.48000,-0.00874,0.29596,-0.00114,-0.01135,0.00000
503.70000,201.52000,-0.00932,0.29654,-0.00103,-0.01094,0.00000
503.80000,201.56000,-0.00983,0.29717,-0.00070,-0.01020,0.00000
503.90000,201.60000,-0.01024,0.29783,-0.00014,-0.00917,-0.00000
504.00000,201.64000,-0.01054,0.29853,0.00060,-0.00790,-0.00000
504.10000,201.68000,-0.01072,0.29923,0.00150,-0.00646,0.00000
504.20000,201.72000,-0.01078,0.29992,0.00251,-0.00492,0.00000
504.30000,201.76000,-0.01070,0.30060,0.00359,-0.00336,0.00000
504.40000,201.80000,-0.01048,0.30124,0.00469,-0.00186,0.00000
504.50000,201.84000,-0.01011,0.30184,0.00576,-0.00047,0.00000
504.60000,201.88000,-0.00959,0.30238,0.00676,0.00075,-0.00000
504.70000,201.92000,-0.00891,0.30286,0.00767,0.00175,0.00000
504.80000,201.96000,-0.00807,0.30325,0.00845,0.00251,0.00000
504.90000,202.00000,-0.00707,0.30357,0.00910,0.00302,0.00000
505.00000,202.04000,-0.00593,0.30379,0.00962,0.00328,0.00000
505.10000,202.08000,-0.00464,0.30392,0.01001,0.00334,0.00000
505.20000,202.12000,-0.00322,0.30395,0.01029,0.00321,0.00000
505.30000,202.16000,-0.00167,0.30388,0.01049,0.00296,0.00000
505.40000,202.20000,-0.00003,0.30372,0.01061,0.00264,0.00000
505.50000,202.24000,0.00170,0.30346,0.01069,0.00230,0.00000
505.60000,202.28000,0.00348,0.30311,0.01073,0.00200,0.00000
505.70000,202.32000,0.00530,0.30267,0.01074,0.00180,-0.00000
505.80000,202.36000,0.00711,0.30216,0.01072,0.00172,0.00000
505.90000,202.40000,0.00890,0.30159,0.01066,0.00179,0.00000
506.00000,202.44000,0.01063,0.30096,0.01056,0.00201,0.00000
506.10000,202.48000,0.01226,0.30029,0.01037,0.00239,0.00000
506.20000,202.52000,0.01377,0.29959,0.01007,0.00290,-0.00000
506.30000,202.56000,0.01512,0.29888,0.00963,0.00350,0.00000
506.40000,202.60000,0.01629,0.29818,0.00902,0.00414,0.00000
506.50000,202.64000,0.01725,0.29751,0.00821,0.00476,-0.00000
506.60000,202.68000,0.01799,0.29687,0.00717,0.00532,0.00000
506.70000,202.72000,0.01848,0.29630,0.00590,0.00576,0.00000
506.80000,202.76000,0.01872,0.29580,0.00439,0.00602,-0.00000
506.90000,202.80000,0.01869,0.29539,0.00266,0.00606,-0.00000
507.00000,202.84000,0.01841,0.29508,0.00073,0.00587,0.00000
507.10000,202.88000,0.01786,0.29489,-0.00137,0.00543,0.00000
507.20000,202.92000,0.01706,0.29482,-0.00357,0.00475,-0.00000
507.30000,202.96000,0.01603,0.29489,-0.00582,0.00385,-0.00000
507.40000,203.00000,0.01477,0.29508,-0.00806,0.00277,0.00000
507.50000,203.04000,0.01333,0.29540,-0.01022,0.00156,0.00000
507.60000,203.08000,0.01170,0.29584,-0.01223,0.00029,0.00000
507.70000,203.12000,0.00993,0.29640,-0.01404,-0.00098,0.00000
507.80000,203.16000,0.00805,0.29707,-0.01557,-0.00218,-0.00000
507.90000,203.20000,0.00607,0.29783,-0.01680,-0.00325,0.00000
508.00000,203.24000,0.00403,0.29866,-0.01770,-0.00413,0.00000
508.10000,203.28000,0.00196,0.29955,-0.01824,-0.00478,0.00000
508.20000,203.32000,-0.00012,0.30048,-0.01843,-0.00518,-0.00000
508.30000,203.36000,-0.00218,0.30143,-0.01828,-0.00530,0.00000
508.40000,203.40000,-0.00419,0.30237,-0.01782,-0.00517,0.00000
508.50000,203.44000,-0.00613,0.30330,-0.01708,-0.00479,0.00000
508.60000,203.48000,-0.00798,0.30417,-0.01612,-0.00421,0.00000
508.70000,203.52000,-0.00973,0.30499,-0.01496,-0.00349,-0.00000
508.80000,203.56000,-0.01135,0.30573,-0.01368,-0.00267,0.00000
508.90000,203.60000,-0.01283,0.30638,-0.01231,-0.00184,0.00000
509.00000,203.64000,-0.01416,0.30692,-0.01090,-0.00104,-0.00000
509.10000,203.68000,-0.01532,0.30734,-0.00949,-0.00035,0.00000
509.20000,203.72000,-0.01631,0.30764,-0.00810,0.00018,0.00000
509.30000,203.76000,-0.01712,0.30780,-0.00675,0.00051,-0.00000
509.40000,203.80000,-0.01774,0.30784,-0.00546,0.00061,-0.00000
509.50000,203.84000,-0.01817,0.30773,-0.00421,0.00047,0.00000
509.60000,203.88000,-0.01841,0.30750,-0.00301,0.00008,-0.00000
509.70000,203.92000,-0.01846,0.30714,-0.00183,-0.00053,0.00000
509.80000,203.96000,-0.01831,0.30666,-0.00067,-0.00132,-0.00000
509.90000,204.00000,-0.01797,0.30607,0.00050,-0.00226,0.00000
510.00000,204.04000,-0.01746,0.30539,0.00169,-0.00330,-0.00000
510.10000,204.08000,-0.01676,0.30462,0.00291,-0.00436,-0.00000
510.20000,204.12000,-0.01590,0.30378,0.00418,-0.00538,-0.00000
510.30000,204.16000,-0.01489,0.30289,0.00550,-0.00631,-0.00000
510.40000,204.20000,-0.01373,0.30197,0.00685,-0.00708,0.00000
510.50000,204.24000,-0.01245,0.30103,0.00823,-0.00764,-0.00000
510.60000,204.28000,-0.01106,0.30009,0.00962,-0.00796,0.00000
510.70000,204.32000,-0.00957,0.29918,0.01098,-0.00800,0.00000
510.80000,204.36000,-0.00801,0.29829,0.01230,-0.00774,0.00000
510.90000,204.40000,-0.00638,0.29746,0.01353,-0.00718,0.00000
511.00000,204.44000,-0.00472,0.29669,0.01465,-0.00634,0.00000
511.10000,204.48000,-0.00304,0.29598,0.01561,-0.00522,-0.00000
511.20000,204.52000,-0.00136,0.29536,0.01639,-0.00386,0.00000
511.30000,204.56000,0.00031,0.29481,0.01695,-0.00230,-0.00000
511.40000,204.60000,0.00195,0.29435,0.01729,-0.00058,0.00000
511.50000,204.64000,0.00354,0.29396,0.01738,0.00123,0.00000
511.60000,204.68000,0.00507,0.29364,0.01722,0.00310,0.00000
511.70000,204.72000,0.00653,0.29338,0.01680,0.00495,-0.00000
511.80000,204.76000,0.00790,0.29317,0.01614,0.00674,0.00000
511.90000,204.80000,0.00918,0.29301,0.01524,0.00842,-0.00000
512.00000,204.84000,0.01036,0.29287,0.01413,0.00992,0.00000
512.10000,204.88000,0.01143,0.29274,0.01282,0.01120,0.00000
512.20000,204.92000,0.01238,0.29262,0.01135,0.01223,0.00000
512.30000,204.96000,0.01322,0.29249,0.00974,0.01298,0.00000
512.40000,205.00000,0.01393,0.29235,0.00801,0.01341,0.00000
512.50000,205.04000,0.01452,0.29219,0.00620,0.01352,0.00000
512.60000,205.08000,0.01498,0.29202,0.00432,0.01330,-0.00000
512.70000,205.12000,0.01532,0.29183,0.00241,0.01275,0.00000
512.80000,205.16000,0.01552,0.29165,0.00049,0.01189,-0.00000
512.90000,205.20000,0.01560,0.29149,-0.00143,0.01075,0.00000
513.00000,205.24000,0.01554,0.29135,-0.00332,0.00936,0.00000
513.10000,205.28000,0.01536,0.29127,-0.00517,0.00777,0.00000
513.20000,205.32000,0.01505,0.29126,-0.00696,0.00603,0.00000
513.30000,205.36000,0.01461,0.29135,-0.00869,0.00420,0.00000
513.40000,205.40000,0.01406,0.29157,-0.01033,0.00234,0.00000
513.50000,205.44000,0.01338,0.29193,-0.01187,0.00051,0.00000
513.60000,205.48000,0.01258,0.29247,-0.01331,-0.00122,0.00000
513.70000,205.52000,0.01167,0.29319,-0.01462,-0.00279,0.00000
513.80000,205.56000,0.01066,0.29412,-0.01579,-0.00416,-0.00000
513.90000,205.60000,0.00955,0.29526,-0.01681,-0.00529,0.00000
514.00000,205.64000,0.00835,0.29662,-0.01766,-0.00613,0.00000
514.10000,205.68000,0.00707,0.29819,-0.01833,-0.00669,0.00000
514.20000,205.72000,0.00572,0.29995,-0.01881,-0.00696,-0.00000
514.30000,205.76000,0.00432,0.30190,-0.01907,-0.00695,0.00000
514.40000,205.80000,0.00287,0.30400,-0.01911,-0.00669,0.00000
514.50000,205.84000,0.00140,0.30623,-0.01891,-0.00623,0.00000
514.60000,205.88000,-0.00008,0.30854,-0.01847,-0.00561,0.00000
514.70000,205.92000,-0.00156,0.31090,-0.01777,-0.00490,0.00000
514.80000,205.96000,-0.00302,0.31326,-0.01682,-0.00416,0.00000
514.90000,206.00000,-0.00444,0.31556,-0.01561,-0.00344,0.00000
515.00000,206.04000,-0.00581,0.31776,-0.01416,-0.00282,-0.00000
515.10000,206.08000,-0.00710,0.31980,-0.01246,-0.00233,-0.00000
515.20000,206.12000,-0.00831,0.32163,-0.01053,-0.00203,0.00000
515.30000,206.16000,-0.00942,0.32321,-0.00840,-0.00193,0.00000
515.40000,206.20000,-0.01042,0.32449,-0.00608,-0.00206,-0.00000
515.50000,206.24000,-0.01130,0.32542,-0.00361,-0.00240,0.00000
515.60000,206.28000,-0.01205,0.32598,-0.00102,-0.00293,0.00000
515.70000,206.32000,-0.01265,0.32614,0.00165,-0.00363,0.00000
515.80000,206.36000,-0.01311,0.32587,0.00434,-0.00445,0.00000
515.90000,206.40000,-0.01341,0.32517,0.00702,-0.00533,-0.00000
516.00000,206.44000,-0.01357,0.32403,0.00963,-0.00621,0.00000
516.10000,206.48000,-0.01357,0.32246,0.01213,-0.00703,0.00000
516.20000,206.52000,-0.01343,0.32047,0.01445,-0.00774,0.00000
516.30000,206.56000,-0.01313,0.31808,0.01655,-0.00828,-0.00000
516.40000,206.60000,-0.01270,0.31532,0.01838,-0.00861,0.00000
516.50000,206.64000,-0.01214,0.31224,0.01991,-0.00869,0.00000
516.60000,206.68000,-0.01144,0.30887,0.02110,-0.00852,0.00000
516.70000,206.72000,-0.01064,0.30528,0.02191,-0.00808,0.00000
516.80000,206.76000,-0.00973,0.30150,0.02235,-0.00740,0.00000
516.90000,206.80000,-0.00873,0.29762,0.02239,-0.00649,0.00000
517.00000,206.84000,-0.00766,0.29368,0.02204,-0.00538,0.00000
517.10000,206.88000,-0.00652,0.28975,0.02131,-0.00412,0.00000
517.20000,206.92000,-0.00534,0.28590,0.02024,-0.00276,0.00000
517.30000,206.96000,-0.00413,0.28219,0.01886,-0.00133,0.00000
517.40000,207.00000,-0.00290,0.27868,0.01720,0.00011,0.00000
517.50000,207.04000,-0.00167,0.27542,0.01531,0.00153,0.00000
517.60000,207.08000,-0.00046,0.27248,0.01326,0.00288,0.00000
517.70000,207.12000,0.00071,0.26989,0.01110,0.00416,0.00000
517.80000,207.16000,0.00183,0.26769,0.00888,0.00533,0.00000
517.90000,207.20000,0.00288,0.26592,0.00666,0.00639,0.00000
518.00000,207.24000,0.00386,0.26460,0.00448,0.00735,0.00000
518.10000,207.28000,0.00474,0.26376,0.00241,0.00820,0.00000
518.20000,207.32000,0.00551,0.26340,0.00046,0.00897,0.00000
518.30000,207.36000,0.00616,0.26353,-0.00132,0.00965,-0.00000
518.40000,207.40000,0.00668,0.26415,-0.00292,0.01025,0.00000
518.50000,207.44000,0.00708,0.26524,-0.00433,0.01080,0.00000
518.60000,207.48000,0.00733,0.26678,-0.00556,0.01128,0.00000
518.70000,207.52000,0.00744,0.26877,-0.00660,0.01169,-0.00000
518.80000,207.56000,0.00741,0.27117,-0.00748,0.01203,-0.00000
518.90000,207.60000,0.00725,0.27395,-0.00821,0.01228,0.00000
519.00000,207.64000,0.00695,0.27709,-0.00883,0.01240,-0.00000
519.10000,207.68000,0.00654,0.28053,-0.00937,0.01239,0.00000
519.20000,207.72000,0.00601,0.28424,-0.00986,0.01221,0.00000
519.30000,207.76000,0.00538,0.28818,-0.01033,0.01183,0.00000
519.40000,207.80000,0.00467,0.29230,-0.01080,0.01124,-0.00000
519.50000,207.84000,0.00389,0.29655,-0.01129,0.01042,0.00000
519.60000,207.88000,0.00307,0.30089,-0.01183,0.00936,0.00000
519.70000,207.92000,0.00222,0.30525,-0.01242,0.00807,0.00000
519.80000,207.96000,0.00137,0.30960,-0.01307,0.00656,0.00000
519.90000,208.00000,0.00053,0.31388,-0.01376,0.00485,0.00000
520.00000,208.04000,-0.00027,0.31802,-0.01448,0.00298,-0.00000
520.10000,208.08000,-0.00101,0.32199,-0.01521,0.00100,0.00000
520.20000,208.12000,-0.00168,0.32572,-0.01593,-0.00104,0.00000
520.30000,208.16000,-0.00226,0.32916,-0.01661,-0.00308,0.00000
520.40000,208.20000,-0.00273,0.33226,-0.01720,-0.00508,0.00000
520.50000,208.24000,-0.00309,0.33498,-0.01767,-0.00696,-0.00000
520.60000,208.28000,-0.00331,0.33727,-0.01799,-0.00868,0.00000
520.70000,208.32000,-0.00340,0.33910,-0.01811,-0.01020,0.00000
520.80000,208.36000,-0.00334,0.34043,-0.01800,-0.01149,-0.00000
520.90000,208.40000,-0.00315,0.34124,-0.01764,-0.01251,-0.00000
521.00000,208.44000,-0.00282,0.34151,-0.01699,-0.01325,0.00000
521.10000,208.48000,-0.00237,0.34124,-0.01605,-0.01372,0.00000
521.20000,208.52000,-0.00179,0.34041,-0.01480,-0.01393,0.00000
521.30000,208.56000,-0.00110,0.33904,-0.01324,-0.01388,-0.00000
521.40000,208.60000,-0.00032,0.33716,-0.01138,-0.01361,-0.00000
521.50000,208.64000,0.00054,0.33477,-0.00923,-0.01314,0.00000
521.60000,208.68000,0.00145,0.33192,-0.00681,-0.01251,0.00000
521.70000,208.72000,0.00240,0.32866,-0.00416,-0.01174,-0.00000
521.80000,208.76000,0.00337,0.32502,-0.00132,-0.01086,0.00000
521.90000,208.80000,0.00433,0.32106,0.00169,-0.00990,0.00000
522.00000,208.84000,0.00527,0.31685,0.00480,-0.00888,0.00000
522.10000,208.88000,0.00616,0.31245,0.00797,-0.00782,0.00000
522.20000,208.92000,0.00698,0.30791,0.01115,-0.00672,-0.00000
522.30000,208.96000,0.00773,0.30331,0.01429,-0.00559,0.00000
522.40000,209.00000,0.00837,0.29872,0.01733,-0.00445,-0.00000
522.50000,209.04000,0.00891,0.29420,0.02022,-0.00329,0.00000
522.60000,209.08000,0.00932,0.28980,0.02292,-0.00211,-0.00000
522.70000,209.12000,0.00959,0.28559,0.02538,-0.00092,0.00000
522.80000,209.16000,0.00973,0.28163,0.02756,0.00026,0.00000
522.90000,209.20000,0.00973,0.27796,0.02942,0.00144,0.00000
523.00000,209.24000,0.00959,0.27463,0.03093,0.00259,0.00000
523.10000,209.28000,0.00930,0.27168,0.03207,0.00370,0.00000
523.20000,209.32000,0.00887,0.26914,0.03280,0.00474,0.00000
523.30000,209.36000,0.00830,0.26703,0.03311,0.00570,0.00000
523.40000,209.40000,0.00760,0.26537,0.03297,0.00655,0.00000
523.50000,209.44000,0.00678,0.26418,0.03238,0.00727,-0.00000
523.60000,209.48000,0.00584,0.26347,0.03133,0.00784,0.00000
523.70000,209.52000,0.00480,0.26323,0.02982,0.00826,-0.00000
523.80000,209.56000,0.00366,0.26345,0.02784,0.00851,0.00000
523.90000,209.60000,0.00244,0.26412,0.02540,0.00860,0.00000
524.00000,209.64000,0.00115,0.26523,0.02251,0.00854,-0.00000
524.10000,209.68000,-0.00020,0.26674,0.01921,0.00834,0.00000
524.20000,209.72000,-0.00160,0.26862,0.01552,0.00804,0.00000
524.30000,209.76000,-0.00303,0.27084,0.01147,0.00765,0.00000
524.40000,209.80000,-0.00448,0.27337,0.00712,0.00720,0.00000
524.50000,209.84000,-0.00593,0.27614,0.00253,0.00673,0.00000
524.60000,209.88000,-0.00736,0.27913,-0.00222,0.00626,0.00000
524.70000,209.92000,-0.00877,0.28228,-0.00707,0.00583,0.00000
524.80000,209.96000,-0.01013,0.28554,-0.01191,0.00544,0.00000
524.90000,210.00000,-0.01142,0.28887,-0.01666,0.00511,-0.00000
525.00000,210.04000,-0.01263,0.29221,-0.02120,0.00484,0.00000
525.10000,210.08000,-0.01375,0.29552,-0.02544,0.00463,0.00000
525.20000,210.12000,-0.01475,0.29876,-0.02927,0.00447,-0.00000
525.30000,210.16000,-0.01562,0.30188,-0.03260,0.00433,0.00000
525.40000,210.20000,-0.01635,0.30485,-0.03534,0.00419,-0.00000
525.50000,210.24000,-0.01693,0.30764,-0.03742,0.00403,-0.00000
525.60000,210.28000,-0.01734,0.31022,-0.03877,0.00382,-0.00000
525.70000,210.32000,-0.01757,0.31258,-0.03936,0.00352,0.00000
525.80000,210.36000,-0.01762,0.31468,-0.03918,0.00313,-0.00000
525.90000,210.40000,-0.01749,0.31653,-0.03822,0.00263,0.00000
526.00000,210.44000,-0.01717,0.31811,-0.03652,0.00200,0.00000
526.10000,210.48000,-0.01666,0.31943,-0.03413,0.00126,-0.00000
526.20000,210.52000,-0.01598,0.32049,-0.03114,0.00040,0.00000
526.30000,210.56000,-0.01511,0.32129,-0.02763,-0.00055,0.00000
526.40000,210.60000,-0.01408,0.32184,-0.02371,-0.00157,0.00000
526.50000,210.64000,-0.01288,0.32216,-0.01951,-0.00264,0.00000
526.60000,210.68000,-0.01154,0.32225,-0.01515,-0.00371,0.00000
526.70000,210.72000,-0.01006,0.32212,-0.01075,-0.00478,0.00000
526.80000,210.76000,-0.00846,0.32180,-0.00645,-0.00579,0.00000
526.90000,210.80000,-0.00675,0.32130,-0.00234,-0.00674,0.00000
527.00000,210.84000,-0.00494,0.32064,0.00147,-0.00760,0.00000
527.10000,210.88000,-0.00307,0.31982,0.00491,-0.00835,0.00000
527.20000,210.92000,-0.00113,0.31887,0.00791,-0.00900,0.00000
527.30000,210.96000,0.00085,0.31779,0.01046,-0.00952,0.00000
527.40000,211.00000,0.00285,0.31661,0.01253,-0.00994,-0.00000
527.50000,211.04000,0.00487,0.31533,0.01413,-0.01025,0.00000
527.60000,211.08000,0.00687,0.31398,0.01530,-0.01046,0.00000
527.70000,211.12000,0.00884,0.31256,0.01608,-0.01058,0.00000
527.80000,211.16000,0.01076,0.31109,0.01652,-0.01061,0.00000
527.90000,211.20000,0.01261,0.30959,0.01669,-0.01054,0.00000
528.00000,211.24000,0.01437,0.30807,0.01665,-0.01038,0.00000
528.10000,211.28000,0.01602,0.30654,0.01648,-0.01011,0.00000
528.20000,211.32000,0.01755,0.30502,0.01622,-0.00971,0.00000
528.30000,211.36000,0.01893,0.30351,0.01593,-0.00916,-0.00000
528.40000,211.40000,0.02013,0.30204,0.01564,-0.00844,0.00000
528.50000,211.44000,0.02116,0.30061,0.01537,-0.00753,-0.00000
528.60000,211.48000,0.02198,0.29923,0.01513,-0.00640,0.00000
528.70000,211.52000,0.02259,0.29791,0.01491,-0.00504,-0.00000
528.80000,211.56000,0.02297,0.29665,0.01471,-0.00345,0.00000
528.90000,211.60000,0.02311,0.29547,0.01447,-0.00164,-0.00000
529.00000,211.64000,0.02301,0.29435,0.01418,0.00038,0.00000
529.10000,211.68000,0.02268,0.29332,0.01379,0.00257,0.00000
529.20000,211.72000,0.02210,0.29236,0.01327,0.00488,0.00000
529.30000,211.76000,0.02129,0.29148,0.01258,0.00724,0.00000
529.40000,211.80000,0.02025,0.29068,0.01169,0.00957,0.00000
529.50000,211.84000,0.01900,0.28995,0.01060,0.01181,0.00000
529.60000,211.88000,0.01756,0.28929,0.00930,0.01385,-0.00000
529.70000,211.92000,0.01594,0.28872,0.00780,0.01561,0.00000
529.80000,211.96000,0.01417,0.28822,0.00611,0.01701,0.00000
529.90000,212.00000,0.01227,0.28779,0.00429,0.01797,-0.00000
530.00000,212.04000,0.01026,0.28745,0.00236,0.01845,-0.00000
530.10000,212.08000,0.00816,0.28720,0.00038,0.01841,-0.00000
530.20000,212.12000,0.00602,0.28703,-0.00159,0.01782,-0.00000
530.30000,212.16000,0.00384,0.28696,-0.00348,0.01671,-0.00000
530.40000,212.20000,0.00165,0.28699,-0.00525,0.01511,0.00000
530.50000,212.24000,-0.00053,0.28713,-0.00684,0.01306,0.00000
530.60000,212.28000,-0.00267,0.28739,-0.00820,0.01066,0.00000
530.70000,212.32000,-0.00476,0.28776,-0.00929,0.00798,0.00000
530.80000,212.36000,-0.00679,0.28826,-0.01008,0.00515,0.00000
530.90000,212.40000,-0.00874,0.28888,-0.01057,0.00226,0.00000
531.00000,212.44000,-0.01059,0.28963,-0.01074,-0.00057,-0.00000
531.10000,212.48000,-0.01235,0.29049,-0.01060,-0.00323,0.00000
531.20000,212.52000,-0.01400,0.29146,-0.01016,-0.00563,0.00000
531.30000,212.56000,-0.01553,0.29254,-0.00947,-0.00770,-0.00000
531.40000,212.60000,-0.01694,0.29370,-0.00854,-0.00937,0.00000
531.50000,212.64000,-0.01822,0.29493,-0.00742,-0.01060,0.00000
531.60000,212.68000,-0.01938,0.29622,-0.00615,-0.01138,0.00000
531.70000,212.72000,-0.02040,0.29753,-0.00477,-0.01171,0.00000
531.80000,212.76000,-0.02129,0.29885,-0.00334,-0.01163,0.00000
531.90000,212.80000,-0.02203,0.30016,-0.00190,-0.01117,-0.00000
532.00000,212.84000,-0.02262,0.30143,-0.00049,-0.01038,-0.00000
532.10000,212.88000,-0.02307,0.30263,0.00085,-0.00935,-0.00000
532.20000,212.92000,-0.02336,0.30375,0.00207,-0.00814,0.00000
532.30000,212.96000,-0.02348,0.30476,0.00314,-0.00683,0.00000
532.40000,213.00000,-0.02344,0.30566,0.00403,-0.00548,0.00000
532.50000,213.04000,-0.02323,0.30643,0.00471,-0.00416,-0.00000
532.60000,213.08000,-0.02284,0.30705,0.00516,-0.00292,0.00000
532.70000,213.12000,-0.02227,0.30753,0.00537,-0.00180,0.00000
532.80000,213.16000,-0.02152,0.30786,0.00531,-0.00084,0.00000
532.90000,213.20000,-0.02057,0.30805,0.00500,-0.00005,0.00000
533.00000,213.24000,-0.01943,0.30809,0.00441,0.00055,0.00000
533.10000,213.28000,-0.01811,0.30801,0.00358,0.00098,0.00000
533.20000,213.32000,-0.01659,0.30781,0.00251,0.00125,0.00000
533.30000,213.36000,-0.01488,0.30751,0.00124,0.00136,0.00000
533.40000,213.40000,-0.01298,0.30712,-0.00020,0.00133,-0.00000
533.50000,213.44000,-0.01091,0.30666,-0.00177,0.00119,0.00000
533.60000,213.48000,-0.00867,0.30614,-0.00342,0.00096,0.00000
533.70000,213.52000,-0.00628,0.30559,-0.00508,0.00065,0.00000
533.80000,213.56000,-0.00375,0.30501,-0.00670,0.00028,0.00000
533.90000,213.60000,-0.00109,0.30442,-0.00822,-0.00013,0.00000
534.00000,213.64000,0.00166,0.30383,-0.00957,-0.00057,0.00000
534.10000,213.68000,0.00449,0.30326,-0.01071,-0.00103,0.00000
534.20000,213.72000,0.00736,0.30270,-0.01157,-0.00150,0.00000
534.30000,213.76000,0.01025,0.30218,-0.01213,-0.00195,0.00000
534.40000,213.80000,0.01312,0.30169,-0.01235,-0.00239,0.00000
534.50000,213.84000,0.01594,0.30123,-0.01222,-0.00278,0.00000
534.60000,213.88000,0.01866,0.30082,-0.01175,-0.00310,0.00000
534.70000,213.92000,0.02126,0.30044,-0.01095,-0.00335,0.00000
534.80000,213.96000,0.02369,0.30010,-0.00986,-0.00348,-0.00000
534.90000,214.00000,0.02592,0.29981,-0.00852,-0.00348,-0.00000
535.00000,214.04000,0.02790,0.29956,-0.00699,-0.00334,-0.00000
535.10000,214.08000,0.02960,0.29935,-0.00534,-0.00303,0.00000
535.20000,214.12000,0.03099,0.29917,-0.00363,-0.00254,0.00000
535.30000,214.16000,0.03204,0.29904,-0.00193,-0.00188,-0.00000
535.40000,214.20000,0.03273,0.29894,-0.00030,-0.00105,0.00000
535.50000,214.24000,0.03303,0.29889,0.00119,-0.00006,0.00000
535.60000,214.28000,0.03294,0.29886,0.00249,0.00104,0.00000
535.70000,214.32000,0.03243,0.29887,0.00358,0.00223,0.00000
535.80000,214.36000,0.03151,0.29891,0.00444,0.00346,-0.00000
535.90000,214.40000,0.03019,0.29898,0.00506,0.00469,0.00000
536.00000,214.44000,0.02847,0.29907,0.00545,0.00585,0.00000
536.10000,214.48000,0.02636,0.29917,0.00565,0.00689,0.00000
536.20000,214.52000,0.02389,0.29929,0.00569,0.00776,0.00000
536.30000,214.56000,0.02108,0.29941,0.00561,0.00842,0.00000
536.40000,214.60000,0.01798,0.29952,0.00548,0.00883,-0.00000
536.50000,214.64000,0.01460,0.29963,0.00533,0.00897,0.00000
536.60000,214.68000,0.01100,0.29972,0.00524,0.00883,0.00000
536.70000,214.72000,0.00721,0.29980,0.00523,0.00841,-0.00000
536.80000,214.76000,0.00329,0.29984,0.00534,0.00773,0.00000
536.90000,214.80000,-0.00072,0.29986,0.00560,0.00682,-0.00000
537.00000,214.84000,-0.00476,0.29986,0.00602,0.00572,0.00000
537.10000,214.88000,-0.00878,0.29982,0.00659,0.00448,-0.00000
537.20000,214.92000,-0.01273,0.29977,0.00729,0.00315,0.00000
537.30000,214.96000,-0.01654,0.29969,0.00809,0.00179,0.00000
537.40000,215.00000,-0.02018,0.29962,0.00896,0.00046,0.00000
537.50000,215.04000,-0.02358,0.29954,0.00983,-0.00080,0.00000
537.60000,215.08000,-0.02670,0.29947,0.01067,-0.00194,0.00000
537.70000,215.12000,-0.02948,0.29943,0.01141,-0.00295,0.00000
537.80000,215.16000,-0.03189,0.29943,0.01200,-0.00378,0.00000
537.90000,215.20000,-0.03387,0.29947,0.01241,-0.00445,0.00000
538.00000,215.24000,-0.03540,0.29957,0.01259,-0.00494,0.00000
538.10000,215.28000,-0.03645,0.29973,0.01251,-0.00527,0.00000
538.20000,215.32000,-0.03699,0.29996,0.01217,-0.00546,0.00000
538.30000,215.36000,-0.03701,0.30026,0.01155,-0.00553,0.00000
538.40000,215.40000,-0.03650,0.30062,0.01068,-0.00550,-0.00000
538.50000,215.44000,-0.03546,0.30103,0.00957,-0.00540,0.00000
538.60000,215.48000,-0.03390,0.30148,0.00825,-0.00525,0.00000
538.70000,215.52000,-0.03185,0.30196,0.00675,-0.00506,0.00000
538.80000,215.56000,-0.02933,0.30245,0.00512,-0.00484,0.00000
538.90000,215.60000,-0.02637,0.30292,0.00340,-0.00459,-0.00000
539.00000,215.64000,-0.02303,0.30334,0.00162,-0.00430,0.00000
539.10000,215.68000,-0.01936,0.30370,-0.00016,-0.00397,-0.00000
539.20000,215.72000,-0.01541,0.30397,-0.00193,-0.00357,0.00000
539.30000,215.76000,-0.01126,0.30412,-0.00365,-0.00309,0.00000
539.40000,215.80000,-0.00697,0.30413,-0.00529,-0.00252,0.00000
539.50000,215.84000,-0.00262,0.30398,-0.00683,-0.00183,0.00000
539.60000,215.88000,0.00172,0.30367,-0.00828,-0.00104,0.00000
539.70000,215.92000,0.00598,0.30318,-0.00960,-0.00014,0.00000
539.80000,215.96000,0.01008,0.30250,-0.01081,0.00085,0.00000
539.90000,216.00000,0.01397,0.30166,-0.01189,0.00191,0.00000
540.00000,216.04000,0.01757,0.30065,-0.01284,0.00300,0.00000
540.10000,216.08000,0.02083,0.29950,-0.01366,0.00408,-0.00000
540.20000,216.12000,0.02371,0.29822,-0.01434,0.00510,0.00000
540.30000,216.16000,0.02617,0.29686,-0.01487,0.00600,0.00000
540.40000,216.20000,0.02817,0.29544,-0.01525,0.00674,0.00000
540.50000,216.24000,0.02970,0.29400,-0.01547,0.00725,0.00000
540.60000,216.28000,0.03074,0.29258,-0.01551,0.00751,0.00000
540.70000,216.32000,0.03129,0.29122,-0.01537,0.00749,0.00000
540.80000,216.36000,0.03136,0.28996,-0.01504,0.00715,0.00000
540.90000,216.40000,0.03097,0.28883,-0.01452,0.00652,-0.00000
541.00000,216.44000,0.03014,0.28789,-0.01379,0.00559,0.00000
541.10000,216.48000,0.02889,0.28714,-0.01287,0.00441,0.00000
541.20000,216.52000,0.02727,0.28663,-0.01177,0.00302,0.00000
541.30000,216.56000,0.02532,0.28637,-0.01050,0.00148,0.00000
541.40000,216.60000,0.02307,0.28638,-0.00909,-0.00015,0.00000
541.50000,216.64000,0.02059,0.28667,-0.00756,-0.00180,0.00000
541.60000,216.68000,0.01790,0.28723,-0.00594,-0.00338,0.00000
541.70000,216.72000,0.01506,0.28806,-0.00426,-0.00485,0.00000
541.80000,216.76000,0.01213,0.28915,-0.00257,-0.00614,0.00000
541.90000,216.80000,0.00914,0.29048,-0.00089,-0.00720,-0.00000
542.00000,216.84000,0.00614,0.29203,0.00074,-0.00801,-0.00000
542.10000,216.88000,0.00317,0.29377,0.00228,-0.00855,-0.00000
542.20000,216.92000,0.00026,0.29567,0.00371,-0.00883,0.00000
542.30000,216.96000,-0.00254,0.29770,0.00502,-0.00886,0.00000
542.40000,217.00000,-0.00521,0.29982,0.00617,-0.00868,0.00000
542.50000,217.04000,-0.00772,0.30199,0.00717,-0.00833,-0.00000
542.60000,217.08000,-0.01004,0.30417,0.00801,-0.00786,0.00000
542.70000,217.12000,-0.01217,0.30632,0.00868,-0.00732,0.00000
542.80000,217.16000,-0.01408,0.30841,0.00919,-0.00675,0.00000
542.90000,217.20000,-0.01576,0.31040,0.00956,-0.00620,0.00000
543.00000,217.24000,-0.01721,0.31225,0.00978,-0.00569,0.00000
543.10000,217.28000,-0.01841,0.31394,0.00988,-0.00525,0.00000
543.20000,217.32000,-0.01937,0.31544,0.00986,-0.00488,0.00000
543.30000,217.36000,-0.02008,0.31671,0.00973,-0.00455,0.00000
543.40000,217.40000,-0.02054,0.31774,0.00951,-0.00425,0.00000
543.50000,217.44000,-0.02076,0.31852,0.00920,-0.00394,0.00000
543.60000,217.48000,-0.02075,0.31903,0.00882,-0.00356,0.00000
543.70000,217.52000,-0.02050,0.31926,0.00838,-0.00306,0.00000
543.80000,217.56000,-0.02003,0.31921,0.00787,-0.00239,0.00000
543.90000,217.60000,-0.01935,0.31887,0.00732,-0.00150,0.00000
544.00000,217.64000,-0.01846,0.31827,0.00672,-0.00034,0.00000
544.10000,217.68000,-0.01738,0.31739,0.00609,0.00109,-0.00000
544.20000,217.72000,-0.01612,0.31627,0.00544,0.00281,0.00000
544.30000,217.76000,-0.01469,0.31491,0.00478,0.00481,-0.00000
544.40000,217.80000,-0.01311,0.31333,0.00412,0.00704,0.00000
544.50000,217.84000,-0.01140,0.31156,0.00347,0.00944,0.00000
544.60000,217.88000,-0.00958,0.30962,0.00285,0.01194,-0.00000
544.70000,217.92000,-0.00766,0.30754,0.00226,0.01445,0.00000
544.80000,217.96000,-0.00568,0.30535,0.00173,0.01684,0.00000
544.90000,218.00000,-0.00364,0.30308,0.00125,0.01902,-0.00000
545.00000,218.04000,-0.00158,0.30077,0.00084,0.02087,0.00000
545.10000,218.08000,0.00048,0.29844,0.00049,0.02228,-0.00000
545.20000,218.12000,0.00251,0.29614,0.00021,0.02314,0.00000
545.30000,218.16000,0.00448,0.29388,-0.00001,0.02340,-0.00000
545.40000,218.20000,0.00638,0.29171,-0.00017,0.02298,0.00000
545.50000,218.24000,0.00816,0.28966,-0.00028,0.02186,0.00000
545.60000,218.28000,0.00982,0.28775,-0.00036,0.02004,0.00000
545.70000,218.32000,0.01131,0.28601,-0.00041,0.01756,0.00000
545.80000,218.36000,0.01263,0.28447,-0.00044,0.01446,0.00000
545.90000,218.40000,0.01376,0.28315,-0.00047,0.01083,0.00000
546.00000,218.44000,0.01468,0.28208,-0.00049,0.00679,-0.00000
546.10000,218.48000,0.01537,0.28126,-0.00052,0.00245,0.00000
546.20000,218.52000,0.01584,0.28071,-0.00055,-0.00204,0.00000
546.30000,218.56000,0.01607,0.28045,-0.00059,-0.00653,0.00000
546.40000,218.60000,0.01608,0.28046,-0.00063,-0.01090,-0.00000
546.50000,218.64000,0.01586,0.28077,-0.00066,-0.01498,0.00000
546.60000,218.68000,0.01542,0.28135,-0.00069,-0.01867,0.00000
546.70000,218.72000,0.01477,0.28221,-0.00069,-0.02185,-0.00000
546.80000,218.76000,0.01394,0.28332,-0.00068,-0.02443,0.00000
546.90000,218.80000,0.01294,0.28467,-0.00065,-0.02635,0.00000
547.00000,218.84000,0.01179,0.28623,-0.00059,-0.02757,0.00000
547.10000,218.88000,0.01051,0.28799,-0.00053,-0.02809,-0.00000
547.20000,218.92000,0.00914,0.28990,-0.00046,-0.02792,0.00000
547.30000,218.96000,0.00770,0.29194,-0.00041,-0.02710,0.00000
547.40000,219.00000,0.00620,0.29407,-0.00040,-0.02567,0.00000
547.50000,219.04000,0.00469,0.29625,-0.00044,-0.02373,0.00000
547.60000,219.08000,0.00319,0.29846,-0.00056,-0.02135,0.00000
547.70000,219.12000,0.00171,0.30064,-0.00077,-0.01862,0.00000
547.80000,219.16000,0.00029,0.30276,-0.00110,-0.01565,-0.00000
547.90000,219.20000,-0.00106,0.30480,-0.00156,-0.01253,0.00000
548.00000,219.24000,-0.00232,0.30672,-0.00215,-0.00934,0.00000
548.10000,219.28000,-0.00348,0.30848,-0.00287,-0.00617,0.00000
548.20000,219.32000,-0.00452,0.31008,-0.00371,-0.00310,0.00000
548.30000,219.36000,-0.00543,0.31148,-0.00464,-0.00017,0.00000
548.40000,219.40000,-0.00620,0.31266,-0.00563,0.00256,0.00000
548.50000,219.44000,-0.00684,0.31363,-0.00665,0.00506,0.00000
548.60000,219.48000,-0.00735,0.31437,-0.00766,0.00731,0.00000
548.70000,219.52000,-0.00772,0.31487,-0.00859,0.00930,0.00000
548.80000,219.56000,-0.00796,0.31513,-0.00942,0.01103,0.00000
548.90000,219.60000,-0.00808,0.31517,-0.01009,0.01249,0.00000
549.00000,219.64000,-0.00809,0.31499,-0.01056,0.01371,0.00000
549.10000,219.68000,-0.00799,0.31460,-0.01081,0.01469,0.00000
549.20000,219.72000,-0.00781,0.31401,-0.01081,0.01545,0.00000
549.30000,219.76000,-0.00755,0.31324,-0.01055,0.01599,0.00000
549.40000,219.80000,-0.00722,0.31231,-0.01005,0.01634,0.00000
549.50000,219.84000,-0.00685,0.31123,-0.00930,0.01649,0.00000
549.60000,219.88000,-0.00643,0.31003,-0.00835,0.01645,-0.00000
549.70000,219.92000,-0.00599,0.30872,-0.00723,0.01623,0.00000
549.80000,219.96000,-0.00554,0.30733,-0.00599,0.01583,0.00000
549.90000,220.00000,-0.00508,0.30588,-0.00467,0.01524,0.00000
550.00000,220.04000,-0.00462,0.30438,-0.00332,0.01448,0.00000
550.10000,220.08000,-0.00417,0.30287,-0.00199,0.01353,0.00000
550.20000,220.12000,-0.00373,0.30136,-0.00072,0.01241,0.00000
550.30000,220.16000,-0.00331,0.29987,0.00046,0.01112,0.00000
550.40000,220.20000,-0.00291,0.29843,0.00153,0.00969,0.00000
550.50000,220.24000,-0.00253,0.29705,0.00247,0.00812,0.00000
550.60000,220.28000,-0.00217,0.29575,0.00331,0.00645,-0.00000
550.70000,220.32000,-0.00183,0.29455,0.00403,0.00470,0.00000
550.80000,220.36000,-0.00152,0.29346,0.00468,0.00290,0.00000
550.90000,220.40000,-0.00122,0.29251,0.00527,0.00109,0.00000
551.00000,220.44000,-0.00093,0.29169,0.00583,-0.00070,-0.00000
551.10000,220.48000,-0.00067,0.29102,0.00640,-0.00242,0.00000
551.20000,220.52000,-0.00043,0.29051,0.00701,-0.00405,-0.00000
551.30000,220.56000,-0.00020,0.29016,0.00767,-0.00556,-0.00000
551.40000,220.60000,0.00001,0.28997,0.00838,-0.00691,-0.00000
551.50000,220.64000,0.00019,0.28994,0.00916,-0.00809,0.00000
551.60000,220.68000,0.00036,0.29006,0.00998,-0.00909,-0.00000
551.70000,220.72000,0.00050,0.29034,0.01082,-0.00990,-0.00000
551.80000,220.76000,0.00062,0.29075,0.01163,-0.01052,0.00000
551.90000,220.80000,0.00071,0.29130,0.01237,-0.01095,0.00000
552.00000,220.84000,0.00078,0.29196,0.01299,-0.01122,0.00000
552.10000,220.88000,0.00082,0.29273,0.01343,-0.01132,0.00000
552.20000,220.92000,0.00084,0.29358,0.01365,-0.01129,0.00000
552.30000,220.96000,0.00085,0.29450,0.01360,-0.01114,0.00000
552.40000,221.00000,0.00084,0.29547,0.01324,-0.01087,0.00000
552.50000,221.04000,0.00082,0.29649,0.01256,-0.01052,0.00000
552.60000,221.08000,0.00081,0.29752,0.01156,-0.01007,0.00000
552.70000,221.12000,0.00080,0.29855,0.01026,-0.00955,0.00000
552.80000,221.16000,0.00081,0.29957,0.00868,-0.00895,0.00000
552.90000,221.20000,0.00085,0.30057,0.00689,-0.00826,0.00000
553.00000,221.24000,0.00092,0.30152,0.00494,-0.00747,0.00000
553.10000,221.28000,0.00103,0.30242,0.00292,-0.00659,0.00000
553.20000,221.32000,0.00119,0.30325,0.00089,-0.00560,-0.00000
553.30000,221.36000,0.00140,0.30400,-0.00105,-0.00449,0.00000
553.40000,221.40000,0.00167,0.30467,-0.00283,-0.00326,0.00000
553.50000,221.44000,0.00199,0.30524,-0.00437,-0.00191,0.00000
553.60000,221.48000,0.00237,0.30570,-0.00564,-0.00046,0.00000
553.70000,221.52000,0.00280,0.30606,-0.00657,0.00108,-0.00000
553.80000,221.56000,0.00328,0.30631,-0.00717,0.00268,-0.00000
553.90000,221.60000,0.00379,0.30645,-0.00742,0.00430,0.00000
554.00000,221.64000,0.00433,0.30647,-0.00736,0.00590,-0.00000
554.10000,221.68000,0.00488,0.30638,-0.00702,0.00742,0.00000
554.20000,221.72000,0.00543,0.30617,-0.00645,0.00882,0.00000
554.30000,221.76000,0.00596,0.30587,-0.00573,0.01003,0.00000
554.40000,221.80000,0.00647,0.30546,-0.00492,0.01101,0.00000
554.50000,221.84000,0.00694,0.30497,-0.00411,0.01171,-0.00000
554.60000,221.88000,0.00735,0.30440,-0.00335,0.01209,0.00000
554.70000,221.92000,0.00769,0.30376,-0.00272,0.01212,0.00000
554.80000,221.96000,0.00794,0.30307,-0.00227,0.01181,-0.00000
554.90000,222.00000,0.00811,0.30234,-0.00203,0.01114,0.00000
555.00000,222.04000,0.00817,0.30159,-0.00202,0.01014,0.00000
555.10000,222.08000,0.00813,0.30083,-0.00225,0.00885,-0.00000
555.20000,222.12000,0.00797,0.30008,-0.00269,0.00733,0.00000
555.30000,222.16000,0.00769,0.29935,-0.00333,0.00562,0.00000
555.40000,222.20000,0.00729,0.29866,-0.00411,0.00382,0.00000
555.50000,222.24000,0.00677,0.29802,-0.00499,0.00199,0.00000
555.60000,222.28000,0.00612,0.29744,-0.00591,0.00020,0.00000
555.70000,222.32000,0.00535,0.29694,-0.00682,-0.00146,0.00000
555.80000,222.36000,0.00446,0.29651,-0.00766,-0.00293,0.00000
555.90000,222.40000,0.00346,0.29618,-0.00839,-0.00416,-0.00000
556.00000,222.44000,0.00235,0.29594,-0.00898,-0.00512,-0.00000
556.10000,222.48000,0.00115,0.29580,-0.00940,-0.00579,-0.00000
556.20000,222.52000,-0.00014,0.29576,-0.00964,-0.00615,0.00000
556.30000,222.56000,-0.00151,0.29582,-0.00971,-0.00624,0.00000
556.40000,222.60000,-0.00294,0.29597,-0.00960,-0.00607,0.00000
556.50000,222.64000,-0.00442,0.29621,-0.00934,-0.00571,-0.00000
556.60000,222.68000,-0.00592,0.29654,-0.00896,-0.00519,0.00000
556.70000,222.72000,-0.00742,0.29695,-0.00847,-0.00459,-0.00000
556.80000,222.76000,-0.00890,0.29743,-0.00792,-0.00397,0.00000
556.90000,222.80000,-0.01034,0.29798,-0.00732,-0.00338,0.00000
557.00000,222.84000,-0.01170,0.29857,-0.00669,-0.00287,0.00000
557.10000,222.88000,-0.01297,0.29919,-0.00604,-0.00249,0.00000
557.20000,222.92000,-0.01412,0.29984,-0.00537,-0.00226,0.00000
557.30000,222.96000,-0.01512,0.30050,-0.00468,-0.00220,0.00000
557.40000,223.00000,-0.01594,0.30116,-0.00395,-0.00229,-0.00000
557.50000,223.04000,-0.01657,0.30180,-0.00317,-0.00251,0.00000
557.60000,223.08000,-0.01698,0.30240,-0.00230,-0.00283,-0.00000
557.70000,223.12000,-0.01717,0.30295,-0.00134,-0.00320,-0.00000
557.80000,223.16000,-0.01710,0.30344,-0.00025,-0.00357,0.00000
557.90000,223.20000,-0.01679,0.30385,0.00098,-0.00389,0.00000
558.00000,223.24000,-0.01623,0.30416,0.00234,-0.00410,0.00000
558.10000,223.28000,-0.01541,0.30438,0.00385,-0.00415,0.00000
558.20000,223.32000,-0.01436,0.30449,0.00547,-0.00401,0.00000
558.30000,223.36000,-0.01308,0.30448,0.00720,-0.00366,0.00000
558.40000,223.40000,-0.01159,0.30435,0.00897,-0.00309,-0.00000
558.50000,223.44000,-0.00991,0.30410,0.01076,-0.00232,0.00000
558.60000,223.48000,-0.00808,0.30373,0.01250,-0.00136,-0.00000
558.70000,223.52000,-0.00611,0.30324,0.01413,-0.00025,0.00000
558.80000,223.56000,-0.00405,0.30266,0.01559,0.00094,-0.00000
558.90000,223.60000,-0.00193,0.30198,0.01682,0.00216,-0.00000
559.00000,223.64000,0.00023,0.30122,0.01777,0.00335,0.00000
559.10000,223.68000,0.00239,0.30040,0.01840,0.00443,0.00000
559.20000,223.72000,0.00451,0.29954,0.01868,0.00535,0.00000
559.30000,223.76000,0.00657,0.29866,0.01859,0.00606,0.00000
559.40000,223.80000,0.00854,0.29777,0.01812,0.00653,0.00000
559.50000,223.84000,0.01039,0.29691,0.01731,0.00672,0.00000
559.60000,223.88000,0.01209,0.29608,0.01616,0.00663,0.00000
559.70000,223.92000,0.01364,0.29531,0.01472,0.00628,0.00000
559.80000,223.96000,0.01501,0.29462,0.01305,0.00569,-0.00000
559.90000,224.00000,0.01619,0.29402,0.01120,0.00492,-0.00000
560.00000,224.04000,0.01716,0.29353,0.00923,0.00401,0.00000
560.10000,224.08000,0.01794,0.29316,0.00720,0.00302,0.00000
560.20000,224.12000,0.01850,0.29292,0.00517,0.00204,0.00000
560.30000,224.16000,0.01885,0.29281,0.00319,0.00111,-0.00000
560.40000,224.20000,0.01899,0.29284,0.00130,0.00031,0.00000
560.50000,224.24000,0.01892,0.29300,-0.00047,-0.00032,0.00000
560.60000,224.28000,0.01864,0.29330,-0.00210,-0.00073,0.00000
560.70000,224.32000,0.01817,0.29373,-0.00357,-0.00091,0.00000
560.80000,224.36000,0.01751,0.29428,-0.00490,-0.00085,0.00000
560.90000,224.40000,0.01668,0.29493,-0.00609,-0.00055,0.00000
561.00000,224.44000,0.01567,0.29569,-0.00715,-0.00005,0.00000
561.10000,224.48000,0.01451,0.29652,-0.00811,0.00063,0.00000
561.20000,224.52000,0.01321,0.29743,-0.00899,0.00142,0.00000
561.30000,224.56000,0.01178,0.29838,-0.00981,0.00227,0.00000
561.40000,224.60000,0.01025,0.29937,-0.01059,0.00312,0.00000
561.50000,224.64000,0.00862,0.30037,-0.01134,0.00389,-0.00000
561.60000,224.68000,0.00691,0.30136,-0.01207,0.00454,0.00000
561.70000,224.72000,0.00516,0.30233,-0.01278,0.00501,-0.00000
561.80000,224.76000,0.00336,0.30326,-0.01346,0.00525,0.00000
561.90000,224.80000,0.00155,0.30414,-0.01409,0.00522,0.00000
562.00000,224.84000,-0.00026,0.30494,-0.01466,0.00493,0.00000
562.10000,224.88000,-0.00204,0.30566,-0.01513,0.00434,0.00000
562.20000,224.92000,-0.00378,0.30629,-0.01548,0.00349,0.00000
562.30000,224.96000,-0.00546,0.30682,-0.01569,0.00239,0.00000
562.40000,225.00000,-0.00706,0.30724,-0.01572,0.00106,0.00000
562.50000,225.04000,-0.00857,0.30755,-0.01556,-0.00043,0.00000
562.60000,225.08000,-0.00997,0.30776,-0.01518,-0.00204,0.00000
562.70000,225.12000,-0.01126,0.30786,-0.01458,-0.00372,0.00000
562.80000,225.16000,-0.01241,0.30787,-0.01374,-0.00540,0.00000
562.90000,225.20000,-0.01342,0.30780,-0.01268,-0.00703,-0.00000
563.00000,225.24000,-0.01429,0.30765,-0.01140,-0.00855,0.00000
563.10000,225.28000,-0.01500,0.30744,-0.00993,-0.00991,0.00000
563.20000,225.32000,-0.01557,0.30719,-0.00828,-0.01106,0.00000
563.30000,225.36000,-0.01598,0.30690,-0.00649,-0.01196,0.00000
563.40000,225.40000,-0.01624,0.30659,-0.00459,-0.01257,-0.00000
563.50000,225.44000,-0.01635,0.30628,-0.00262,-0.01288,0.00000
563.60000,225.48000,-0.01632,0.30597,-0.00060,-0.01287,0.00000
563.70000,225.52000,-0.01614,0.30567,0.00142,-0.01254,0.00000
563.80000,225.56000,-0.01583,0.30537,0.00342,-0.01189,0.00000
563.90000,225.60000,-0.01539,0.30509,0.00536,-0.01094,0.00000
564.00000,225.64000,-0.01482,0.30481,0.00722,-0.00971,0.00000
564.10000,225.68000,-0.01414,0.30453,0.00897,-0.00823,0.00000
564.20000,225.72000,-0.01335,0.30424,0.01059,-0.00655,0.00000
564.30000,225.76000,-0.01245,0.30391,0.01208,-0.00471,0.00000
564.40000,225.80000,-0.01147,0.30354,0.01341,-0.00277,0.00000
564.50000,225.84000,-0.01039,0.30310,0.01459,-0.00078,0.00000
564.60000,225.88000,-0.00924,0.30258,0.01559,0.00120,-0.00000
564.70000,225.92000,-0.00801,0.30197,0.01642,0.00310,-0.00000
564.80000,225.96000,-0.00672,0.30123,0.01708,0.00487,0.00000
564.90000,226.00000,-0.00538,0.30037,0.01755,0.00645,-0.00000
565.00000,226.04000,-0.00400,0.29937,0.01785,0.00780,0.00000
565.10000,226.08000,-0.00258,0.29823,0.01795,0.00888,0.00000
565.20000,226.12000,-0.00114,0.29695,0.01787,0.00966,0.00000
565.30000,226.16000,0.00032,0.29554,0.01759,0.01012,0.00000
565.40000,226.20000,0.00177,0.29401,0.01712,0.01026,0.00000
565.50000,226.24000,0.00320,0.29239,0.01645,0.01010,0.00000
565.60000,226.28000,0.00461,0.29070,0.01559,0.00967,-0.00000
565.70000,226.32000,0.00598,0.28897,0.01453,0.00899,0.00000
565.80000,226.36000,0.00729,0.28725,0.01327,0.00812,0.00000
565.90000,226.40000,0.00853,0.28556,0.01183,0.00713,0.00000
566.00000,226.44000,0.00969,0.28396,0.01021,0.00606,0.00000
566.10000,226.48000,0.01075,0.28248,0.00841,0.00499,-0.00000
566.20000,226.52000,0.01170,0.28118,0.00646,0.00398,0.00000
566.30000,226.56000,0.01254,0.28010,0.00437,0.00309,-0.00000
566.40000,226.60000,0.01324,0.27928,0.00216,0.00236,0.00000
566.50000,226.64000,0.01380,0.27875,-0.00015,0.00183,0.00000
566.60000,226.68000,0.01422,0.27854,-0.00252,0.00152,0.00000
566.70000,226.72000,0.01449,0.27869,-0.00493,0.00144,-0.00000
566.80000,226.76000,0.01460,0.27922,-0.00733,0.00157,0.00000
566.90000,226.80000,0.01455,0.28012,-0.00970,0.00190,-0.00000
567.00000,226.84000,0.01436,0.28142,-0.01199,0.00237,0.00000
567.10000,226.88000,0.01401,0.28310,-0.01415,0.00296,0.00000
567.20000,226.92000,0.01351,0.28514,-0.01616,0.00358,0.00000
567.30000,226.96000,0.01288,0.28753,-0.01796,0.00420,0.00000
567.40000,227.00000,0.01211,0.29024,-0.01951,0.00474,0.00000
567.50000,227.04000,0.01123,0.29323,-0.02078,0.00515,-0.00000
567.60000,227.08000,0.01023,0.29646,-0.02173,0.00537,0.00000
567.70000,227.12000,0.00915,0.29987,-0.02235,0.00538,0.00000
567.80000,227.16000,0.00798,0.30341,-0.02259,0.00515,0.00000
567.90000,227.20000,0.00675,0.30702,-0.02246,0.00466,0.00000
568.00000,227.24000,0.00546,0.31064,-0.02195,0.00392,0.00000
568.10000,227.28000,0.00414,0.31421,-0.02106,0.00296,-0.00000
568.20000,227.32000,0.00281,0.31766,-0.01981,0.00179,0.00000
568.30000,227.36000,0.00147,0.32093,-0.01822,0.00047,-0.00000
568.40000,227.40000,0.00015,0.32397,-0.01633,-0.00095,0.00000
568.50000,227.44000,-0.00113,0.32671,-0.01417,-0.00242,0.00000
568.60000,227.48000,-0.00238,0.32911,-0.01180,-0.00390,0.00000
568.70000,227.52000,-0.00356,0.33112,-0.00927,-0.00531,-0.00000
568.80000,227.56000,-0.00466,0.33271,-0.00665,-0.00664,0.00000
568.90000,227.60000,-0.00568,0.33384,-0.00398,-0.00782,0.00000
569.00000,227.64000,-0.00660,0.33449,-0.00134,-0.00884,-0.00000
569.10000,227.68000,-0.00740,0.33465,0.00123,-0.00969,-0.00000
569.20000,227.72000,-0.00809,0.33431,0.00366,-0.01035,0.00000
569.30000,227.76000,-0.00864,0.33348,0.00591,-0.01082,0.00000
569.40000,227.80000,-0.00906,0.33216,0.00794,-0.01113,0.00000
569.50000,227.84000,-0.00934,0.33038,0.00973,-0.01128,0.00000
569.60000,227.88000,-0.00949,0.32816,0.01125,-0.01130,0.00000
569.70000,227.92000,-0.00948,0.32553,0.01249,-0.01120,0.00000
569.80000,227.96000,-0.00934,0.32253,0.01346,-0.01100,0.00000
569.90000,228.00000,-0.00907,0.31921,0.01416,-0.01072,0.00000
570.00000,228.04000,-0.00867,0.31561,0.01463,-0.01036,-0.00000
570.10000,228.08000,-0.00815,0.31177,0.01488,-0.00992,0.00000
570.20000,228.12000,-0.00752,0.30776,0.01495,-0.00941,0.00000
570.30000,228.16000,-0.00679,0.30362,0.01487,-0.00881,-0.00000
570.40000,228.20000,-0.00599,0.29940,0.01469,-0.00811,0.00000
570.50000,228.24000,-0.00512,0.29516,0.01443,-0.00729,0.00000
570.60000,228.28000,-0.00421,0.29095,0.01414,-0.00633,0.00000
570.70000,228.32000,-0.00327,0.28682,0.01384,-0.00523,0.00000
570.80000,228.36000,-0.00232,0.28282,0.01355,-0.00398,0.00000
570.90000,228.40000,-0.00139,0.27901,0.01330,-0.00258,-0.00000
571.00000,228.44000,-0.00050,0.27542,0.01308,-0.00103,0.00000
571.10000,228.48000,0.00035,0.27210,0.01290,0.00064,0.00000
571.20000,228.52000,0.00112,0.26909,0.01276,0.00240,0.00000
571.30000,228.56000,0.00180,0.26644,0.01263,0.00423,0.00000
571.40000,228.60000,0.00238,0.26418,0.01251,0.00606,0.00000
571.50000,228.64000,0.00285,0.26234,0.01235,0.00786,-0.00000
571.60000,228.68000,0.00319,0.26095,0.01213,0.00956,0.00000
571.70000,228.72000,0.00339,0.26004,0.01183,0.01112,-0.00000
571.80000,228.76000,0.00346,0.25962,0.01140,0.01249,0.00000
571.90000,228.80000,0.00339,0.25971,0.01082,0.01362,0.00000
572.00000,228.84000,0.00319,0.26032,0.01006,0.01447,0.00000
572.10000,228.88000,0.00285,0.26144,0.00910,0.01503,-0.00000
572.20000,228.92000,0.00240,0.26307,0.00792,0.01527,0.00000
572.30000,228.96000,0.00183,0.26520,0.00651,0.01521,0.00000
572.40000,229.00000,0.00117,0.26780,0.00487,0.01484,-0.00000
572.50000,229.04000,0.00042,0.27084,0.00300,0.01420,0.00000
572.60000,229.08000,-0.00038,0.27428,0.00092,0.01330,0.00000
572.70000,229.12000,-0.00123,0.27808,-0.00135,0.01220,0.00000
572.80000,229.16000,-0.00209,0.28219,-0.00378,0.01093,0.00000
572.90000,229.20000,-0.00295,0.28654,-0.00633,0.00954,-0.00000
573.00000,229.24000,-0.00379,0.29109,-0.00897,0.00807,0.00000
573.10000,229.28000,-0.00459,0.29575,-0.01164,0.00655,0.00000
573.20000,229.32000,-0.00531,0.30047,-0.01430,0.00503,0.00000
573.30000,229.36000,-0.00596,0.30518,-0.01690,0.00353,-0.00000
573.40000,229.40000,-0.00650,0.30980,-0.01938,0.00208,0.00000
573.50000,229.44000,-0.00693,0.31427,-0.02169,0.00068,0.00000
573.60000,229.48000,-0.00724,0.31853,-0.02379,-0.00065,0.00000
573.70000,229.52000,-0.00740,0.32251,-0.02563,-0.00190,0.00000
573.80000,229.56000,-0.00743,0.32617,-0.02717,-0.00308,0.00000
573.90000,229.60000,-0.00731,0.32945,-0.02837,-0.00418,0.00000
574.00000,229.64000,-0.00704,0.33231,-0.02921,-0.00522,0.00000
574.10000,229.68000,-0.00663,0.33471,-0.02967,-0.00617,0.00000
574.20000,229.72000,-0.00608,0.33664,-0.02972,-0.00705,-0.00000
574.30000,229.76000,-0.00540,0.33807,-0.02936,-0.00784,0.00000
574.40000,229.80000,-0.00461,0.33898,-0.02858,-0.00854,-0.00000
574.50000,229.84000,-0.00370,0.33939,-0.02739,-0.00913,-0.00000
574.60000,229.88000,-0.00269,0.33928,-0.02579,-0.00961,-0.00000
574.70000,229.92000,-0.00160,0.33868,-0.02379,-0.00996,0.00000
574.80000,229.96000,-0.00044,0.33759,-0.02142,-0.01016,0.00000
574.90000,230.00000,0.00078,0.33605,-0.01869,-0.01021,0.00000
575.00000,230.04000,0.00203,0.33409,-0.01563,-0.01010,-0.00000
575.10000,230.08000,0.00330,0.33173,-0.01227,-0.00983,0.00000
575.20000,230.12000,0.00459,0.32902,-0.00864,-0.00941,0.00000
575.30000,230.16000,0.00586,0.32600,-0.00478,-0.00886,0.00000
575.40000,230.20000,0.00711,0.32273,-0.00074,-0.00819,-0.00000
575.50000,230.24000,0.00833,0.31924,0.00344,-0.00742,0.00000
575.60000,230.28000,0.00949,0.31559,0.00770,-0.00659,0.00000
575.70000,230.32000,0.01059,0.31184,0.01198,-0.00573,0.00000
575.80000,230.36000,0.01160,0.30804,0.01622,-0.00487,0.00000
575.90000,230.40000,0.01253,0.30424,0.02034,-0.00403,0.00000
576.00000,230.44000,0.01335,0.30048,0.02426,-0.00325,0.00000
576.10000,230.48000,0.01405,0.29683,0.02792,-0.00255,0.00000
576.20000,230.52000,0.01462,0.29333,0.03123,-0.00193,0.00000
576.30000,230.56000,0.01506,0.29002,0.03410,-0.00140,0.00000
576.40000,230.60000,0.01535,0.28694,0.03648,-0.00095,0.00000
576.50000,230.64000,0.01548,0.28412,0.03827,-0.00058,0.00000
576.60000,230.68000,0.01544,0.28160,0.03943,-0.00027,-0.00000
576.70000,230.72000,0.01524,0.27939,0.03991,0.00001,0.00000
576.80000,230.76000,0.01487,0.27750,0.03967,0.00028,-0.00000
576.90000,230.80000,0.01432,0.27596,0.03869,0.00058,0.00000
577.00000,230.84000,0.01361,0.27476,0.03699,0.00091,0.00000
577.10000,230.88000,0.01272,0.27391,0.03458,0.00132,-0.00000
577.20000,230.92000,0.01168,0.27338,0.03151,0.00180,0.00000
577.30000,230.96000,0.01048,0.27318,0.02785,0.00237,0.00000
577.40000,231.00000,0.00915,0.27329,0.02368,0.00302,0.00000
577.50000,231.04000,0.00768,0.27368,0.01911,0.00375,0.00000
577.60000,231.08000,0.00611,0.27433,0.01425,0.00454,-0.00000
577.70000,231.12000,0.00443,0.27522,0.00923,0.00536,0.00000
577.80000,231.16000,0.00268,0.27632,0.00418,0.00619,-0.00000
577.90000,231.20000,0.00086,0.27761,-0.00076,0.00698,0.00000
578.00000,231.24000,-0.00100,0.27906,-0.00548,0.00772,-0.00000
578.10000,231.28000,-0.00287,0.28064,-0.00986,0.00838,0.00000
578.20000,231.32000,-0.00476,0.28233,-0.01380,0.00892,0.00000
578.30000,231.36000,-0.00662,0.28411,-0.01722,0.00933,0.00000
578.40000,231.40000,-0.00845,0.28595,-0.02006,0.00959,0.00000
578.50000,231.44000,-0.01023,0.28783,-0.02229,0.00971,0.00000
578.60000,231.48000,-0.01193,0.28973,-0.02389,0.00967,0.00000
578.70000,231.52000,-0.01355,0.29165,-0.02490,0.00949,-0.00000
578.80000,231.56000,-0.01506,0.29355,-0.02533,0.00917,0.00000
578.90000,231.60000,-0.01646,0.29543,-0.02525,0.00874,0.00000
579.00000,231.64000,-0.01772,0.29727,-0.02472,0.00820,-0.00000
579.10000,231.68000,-0.01884,0.29906,-0.02382,0.00756,0.00000
579.20000,231.72000,-0.01979,0.30079,-0.02265,0.00685,0.00000
579.30000,231.76000,-0.02057,0.30244,-0.02129,0.00607,0.00000
579.40000,231.80000,-0.02117,0.30400,-0.01981,0.00521,0.00000
579.50000,231.84000,-0.02158,0.30548,-0.01829,0.00427,0.00000
579.60000,231.88000,-0.02178,0.30685,-0.01679,0.00326,-0.00000
579.70000,231.92000,-0.02177,0.30811,-0.01535,0.00215,0.00000
579.80000,231.96000,-0.02155,0.30926,-0.01401,0.00094,-0.00000
579.90000,232.00000,-0.02111,0.31029,-0.01277,-0.00038,0.00000
580.00000,232.04000,-0.02045,0.31119,-0.01163,-0.00182,0.00000
580.10000,232.08000,-0.01957,0.31197,-0.01058,-0.00336,-0.00000
580.20000,232.12000,-0.01847,0.31263,-0.00959,-0.00501,0.00000
580.30000,232.16000,-0.01717,0.31317,-0.00862,-0.00673,0.00000
580.40000,232.20000,-0.01568,0.31359,-0.00764,-0.00849,0.00000
580.50000,232.24000,-0.01400,0.31390,-0.00661,-0.01025,0.00000
580.60000,232.28000,-0.01216,0.31410,-0.00550,-0.01195,0.00000
580.70000,232.32000,-0.01018,0.31420,-0.00428,-0.01353,-0.00000
580.80000,232.36000,-0.00807,0.31420,-0.00294,-0.01492,-0.00000
580.90000,232.40000,-0.00588,0.31410,-0.00148,-0.01604,-0.00000
581.00000,232.44000,-0.00361,0.31392,0.00010,-0.01684,0.00000
581.10000,232.48000,-0.00131,0.31366,0.00176,-0.01724,0.00000
581.20000,232.52000,0.00101,0.31332,0.00348,-0.01721,0.00000
581.30000,232.56000,0.00331,0.31290,0.00522,-0.01670,0.00000
581.40000,232.60000,0.00557,0.31241,0.00691,-0.01571,-0.00000
581.50000,232.64000,0.00776,0.31184,0.00851,-0.01424,0.00000
581.60000,232.68000,0.00985,0.31120,0.00997,-0.01232,0.00000
581.70000,232.72000,0.01184,0.31048,0.01123,-0.01001,0.00000
581.80000,232.76000,0.01369,0.30968,0.01224,-0.00738,0.00000
581.90000,232.80000,0.01539,0.30881,0.01297,-0.00451,0.00000
582.00000,232.84000,0.01693,0.30786,0.01339,-0.00152,0.00000
582.10000,232.88000,0.01830,0.30684,0.01349,0.00150,0.00000
582.20000,232.92000,0.01949,0.30575,0.01326,0.00443,-0.00000
582.30000,232.96000,0.02050,0.30460,0.01272,0.00716,-0.00000
582.40000,233.00000,0.02132,0.30339,0.01190,0.00959,0.00000
582.50000,233.04000,0.02197,0.30213,0.01081,0.01163,0.00000
582.60000,233.08000,0.02243,0.30085,0.00952,0.01323,-0.00000
582.70000,233.12000,0.02271,0.29954,0.00805,0.01433,0.00000
582.80000,233.16000,0.02283,0.29825,0.00647,0.01493,0.00000
582.90000,233.20000,0.02277,0.29697,0.00483,0.01501,0.00000
583.00000,233.24000,0.02254,0.29574,0.00318,0.01461,-0.00000
583.10000,233.28000,0.02216,0.29457,0.00158,0.01378,-0.00000
583.20000,233.32000,0.02162,0.29348,0.00006,0.01258,-0.00000
583.30000,233.36000,0.02094,0.29250,-0.00132,0.01108,0.00000
583.40000,233.40000,0.02010,0.29164,-0.00254,0.00938,-0.00000
583.50000,233.44000,0.01912,0.29092,-0.00355,0.00757,-0.00000
583.60000,233.48000,0.01800,0.29035,-0.00435,0.00572,0.00000
583.70000,233.52000,0.01675,0.28993,-0.00490,0.00392,0.00000
583.80000,233.56000,0.01536,0.28967,-0.00520,0.00224,0.00000
583.90000,233.60000,0.01385,0.28958,-0.00525,0.00073,0.00000
584.00000,233.64000,0.01221,0.28965,-0.00505,-0.00056,0.00000
584.10000,233.68000,0.01045,0.28987,-0.00459,-0.00161,0.00000
584.20000,233.72000,0.00857,0.29024,-0.00391,-0.00241,0.00000
584.30000,233.76000,0.00659,0.29073,-0.00301,-0.00295,0.00000
584.40000,233.80000,0.00451,0.29133,-0.00192,-0.00326,0.00000
584.50000,233.84000,0.00235,0.29202,-0.00068,-0.00336,-0.00000
584.60000,233.88000,0.00010,0.29278,0.00068,-0.00328,0.00000
584.70000,233.92000,-0.00221,0.29360,0.00213,-0.00304,0.00000
584.80000,233.96000,-0.00456,0.29445,0.00360,-0.00269,0.00000
584.90000,234.00000,-0.00695,0.29530,0.00505,-0.00226,0.00000
585.00000,234.04000,-0.00936,0.29615,0.00642,-0.00178,-0.00000
585.10000,234.08000,-0.01175,0.29698,0.00767,-0.00128,0.00000
585.20000,234.12000,-0.01412,0.29777,0.00875,-0.00077,0.00000
585.30000,234.16000,-0.01643,0.29851,0.00959,-0.00027,0.00000
585.40000,234.20000,-0.01866,0.29919,0.01016,0.00019,0.00000
585.50000,234.24000,-0.02078,0.29981,0.01044,0.00061,0.00000
585.60000,234.28000,-0.02277,0.30037,0.01038,0.00098,0.00000
585.70000,234.32000,-0.02459,0.30085,0.00999,0.00128,0.00000
585.80000,234.36000,-0.02621,0.30126,0.00927,0.00152,-0.00000
585.90000,234.40000,-0.02761,0.30161,0.00824,0.00167,0.00000
586.00000,234.44000,-0.02876,0.30188,0.00692,0.00172,0.00000
586.10000,234.48000,-0.02963,0.30210,0.00537,0.00167,0.00000
586.20000,234.52000,-0.03020,0.30227,0.00363,0.00150,-0.00000
586.30000,234.56000,-0.03044,0.30238,0.00177,0.00121,-0.00000
586.40000,234.60000,-0.03035,0.30244,-0.00013,0.00078,-0.00000
586.50000,234.64000,-0.02990,0.30245,-0.00201,0.00022,0.00000
586.60000,234.68000,-0.02909,0.30243,-0.00381,-0.00046,0.00000
586.70000,234.72000,-0.02792,0.30238,-0.00544,-0.00126,0.00000
586.80000,234.76000,-0.02638,0.30229,-0.00687,-0.00215,0.00000
586.90000,234.80000,-0.02449,0.30217,-0.00805,-0.00310,0.00000
587.00000,234.84000,-0.02226,0.30203,-0.00896,-0.00409,0.00000
587.10000,234.88000,-0.01971,0.30187,-0.00957,-0.00506,-0.00000
587.20000,234.92000,-0.01687,0.30170,-0.00991,-0.00597,-0.00000
587.30000,234.96000,-0.01376,0.30152,-0.00997,-0.00678,0.00000
587.40000,235.00000,-0.01043,0.30133,-0.00981,-0.00744,0.00000
587.50000,235.04000,-0.00691,0.30114,-0.00947,-0.00790,0.00000
587.60000,235.08000,-0.00324,0.30096,-0.00899,-0.00813,0.00000
587.70000,235.12000,0.00052,0.30078,-0.00844,-0.00811,0.00000
587.80000,235.16000,0.00433,0.30063,-0.00787,-0.00782,-0.00000
587.90000,235.20000,0.00815,0.30050,-0.00734,-0.00726,0.00000
588.00000,235.24000,0.01191,0.30039,-0.00689,-0.00645,0.00000
588.10000,235.28000,0.01556,0.30031,-0.00656,-0.00541,0.00000
588.20000,235.32000,0.01907,0.30026,-0.00637,-0.00419,0.00000
588.30000,235.36000,0.02237,0.30023,-0.00633,-0.00282,0.00000
588.40000,235.40000,0.02543,0.30024,-0.00644,-0.00137,-0.00000
588.50000,235.44000,0.02819,0.30026,-0.00666,0.00011,0.00000
588.60000,235.48000,0.03062,0.30030,-0.00698,0.00156,-0.00000
588.70000,235.52000,0.03267,0.30035,-0.00734,0.00291,0.00000
588.80000,235.56000,0.03433,0.30040,-0.00771,0.00413,-0.00000
588.90000,235.60000,0.03554,0.30044,-0.00802,0.00517,0.00000
589.00000,235.64000,0.03631,0.30046,-0.00822,0.00600,0.00000
589.10000,235.68000,0.03659,0.30045,-0.00828,0.00661,0.00000
589.20000,235.72000,0.03639,0.30041,-0.00815,0.00699,0.00000
589.30000,235.76000,0.03570,0.30032,-0.00779,0.00715,-0.00000
589.40000,235.80000,0.03451,0.30019,-0.00719,0.00711,0.00000
589.50000,235.84000,0.03285,0.30001,-0.00635,0.00690,0.00000
589.60000,235.88000,0.03072,0.29978,-0.00526,0.00654,0.00000
589.70000,235.92000,0.02815,0.29952,-0.00396,0.00607,-0.00000
589.80000,235.96000,0.02517,0.29922,-0.00247,0.00553,-0.00000
589.90000,236.00000,0.02181,0.29891,-0.00083,0.00494,0.00000
590.00000,236.04000,0.01813,0.29860,0.00092,0.00434,0.00000
590.10000,236.08000,0.01418,0.29830,0.00272,0.00373,-0.00000
590.20000,236.12000,0.01001,0.29805,0.00453,0.00313,-0.00000
590.30000,236.16000,0.00569,0.29785,0.00629,0.00254,0.00000
590.40000,236.20000,0.00129,0.29773,0.00797,0.00196,0.00000
590.50000,236.24000,-0.00312,0.29771,0.00953,0.00138,-0.00000
590.60000,236.28000,-0.00748,0.29780,0.01093,0.00078,0.00000
590.70000,236.32000,-0.01171,0.29803,0.01216,0.00016,-0.00000
590.80000,236.36000,-0.01574,0.29839,0.01320,-0.00050,0.00000
590.90000,236.40000,-0.01950,0.29890,0.01404,-0.00121,0.00000
591.00000,236.44000,-0.02293,0.29954,0.01469,-0.00195,0.00000
591.10000,236.48000,-0.02599,0.30032,0.01514,-0.00272,0.00000
591.20000,236.52000,-0.02861,0.30122,0.01540,-0.00351,-0.00000
591.30000,236.56000,-0.03076,0.30222,0.01549,-0.00428,0.00000
591.40000,236.60000,-0.03241,0.30330,0.01540,-0.00499,0.00000
591.50000,236.64000,-0.03353,0.30442,0.01516,-0.00562,0.00000
591.60000,236.68000,-0.03412,0.30556,0.01476,-0.00611,0.00000
591.70000,236.72000,-0.03418,0.30667,0.01421,-0.00643,0.00000
591.80000,236.76000,-0.03372,0.30773,0.01351,-0.00654,0.00000
591.90000,236.80000,-0.03275,0.30869,0.01267,-0.00640,-0.00000
592.00000,236.84000,-0.03131,0.30952,0.01169,-0.00600,-0.00000
592.10000,236.88000,-0.02943,0.31018,0.01058,-0.00534,0.00000
592.20000,236.92000,-0.02716,0.31064,0.00932,-0.00441,0.00000
592.30000,236.96000,-0.02454,0.31089,0.00795,-0.00326,-0.00000
592.40000,237.00000,-0.02164,0.31089,0.00645,-0.00190,0.00000
592.50000,237.04000,-0.01850,0.31064,0.00486,-0.00040,-0.00000
592.60000,237.08000,-0.01518,0.31014,0.00319,0.00119,0.00000
592.70000,237.12000,-0.01175,0.30938,0.00146,0.00279,-0.00000
592.80000,237.16000,-0.00826,0.30837,-0.00029,0.00434,0.00000
592.90000,237.20000,-0.00478,0.30712,-0.00204,0.00576,0.00000
593.00000,237.24000,-0.00134,0.30567,-0.00374,0.00700,0.00000
593.10000,237.28000,0.00200,0.30402,-0.00537,0.00800,0.00000
593.20000,237.32000,0.00519,0.30223,-0.00690,0.00872,-0.00000
593.30000,237.36000,0.00820,0.30031,-0.00828,0.00914,0.00000
593.40000,237.40000,0.01098,0.29831,-0.00951,0.00925,0.00000
593.50000,237.44000,0.01352,0.29627,-0.01055,0.00906,0.00000
593.60000,237.48000,0.01578,0.29423,-0.01139,0.00859,0.00000
593.70000,237.52000,0.01776,0.29223,-0.01203,0.00790,0.00000
593.80000,237.56000,0.01944,0.29031,-0.01245,0.00702,0.00000
593.90000,237.60000,0.02080,0.28850,-0.01267,0.00602,0.00000
594.00000,237.64000,0.02186,0.28685,-0.01270,0.00494,0.00000
594.10000,237.68000,0.02261,0.28539,-0.01255,0.00386,0.00000
594.20000,237.72000,0.02306,0.28413,-0.01224,0.00281,0.00000
594.30000,237.76000,0.02321,0.28312,-0.01179,0.00183,0.00000
594.40000,237.80000,0.02308,0.28236,-0.01122,0.00094,0.00000
594.50000,237.84000,0.02268,0.28187,-0.01055,0.00017,0.00000
594.60000,237.88000,0.02203,0.28166,-0.00980,-0.00050,-0.00000
594.70000,237.92000,0.02114,0.28173,-0.00900,-0.00110,0.00000
594.80000,237.96000,0.02004,0.28209,-0.00815,-0.00164,0.00000
594.90000,238.00000,0.01874,0.28273,-0.00728,-0.00217,-0.00000
595.00000,238.04000,0.01727,0.28364,-0.00639,-0.00274,0.00000
595.10000,238.08000,0.01564,0.28480,-0.00550,-0.00339,0.00000
595.20000,238.12000,0.01387,0.28620,-0.00461,-0.00416,0.00000
595.30000,238.16000,0.01199,0.28782,-0.00373,-0.00508,0.00000
595.40000,238.20000,0.01001,0.28962,-0.00288,-0.00618,0.00000
595.50000,238.24000,0.00797,0.29159,-0.00205,-0.00744,0.00000
595.60000,238.28000,0.00587,0.29369,-0.00126,-0.00886,0.00000
595.70000,238.32000,0.00374,0.29590,-0.00051,-0.01040,0.00000
595.80000,238.36000,0.00160,0.29817,0.00019,-0.01200,0.00000
595.90000,238.40000,-0.00053,0.30048,0.00082,-0.01359,0.00000
596.00000,238.44000,-0.00262,0.30279,0.00139,-0.01509,0.00000
596.10000,238.48000,-0.00466,0.30507,0.00187,-0.01640,-0.00000
596.20000,238.52000,-0.00661,0.30729,0.00228,-0.01743,-0.00000
596.30000,238.56000,-0.00847,0.30940,0.00261,-0.01808,0.00000
596.40000,238.60000,-0.01020,0.31139,0.00285,-0.01827,0.00000
596.50000,238.64000,-0.01179,0.31323,0.00302,-0.01793,-0.00000
596.60000,238.68000,-0.01322,0.31488,0.00311,-0.01701,0.00000
596.70000,238.72000,-0.01447,0.31633,0.00314,-0.01549,-0.00000
596.80000,238.76000,-0.01552,0.31755,0.00311,-0.01336,0.00000
596.90000,238.80000,-0.01636,0.31853,0.00305,-0.01066,0.00000
597.00000,238.84000,-0.01698,0.31925,0.00296,-0.00744,0.00000
597.10000,238.88000,-0.01737,0.31970,0.00285,-0.00379,0.00000
597.20000,238.92000,-0.01753,0.31988,0.00274,0.00019,0.00000
597.30000,238.96000,-0.01744,0.31978,0.00264,0.00437,0.00000
597.40000,239.00000,-0.01713,0.31940,0.00255,0.00861,0.00000
597.50000,239.04000,-0.01658,0.31874,0.00247,0.01278,0.00000
597.60000,239.08000,-0.01582,0.31782,0.00242,0.01673,-0.00000
597.70000,239.12000,-0.01486,0.31665,0.00238,0.02032,0.00000
597.80000,239.16000,-0.01371,0.31524,0.00236,0.02342,0.00000
597.90000,239.20000,-0.01239,0.31362,0.00234,0.02593,0.00000
598.00000,239.24000,-0.01093,0.31181,0.00232,0.02777,0.00000
598.10000,239.28000,-0.00936,0.30983,0.00230,0.02888,0.00000
598.20000,239.32000,-0.00770,0.30772,0.00228,0.02923,0.00000
598.30000,239.36000,-0.00598,0.30551,0.00224,0.02882,0.00000
598.40000,239.40000,-0.00423,0.30324,0.00221,0.02768,0.00000
598.50000,239.44000,-0.00248,0.30093,0.00217,0.02585,0.00000
598.60000,239.48000,-0.00075,0.29864,0.00215,0.02343,0.00000
598.70000,239.52000,0.00092,0.29640,0.00216,0.02049,-0.00000
598.80000,239.56000,0.00251,0.29423,0.00220,0.01714,0.00000
598.90000,239.60000,0.00401,0.29218,0.00230,0.01351,0.00000
599.00000,239.64000,0.00538,0.29029,0.00247,0.00970,0.00000
599.10000,239.68000,0.00661,0.28857,0.00272,0.00583,0.00000
599.20000,239.72000,0.00770,0.28706,0.00305,0.00202,0.00000
599.30000,239.76000,0.00862,0.28577,0.00348,-0.00165,0.00000
599.40000,239.80000,0.00937,0.28473,0.00399,-0.00509,0.00000
599.50000,239.84000,0.00996,0.28394,0.00457,-0.00822,-0.00000
599.60000,239.88000,0.01037,0.28341,0.00520,-0.01100,0.00000
599.70000,239.92000,0.01062,0.28315,0.00585,-0.01339,0.00000
599.80000,239.96000,0.01070,0.28314,0.00649,-0.01538,0.00000
599.90000,240.00000,0.01064,0.28339,0.00707,-0.01695,-0.00000
