t,x,y,z,roll,pitch,yaw
0.00000,0.04000,0.05109,0.29069,-0.02545,0.01905,-0.00000
0.10000,0.08000,0.05090,0.30508,-0.02966,0.02360,0.00000
0.20000,0.12000,0.05056,0.32006,-0.03344,0.02731,0.00000
0.30000,0.16000,0.05009,0.33551,-0.03668,0.03022,0.00000
0.40000,0.20000,0.04950,0.35129,-0.03931,0.03239,0.00000
0.50000,0.24000,0.04877,0.36724,-0.04126,0.03388,0.00000
0.60000,0.28000,0.04792,0.38323,-0.04250,0.03481,0.00000
0.70000,0.32000,0.04693,0.39909,-0.04304,0.03527,0.00000
0.80000,0.36000,0.04581,0.41466,-0.04291,0.03538,0.00000
0.90000,0.40000,0.04455,0.42978,-0.04216,0.03523,0.00000
1.00000,0.44000,0.04315,0.44431,-0.04089,0.03491,0.00000
1.10000,0.48000,0.04159,0.45809,-0.03921,0.03452,0.00000
1.20000,0.52000,0.03988,0.47098,-0.03724,0.03412,0.00000
1.30000,0.56000,0.03801,0.48284,-0.03513,0.03376,0.00000
1.40000,0.60000,0.03597,0.49355,-0.03301,0.03346,-0.00000
1.50000,0.64000,0.03376,0.50299,-0.03102,0.03326,0.00000
1.60000,0.68000,0.03138,0.51106,-0.02927,0.03313,-0.00000
1.70000,0.72000,0.02883,0.51767,-0.02787,0.03307,0.00000
1.80000,0.76000,0.02612,0.52274,-0.02691,0.03304,0.00000
1.90000,0.80000,0.02324,0.52623,-0.02642,0.03300,-0.00000
2.00000,0.84000,0.02020,0.52807,-0.02645,0.03288,-0.00000
2.10000,0.88000,0.01702,0.52825,-0.02699,0.03262,-0.00000
2.20000,0.92000,0.01369,0.52675,-0.02802,0.03217,0.00000
2.30000,0.96000,0.01024,0.52356,-0.02950,0.03145,-0.00000
2.40000,1.00000,0.00667,0.51872,-0.03139,0.03040,0.00000
2.50000,1.04000,0.00300,0.51223,-0.03360,0.02896,0.00000
2.60000,1.08000,-0.00076,0.50416,-0.03607,0.02710,0.00000
2.70000,1.12000,-0.00458,0.49455,-0.03873,0.02478,0.00000
2.80000,1.16000,-0.00846,0.48346,-0.04151,0.02198,0.00000
2.90000,1.20000,-0.01237,0.47097,-0.04435,0.01870,0.00000
3.00000,1.24000,-0.01629,0.45717,-0.04719,0.01497,0.00000
3.10000,1.28000,-0.02020,0.44215,-0.05000,0.01083,0.00000
3.20000,1.32000,-0.02409,0.42600,-0.05273,0.00633,0.00000
3.30000,1.36000,-0.02792,0.40884,-0.05536,0.00156,0.00000
3.40000,1.40000,-0.03168,0.39076,-0.05786,-0.00340,0.00000
3.50000,1.44000,-0.03535,0.37190,-0.06020,-0.00844,0.00000
3.60000,1.48000,-0.03889,0.35237,-0.06234,-0.01346,0.00000
3.70000,1.52000,-0.04229,0.33230,-0.06425,-0.01833,0.00000
3.80000,1.56000,-0.04552,0.31182,-0.06587,-0.02297,0.00000
3.90000,1.60000,-0.04855,0.29107,-0.06715,-0.02726,0.00000
4.00000,1.64000,-0.05137,0.27019,-0.06800,-0.03112,0.00000
4.10000,1.68000,-0.05394,0.24933,-0.06834,-0.03448,0.00000
4.20000,1.72000,-0.05624,0.22864,-0.06807,-0.03729,0.00000
4.30000,1.76000,-0.05824,0.20827,-0.06710,-0.03954,0.00000
4.40000,1.80000,-0.05993,0.18837,-0.06532,-0.04121,0.00000
4.50000,1.84000,-0.06127,0.16911,-0.06265,-0.04232,0.00000
4.60000,1.88000,-0.06225,0.15064,-0.05900,-0.04292,0.00000
4.70000,1.92000,-0.06285,0.13311,-0.05430,-0.04305,0.00000
4.80000,1.96000,-0.06304,0.11667,-0.04852,-0.04279,0.00000
4.90000,2.00000,-0.06281,0.10147,-0.04164,-0.04221,0.00000
5.00000,2.04000,-0.06215,0.08762,-0.03368,-0.04137,0.00000
5.10000,2.08000,-0.06104,0.07527,-0.02469,-0.04036,0.00000
5.20000,2.12000,-0.05948,0.06452,-0.01475,-0.03921,-0.00000
5.30000,2.16000,-0.05747,0.05545,-0.00396,-0.03799,0.00000
5.40000,2.20000,-0.05500,0.04816,0.00753,-0.03671,0.00000
5.50000,2.24000,-0.05209,0.04270,0.01957,-0.03538,0.00000
5.60000,2.28000,-0.04874,0.03911,0.03199,-0.03399,0.00000
5.70000,2.32000,-0.04497,0.03742,0.04462,-0.03250,-0.00000
5.80000,2.36000,-0.04080,0.03761,0.05726,-0.03088,-0.00000
5.90000,2.40000,-0.03626,0.03969,0.06976,-0.02907,0.00000
6.00000,2.44000,-0.03137,0.04361,0.08194,-0.02700,0.00000
6.10000,2.48000,-0.02617,0.04931,0.09367,-0.02462,-0.00000
6.20000,2.52000,-0.02071,0.05672,0.10481,-0.02188,0.00000
6.30000,2.56000,-0.01501,0.06577,0.11526,-0.01873,0.00000
6.40000,2.60000,-0.00913,0.07634,0.12494,-0.01517,0.00000
6.50000,2.64000,-0.00312,0.08832,0.13378,-0.01118,0.00000
6.60000,2.68000,0.00298,0.10160,0.14174,-0.00680,0.00000
6.70000,2.72000,0.00911,0.11604,0.14879,-0.00206,-0.00000
6.80000,2.76000,0.01521,0.13151,0.15489,0.00295,0.00000
6.90000,2.80000,0.02125,0.14786,0.16004,0.00814,0.00000
7.00000,2.84000,0.02716,0.16496,0.16421,0.01341,0.00000
7.10000,2.88000,0.03290,0.18265,0.16739,0.01862,-0.00000
7.20000,2.92000,0.03843,0.20080,0.16953,0.02366,0.00000
7.30000,2.96000,0.04369,0.21925,0.17060,0.02840,0.00000
7.40000,3.00000,0.04865,0.23786,0.17055,0.03272,0.00000
7.50000,3.04000,0.05328,0.25649,0.16933,0.03651,-0.00000
7.60000,3.08000,0.05754,0.27500,0.16686,0.03970,0.00000
7.70000,3.12000,0.06140,0.29326,0.16308,0.04222,-0.00000
7.80000,3.16000,0.06484,0.31114,0.15793,0.04405,0.00000
7.90000,3.20000,0.06785,0.32852,0.15135,0.04516,0.00000
8.00000,3.24000,0.07040,0.34527,0.14329,0.04559,0.00000
8.10000,3.28000,0.07249,0.36131,0.13373,0.04538,-0.00000
8.20000,3.32000,0.07410,0.37652,0.12266,0.04459,0.00000
8.30000,3.36000,0.07525,0.39083,0.11010,0.04330,0.00000
8.40000,3.40000,0.07591,0.40415,0.09610,0.04160,0.00000
8.50000,3.44000,0.07611,0.41642,0.08074,0.03958,0.00000
8.60000,3.48000,0.07583,0.42760,0.06416,0.03733,-0.00000
8.70000,3.52000,0.07509,0.43764,0.04647,0.03493,-0.00000
8.80000,3.56000,0.07390,0.44652,0.02788,0.03245,-0.00000
8.90000,3.60000,0.07226,0.45424,0.00857,0.02995,0.00000
9.00000,3.64000,0.07019,0.46079,-0.01124,0.02746,0.00000
9.10000,3.68000,0.06769,0.46619,-0.03129,0.02499,-0.00000
9.20000,3.72000,0.06477,0.47047,-0.05135,0.02253,0.00000
9.30000,3.76000,0.06146,0.47366,-0.07116,0.02007,0.00000
9.40000,3.80000,0.05776,0.47580,-0.09048,0.01757,0.00000
9.50000,3.84000,0.05369,0.47696,-0.10904,0.01499,0.00000
9.60000,3.88000,0.04926,0.47718,-0.12663,0.01226,-0.00000
9.70000,3.92000,0.04448,0.47654,-0.14302,0.00935,0.00000
9.80000,3.96000,0.03938,0.47508,-0.15801,0.00621,-0.00000
9.90000,4.00000,0.03397,0.47289,-0.17144,0.00280,0.00000
10.00000,4.04000,0.02827,0.47001,-0.18315,-0.00090,-0.00000
10.10000,4.08000,0.02230,0.46651,-0.19303,-0.00488,0.00000
10.20000,4.12000,0.01609,0.46246,-0.20099,-0.00914,0.00000
10.30000,4.16000,0.00966,0.45789,-0.20696,-0.01363,0.00000
10.40000,4.20000,0.00303,0.45287,-0.21092,-0.01829,0.00000
10.50000,4.24000,-0.00376,0.44744,-0.21288,-0.02305,0.00000
10.60000,4.28000,-0.01069,0.44164,-0.21286,-0.02782,0.00000
10.70000,4.32000,-0.01771,0.43551,-0.21092,-0.03248,-0.00000
10.80000,4.36000,-0.02479,0.42907,-0.20715,-0.03693,0.00000
10.90000,4.40000,-0.03189,0.42238,-0.20167,-0.04105,0.00000
11.00000,4.44000,-0.03898,0.41544,-0.19460,-0.04472,-0.00000
11.10000,4.48000,-0.04599,0.40829,-0.18611,-0.04784,0.00000
11.20000,4.52000,-0.05290,0.40095,-0.17635,-0.05032,-0.00000
11.30000,4.56000,-0.05964,0.39344,-0.16550,-0.05207,0.00000
11.40000,4.60000,-0.06618,0.38580,-0.15375,-0.05305,0.00000
11.50000,4.64000,-0.07246,0.37804,-0.14129,-0.05322,0.00000
11.60000,4.68000,-0.07843,0.37018,-0.12828,-0.05255,0.00000
11.70000,4.72000,-0.08404,0.36226,-0.11490,-0.05108,0.00000
11.80000,4.76000,-0.08925,0.35428,-0.10130,-0.04882,0.00000
11.90000,4.80000,-0.09399,0.34627,-0.08763,-0.04583,-0.00000
12.00000,4.84000,-0.09823,0.33825,-0.07400,-0.04218,-0.00000
12.10000,4.88000,-0.10193,0.33024,-0.06050,-0.03794,0.00000
12.20000,4.92000,-0.10504,0.32226,-0.04721,-0.03320,0.00000
12.30000,4.96000,-0.10752,0.31433,-0.03417,-0.02804,0.00000
12.40000,5.00000,-0.10935,0.30645,-0.02142,-0.02256,-0.00000
12.50000,5.04000,-0.11049,0.29864,-0.00895,-0.01683,-0.00000
12.60000,5.08000,-0.11091,0.29091,0.00324,-0.01092,0.00000
12.70000,5.12000,-0.11062,0.28328,0.01516,-0.00489,0.00000
12.80000,5.16000,-0.10958,0.27576,0.02685,0.00122,0.00000
12.90000,5.20000,-0.10779,0.26835,0.03832,0.00737,0.00000
13.00000,5.24000,-0.10526,0.26107,0.04960,0.01353,0.00000
13.10000,5.28000,-0.10199,0.25393,0.06070,0.01968,0.00000
13.20000,5.32000,-0.09800,0.24694,0.07161,0.02582,0.00000
13.30000,5.36000,-0.09330,0.24013,0.08233,0.03193,0.00000
13.40000,5.40000,-0.08791,0.23351,0.09282,0.03798,0.00000
13.50000,5.44000,-0.08187,0.22710,0.10302,0.04393,0.00000
13.60000,5.48000,-0.07522,0.22094,0.11288,0.04974,-0.00000
13.70000,5.52000,-0.06800,0.21505,0.12231,0.05532,-0.00000
13.80000,5.56000,-0.06025,0.20946,0.13123,0.06059,0.00000
13.90000,5.60000,-0.05202,0.20421,0.13953,0.06540,0.00000
14.00000,5.64000,-0.04338,0.19933,0.14712,0.06963,0.00000
14.10000,5.68000,-0.03438,0.19488,0.15389,0.07311,-0.00000
14.20000,5.72000,-0.02508,0.19087,0.15975,0.07566,0.00000
14.30000,5.76000,-0.01555,0.18737,0.16461,0.07711,0.00000
14.40000,5.80000,-0.00586,0.18439,0.16841,0.07728,-0.00000
14.50000,5.84000,0.00394,0.18198,0.17108,0.07601,-0.00000
14.60000,5.88000,0.01377,0.18017,0.17257,0.07317,0.00000
14.70000,5.92000,0.02356,0.17898,0.17286,0.06868,0.00000
14.80000,5.96000,0.03325,0.17844,0.17194,0.06248,0.00000
14.90000,6.00000,0.04278,0.17854,0.16980,0.05459,0.00000
15.00000,6.04000,0.05207,0.17931,0.16646,0.04510,0.00000
15.10000,6.08000,0.06108,0.18073,0.16193,0.03415,0.00000
15.20000,6.12000,0.06973,0.18280,0.15624,0.02194,0.00000
15.30000,6.16000,0.07798,0.18548,0.14943,0.00876,0.00000
15.40000,6.20000,0.08578,0.18876,0.14154,-0.00508,0.00000
15.50000,6.24000,0.09309,0.19260,0.13262,-0.01920,0.00000
15.60000,6.28000,0.09985,0.19695,0.12270,-0.03321,0.00000
15.70000,6.32000,0.10604,0.20177,0.11185,-0.04670,0.00000
15.80000,6.36000,0.11162,0.20699,0.10012,-0.05929,0.00000
15.90000,6.40000,0.11656,0.21256,0.08758,-0.07059,-0.00000
16.00000,6.44000,0.12085,0.21842,0.07431,-0.08029,0.00000
16.10000,6.48000,0.12447,0.22451,0.06040,-0.08813,0.00000
16.20000,6.52000,0.12740,0.23076,0.04596,-0.09392,0.00000
16.30000,6.56000,0.12964,0.23712,0.03110,-0.09754,-0.00000
16.40000,6.60000,0.13119,0.24352,0.01595,-0.09899,0.00000
16.50000,6.64000,0.13205,0.24992,0.00067,-0.09833,0.00000
16.60000,6.68000,0.13221,0.25626,-0.01458,-0.09571,0.00000
16.70000,6.72000,0.13171,0.26251,-0.02963,-0.09135,-0.00000
16.80000,6.76000,0.13054,0.26863,-0.04431,-0.08553,0.00000
16.90000,6.80000,0.12873,0.27459,-0.05843,-0.07856,-0.00000
17.00000,6.84000,0.12629,0.28036,-0.07181,-0.07079,-0.00000
17.10000,6.88000,0.12324,0.28594,-0.08431,-0.06255,0.00000
17.20000,6.92000,0.11961,0.29131,-0.09576,-0.05415,0.00000
17.30000,6.96000,0.11543,0.29646,-0.10603,-0.04587,0.00000
17.40000,7.00000,0.11072,0.30141,-0.11503,-0.03793,-0.00000
17.50000,7.04000,0.10551,0.30614,-0.12268,-0.03050,0.00000
17.60000,7.08000,0.09983,0.31067,-0.12894,-0.02365,0.00000
17.70000,7.12000,0.09371,0.31501,-0.13378,-0.01741,0.00000
17.80000,7.16000,0.08719,0.31917,-0.13723,-0.01172,0.00000
17.90000,7.20000,0.08028,0.32315,-0.13933,-0.00648,-0.00000
18.00000,7.24000,0.07303,0.32697,-0.14015,-0.00152,0.00000
18.10000,7.28000,0.06547,0.33063,-0.13978,0.00332,0.00000
18.20000,7.32000,0.05763,0.33414,-0.13832,0.00824,-0.00000
18.30000,7.36000,0.04954,0.33750,-0.13588,0.01342,0.00000
18.40000,7.40000,0.04124,0.34072,-0.13259,0.01901,0.00000
18.50000,7.44000,0.03276,0.34379,-0.12856,0.02511,-0.00000
18.60000,7.48000,0.02413,0.34671,-0.12390,0.03178,0.00000
18.70000,7.52000,0.01540,0.34948,-0.11873,0.03899,0.00000
18.80000,7.56000,0.00658,0.35209,-0.11312,0.04665,0.00000
18.90000,7.60000,-0.00227,0.35454,-0.10717,0.05462,0.00000
19.00000,7.64000,-0.01114,0.35681,-0.10095,0.06268,0.00000
19.10000,7.68000,-0.01999,0.35890,-0.09451,0.07057,0.00000
19.20000,7.72000,-0.02878,0.36081,-0.08791,0.07801,0.00000
19.30000,7.76000,-0.03748,0.36253,-0.08120,0.08470,0.00000
19.40000,7.80000,-0.04606,0.36404,-0.07440,0.09033,0.00000
19.50000,7.84000,-0.05449,0.36535,-0.06755,0.09464,0.00000
19.60000,7.88000,-0.06275,0.36645,-0.06068,0.09742,0.00000
19.70000,7.92000,-0.07080,0.36734,-0.05382,0.09850,-0.00000
19.80000,7.96000,-0.07862,0.36801,-0.04700,0.09780,0.00000
19.90000,8.00000,-0.08618,0.36846,-0.04025,0.09530,0.00000
20.00000,8.04000,-0.09346,0.36868,-0.03359,0.09108,-0.00000
20.10000,8.08000,-0.10044,0.36867,-0.02705,0.08529,0.00000
20.20000,8.12000,-0.10709,0.36842,-0.02064,0.07814,0.00000
20.30000,8.16000,-0.11338,0.36792,-0.01437,0.06990,-0.00000
20.40000,8.20000,-0.11931,0.36717,-0.00825,0.06088,-0.00000
20.50000,8.24000,-0.12483,0.36615,-0.00225,0.05139,-0.00000
20.60000,8.28000,-0.12993,0.36486,0.00362,0.04176,0.00000
20.70000,8.32000,-0.13459,0.36329,0.00941,0.03228,-0.00000
20.80000,8.36000,-0.13877,0.36142,0.01514,0.02324,-0.00000
20.90000,8.40000,-0.14244,0.35924,0.02086,0.01483,0.00000
21.00000,8.44000,-0.14558,0.35676,0.02661,0.00722,-0.00000
21.10000,8.48000,-0.14815,0.35397,0.03243,0.00049,0.00000
21.20000,8.52000,-0.15013,0.35088,0.03835,-0.00533,0.00000
21.30000,8.56000,-0.15146,0.34748,0.04440,-0.01027,0.00000
21.40000,8.60000,-0.15212,0.34379,0.05058,-0.01443,0.00000
21.50000,8.64000,-0.15207,0.33984,0.05688,-0.01793,-0.00000
21.60000,8.68000,-0.15128,0.33565,0.06326,-0.02094,0.00000
21.70000,8.72000,-0.14972,0.33126,0.06967,-0.02361,-0.00000
21.80000,8.76000,-0.14735,0.32671,0.07602,-0.02613,0.00000
21.90000,8.80000,-0.14414,0.32205,0.08222,-0.02863,0.00000
22.00000,8.84000,-0.14008,0.31734,0.08814,-0.03125,0.00000
22.10000,8.88000,-0.13516,0.31264,0.09366,-0.03406,-0.00000
22.20000,8.92000,-0.12935,0.30802,0.09865,-0.03713,0.00000
22.30000,8.96000,-0.12267,0.30355,0.10296,-0.04045,0.00000
22.40000,9.00000,-0.11512,0.29930,0.10647,-0.04400,0.00000
22.50000,9.04000,-0.10673,0.29534,0.10908,-0.04769,0.00000
22.60000,9.08000,-0.09751,0.29175,0.11069,-0.05145,0.00000
22.70000,9.12000,-0.08750,0.28857,0.11124,-0.05515,0.00000
22.80000,9.16000,-0.07676,0.28587,0.11071,-0.05869,0.00000
22.90000,9.20000,-0.06534,0.28369,0.10909,-0.06194,-0.00000
23.00000,9.24000,-0.05331,0.28205,0.10642,-0.06481,0.00000
23.10000,9.28000,-0.04074,0.28100,0.10276,-0.06722,-0.00000
23.20000,9.32000,-0.02773,0.28052,0.09820,-0.06910,0.00000
23.30000,9.36000,-0.01435,0.28061,0.09286,-0.07043,0.00000
23.40000,9.40000,-0.00071,0.28125,0.08686,-0.07119,0.00000
23.50000,9.44000,0.01310,0.28239,0.08033,-0.07140,-0.00000
23.60000,9.48000,0.02696,0.28400,0.07340,-0.07110,0.00000
23.70000,9.52000,0.04077,0.28600,0.06619,-0.07032,0.00000
23.80000,9.56000,0.05442,0.28832,0.05881,-0.06911,0.00000
23.90000,9.60000,0.06780,0.29088,0.05134,-0.06751,0.00000
24.00000,9.64000,0.08081,0.29357,0.04385,-0.06555,0.00000
24.10000,9.68000,0.09333,0.29631,0.03639,-0.06324,0.00000
24.20000,9.72000,0.10526,0.29900,0.02895,-0.06060,-0.00000
24.30000,9.76000,0.11652,0.30153,0.02156,-0.05761,0.00000
24.40000,9.80000,0.12700,0.30381,0.01418,-0.05426,0.00000
24.50000,9.84000,0.13662,0.30576,0.00678,-0.05050,0.00000
24.60000,9.88000,0.14530,0.30729,-0.00067,-0.04631,0.00000
24.70000,9.92000,0.15298,0.30833,-0.00819,-0.04169,0.00000
24.80000,9.96000,0.15959,0.30882,-0.01581,-0.03661,-0.00000
24.90000,10.00000,0.16508,0.30872,-0.02353,-0.03110,-0.00000
25.00000,10.04000,0.16941,0.30800,-0.03134,-0.02522,0.00000
25.10000,10.08000,0.17254,0.30663,-0.03920,-0.01904,0.00000
25.20000,10.12000,0.17446,0.30461,-0.04705,-0.01267,-0.00000
25.30000,10.16000,0.17516,0.30196,-0.05480,-0.00626,0.00000
25.40000,10.20000,0.17464,0.29870,-0.06235,0.00004,-0.00000
25.50000,10.24000,0.17291,0.29487,-0.06958,0.00603,0.00000
25.60000,10.28000,0.17001,0.29052,-0.07636,0.01156,0.00000
25.70000,10.32000,0.16595,0.28571,-0.08256,0.01644,0.00000
25.80000,10.36000,0.16079,0.28051,-0.08806,0.02054,0.00000
25.90000,10.40000,0.15458,0.27500,-0.09274,0.02374,0.00000
26.00000,10.44000,0.14739,0.26925,-0.09651,0.02599,-0.00000
26.10000,10.48000,0.13928,0.26336,-0.09930,0.02730,-0.00000
26.20000,10.52000,0.13034,0.25741,-0.10107,0.02772,0.00000
26.30000,10.56000,0.12065,0.25149,-0.10180,0.02738,-0.00000
26.40000,10.60000,0.11031,0.24569,-0.10151,0.02648,0.00000
26.50000,10.64000,0.09940,0.24010,-0.10024,0.02524,0.00000
26.60000,10.68000,0.08803,0.23480,-0.09807,0.02394,0.00000
26.70000,10.72000,0.07630,0.22986,-0.09509,0.02290,0.00000
26.80000,10.76000,0.06430,0.22537,-0.09139,0.02240,0.00000
26.90000,10.80000,0.05213,0.22140,-0.08708,0.02276,0.00000
27.00000,10.84000,0.03990,0.21800,-0.08228,0.02421,0.00000
27.10000,10.88000,0.02771,0.21523,-0.07708,0.02696,-0.00000
27.20000,10.92000,0.01564,0.21315,-0.07157,0.03114,0.00000
27.30000,10.96000,0.00379,0.21179,-0.06584,0.03682,0.00000
27.40000,11.00000,-0.00775,0.21118,-0.05995,0.04394,0.00000
27.50000,11.04000,-0.01890,0.21136,-0.05392,0.05239,0.00000
27.60000,11.08000,-0.02959,0.21233,-0.04779,0.06195,0.00000
27.70000,11.12000,-0.03974,0.21410,-0.04156,0.07232,0.00000
27.80000,11.16000,-0.04928,0.21667,-0.03522,0.08317,0.00000
27.90000,11.20000,-0.05816,0.22003,-0.02878,0.09407,0.00000
28.00000,11.24000,-0.06633,0.22416,-0.02221,0.10461,0.00000
28.10000,11.28000,-0.07373,0.22903,-0.01550,0.11435,0.00000
28.20000,11.32000,-0.08034,0.23461,-0.00866,0.12288,0.00000
28.30000,11.36000,-0.08612,0.24085,-0.00169,0.12983,0.00000
28.40000,11.40000,-0.09105,0.24771,0.00538,0.13486,0.00000
28.50000,11.44000,-0.09512,0.25512,0.01251,0.13772,-0.00000
28.60000,11.48000,-0.09832,0.26302,0.01965,0.13826,-0.00000
28.70000,11.52000,-0.10065,0.27136,0.02671,0.13638,-0.00000
28.80000,11.56000,-0.10213,0.28004,0.03362,0.13208,-0.00000
28.90000,11.60000,-0.10278,0.28901,0.04028,0.12544,0.00000
29.00000,11.64000,-0.10262,0.29819,0.04661,0.11663,0.00000
29.10000,11.68000,-0.10169,0.30749,0.05250,0.10584,0.00000
29.20000,11.72000,-0.10003,0.31683,0.05786,0.09335,0.00000
29.30000,11.76000,-0.09769,0.32613,0.06264,0.07945,0.00000
29.40000,11.80000,-0.09473,0.33532,0.06676,0.06445,0.00000
29.50000,11.84000,-0.09120,0.34431,0.07018,0.04866,0.00000
29.60000,11.88000,-0.08718,0.35303,0.07289,0.03239,0.00000
29.70000,11.92000,-0.08272,0.36138,0.07488,0.01591,-0.00000
29.80000,11.96000,-0.07791,0.36931,0.07618,-0.00051,0.00000
29.90000,12.00000,-0.07280,0.37673,0.07681,-0.01666,-0.00000
30.00000,12.04000,-0.06748,0.38357,0.07682,-0.03233,0.00000
30.10000,12.08000,-0.06201,0.38978,0.07628,-0.04737,0.00000
30.20000,12.12000,-0.05646,0.39528,0.07524,-0.06164,0.00000
30.30000,12.16000,-0.05090,0.40002,0.07375,-0.07503,0.00000
30.40000,12.20000,-0.04539,0.40396,0.07189,-0.08743,0.00000
30.50000,12.24000,-0.03999,0.40704,0.06968,-0.09875,0.00000
30.60000,12.28000,-0.03476,0.40924,0.06717,-0.10891,0.00000
30.70000,12.32000,-0.02974,0.41053,0.06437,-0.11783,0.00000
30.80000,12.36000,-0.02497,0.41090,0.06129,-0.12543,0.00000
30.90000,12.40000,-0.02049,0.41032,0.05793,-0.13164,0.00000
31.00000,12.44000,-0.01633,0.40882,0.05426,-0.13637,0.00000
31.10000,12.48000,-0.01253,0.40641,0.05027,-0.13958,0.00000
31.20000,12.52000,-0.00908,0.40311,0.04593,-0.14121,0.00000
31.30000,12.56000,-0.00601,0.39895,0.04122,-0.14123,-0.00000
31.40000,12.60000,-0.00333,0.39400,0.03610,-0.13965,0.00000
31.50000,12.64000,-0.00103,0.38830,0.03058,-0.13650,-0.00000
31.60000,12.68000,0.00089,0.38191,0.02465,-0.13184,0.00000
31.70000,12.72000,0.00243,0.37492,0.01835,-0.12578,0.00000
31.80000,12.76000,0.00361,0.36740,0.01170,-0.11846,0.00000
31.90000,12.80000,0.00444,0.35944,0.00477,-0.11005,0.00000
32.00000,12.84000,0.00494,0.35111,-0.00236,-0.10075,0.00000
32.10000,12.88000,0.00514,0.34251,-0.00959,-0.09080,-0.00000
32.20000,12.92000,0.00505,0.33373,-0.01683,-0.08042,0.00000
32.30000,12.96000,0.00471,0.32486,-0.02394,-0.06985,-0.00000
32.40000,13.00000,0.00415,0.31597,-0.03080,-0.05934,0.00000
32.50000,13.04000,0.00339,0.30714,-0.03729,-0.04908,-0.00000
32.60000,13.08000,0.00246,0.29846,-0.04328,-0.03929,0.00000
32.70000,13.12000,0.00142,0.28999,-0.04867,-0.03010,0.00000
32.80000,13.16000,0.00027,0.28180,-0.05335,-0.02163,0.00000
32.90000,13.20000,-0.00093,0.27394,-0.05726,-0.01397,0.00000
33.00000,13.24000,-0.00214,0.26646,-0.06034,-0.00714,0.00000
33.10000,13.28000,-0.00334,0.25942,-0.06255,-0.00114,0.00000
33.20000,13.32000,-0.00449,0.25285,-0.06390,0.00407,-0.00000
33.30000,13.36000,-0.00554,0.24679,-0.06438,0.00856,0.00000
33.40000,13.40000,-0.00647,0.24127,-0.06406,0.01241,0.00000
33.50000,13.44000,-0.00723,0.23631,-0.06297,0.01574,-0.00000
33.60000,13.48000,-0.00779,0.23194,-0.06120,0.01864,0.00000
33.70000,13.52000,-0.00812,0.22818,-0.05883,0.02122,0.00000
33.80000,13.56000,-0.00819,0.22503,-0.05595,0.02358,0.00000
33.90000,13.60000,-0.00798,0.22252,-0.05267,0.02580,-0.00000
34.00000,13.64000,-0.00746,0.22064,-0.04907,0.02793,-0.00000
34.10000,13.68000,-0.00662,0.21939,-0.04525,0.03001,-0.00000
34.20000,13.72000,-0.00544,0.21877,-0.04128,0.03207,0.00000
34.30000,13.76000,-0.00393,0.21878,-0.03724,0.03410,0.00000
34.40000,13.80000,-0.00207,0.21940,-0.03318,0.03610,0.00000
34.50000,13.84000,0.00012,0.22061,-0.02914,0.03803,0.00000
34.60000,13.88000,0.00263,0.22239,-0.02513,0.03986,-0.00000
34.70000,13.92000,0.00544,0.22471,-0.02118,0.04156,0.00000
34.80000,13.96000,0.00853,0.22754,-0.01727,0.04308,0.00000
34.90000,14.00000,0.01187,0.23085,-0.01338,0.04441,-0.00000
35.00000,14.04000,0.01542,0.23458,-0.00949,0.04551,0.00000
35.10000,14.08000,0.01914,0.23870,-0.00556,0.04636,0.00000
35.20000,14.12000,0.02298,0.24316,-0.00158,0.04696,0.00000
35.30000,14.16000,0.02690,0.24791,0.00251,0.04731,-0.00000
35.40000,14.20000,0.03085,0.25291,0.00671,0.04742,0.00000
35.50000,14.24000,0.03478,0.25810,0.01105,0.04729,-0.00000
35.60000,14.28000,0.03864,0.26343,0.01553,0.04694,0.00000
35.70000,14.32000,0.04238,0.26886,0.02013,0.04640,0.00000
35.80000,14.36000,0.04596,0.27435,0.02482,0.04569,0.00000
35.90000,14.40000,0.04932,0.27985,0.02956,0.04482,0.00000
36.00000,14.44000,0.05245,0.28532,0.03428,0.04381,0.00000
36.10000,14.48000,0.05529,0.29073,0.03890,0.04270,0.00000
36.20000,14.52000,0.05782,0.29603,0.04332,0.04150,-0.00000
36.30000,14.56000,0.06001,0.30121,0.04744,0.04025,0.00000
36.40000,14.60000,0.06184,0.30622,0.05115,0.03898,0.00000
36.50000,14.64000,0.06330,0.31105,0.05432,0.03771,-0.00000
36.60000,14.68000,0.06438,0.31566,0.05685,0.03651,-0.00000
36.70000,14.72000,0.06507,0.32004,0.05862,0.03539,0.00000
36.80000,14.76000,0.06538,0.32416,0.05954,0.03442,-0.00000
36.90000,14.80000,0.06529,0.32800,0.05954,0.03364,-0.00000
37.00000,14.84000,0.06482,0.33155,0.05855,0.03309,0.00000
37.10000,14.88000,0.06398,0.33479,0.05655,0.03280,0.00000
37.20000,14.92000,0.06278,0.33770,0.05353,0.03278,0.00000
37.30000,14.96000,0.06123,0.34027,0.04951,0.03305,-0.00000
37.40000,15.00000,0.05934,0.34250,0.04456,0.03358,0.00000
37.50000,15.04000,0.05712,0.34437,0.03875,0.03433,-0.00000
37.60000,15.08000,0.05461,0.34589,0.03219,0.03522,0.00000
37.70000,15.12000,0.05180,0.34705,0.02501,0.03616,0.00000
37.80000,15.16000,0.04871,0.34786,0.01737,0.03703,0.00000
37.90000,15.20000,0.04537,0.34833,0.00942,0.03770,-0.00000
38.00000,15.24000,0.04178,0.34846,0.00134,0.03800,0.00000
38.10000,15.28000,0.03797,0.34828,-0.00670,0.03778,0.00000
38.20000,15.32000,0.03395,0.34781,-0.01454,0.03690,-0.00000
38.30000,15.36000,0.02974,0.34705,-0.02201,0.03520,0.00000
38.40000,15.40000,0.02535,0.34604,-0.02899,0.03257,-0.00000
38.50000,15.44000,0.02079,0.34481,-0.03534,0.02893,-0.00000
38.60000,15.48000,0.01609,0.34338,-0.04097,0.02425,0.00000
38.70000,15.52000,0.01126,0.34177,-0.04582,0.01851,-0.00000
38.80000,15.56000,0.00632,0.34002,-0.04983,0.01179,0.00000
38.90000,15.60000,0.00128,0.33814,-0.05300,0.00418,-0.00000
39.00000,15.64000,-0.00385,0.33618,-0.05532,-0.00414,-0.00000
39.10000,15.68000,-0.00904,0.33413,-0.05683,-0.01298,0.00000
39.20000,15.72000,-0.01427,0.33204,-0.05758,-0.02211,0.00000
39.30000,15.76000,-0.01954,0.32992,-0.05762,-0.03126,-0.00000
39.40000,15.80000,-0.02482,0.32778,-0.05704,-0.04017,-0.00000
39.50000,15.84000,-0.03008,0.32563,-0.05591,-0.04855,-0.00000
39.60000,15.88000,-0.03531,0.32351,-0.05432,-0.05615,0.00000
39.70000,15.92000,-0.04049,0.32140,-0.05233,-0.06276,0.00000
39.80000,15.96000,-0.04558,0.31933,-0.05003,-0.06817,0.00000
39.90000,16.00000,-0.05056,0.31730,-0.04747,-0.07226,0.00000
40.00000,16.04000,-0.05540,0.31531,-0.04470,-0.07494,0.00000
40.10000,16.08000,-0.06007,0.31339,-0.04176,-0.07618,0.00000
40.20000,16.12000,-0.06452,0.31152,-0.03866,-0.07602,0.00000
40.30000,16.16000,-0.06874,0.30971,-0.03542,-0.07454,0.00000
40.40000,16.20000,-0.07267,0.30797,-0.03204,-0.07189,0.00000
40.50000,16.24000,-0.07628,0.30629,-0.02851,-0.06822,-0.00000
40.60000,16.28000,-0.07954,0.30467,-0.02480,-0.06375,0.00000
40.70000,16.32000,-0.08240,0.30312,-0.02092,-0.05868,0.00000
40.80000,16.36000,-0.08483,0.30161,-0.01683,-0.05324,-0.00000
40.90000,16.40000,-0.08680,0.30016,-0.01253,-0.04765,0.00000
41.00000,16.44000,-0.08827,0.29874,-0.00801,-0.04210,-0.00000
41.10000,16.48000,-0.08922,0.29734,-0.00328,-0.03677,0.00000
41.20000,16.52000,-0.08962,0.29595,0.00165,-0.03180,-0.00000
41.30000,16.56000,-0.08945,0.29455,0.00675,-0.02730,0.00000
41.40000,16.60000,-0.08871,0.29312,0.01197,-0.02335,0.00000
41.50000,16.64000,-0.08738,0.29165,0.01727,-0.02000,-0.00000
41.60000,16.68000,-0.08548,0.29010,0.02257,-0.01725,-0.00000
41.70000,16.72000,-0.08300,0.28847,0.02779,-0.01509,-0.00000
41.80000,16.76000,-0.07996,0.28674,0.03285,-0.01349,-0.00000
41.90000,16.80000,-0.07639,0.28489,0.03765,-0.01241,0.00000
42.00000,16.84000,-0.07230,0.28290,0.04211,-0.01177,0.00000
42.10000,16.88000,-0.06774,0.28078,0.04614,-0.01152,0.00000
42.20000,16.92000,-0.06274,0.27851,0.04965,-0.01158,-0.00000
42.30000,16.96000,-0.05734,0.27610,0.05257,-0.01189,0.00000
42.40000,17.00000,-0.05160,0.27354,0.05485,-0.01236,0.00000
42.50000,17.04000,-0.04556,0.27086,0.05643,-0.01293,-0.00000
42.60000,17.08000,-0.03927,0.26807,0.05731,-0.01352,-0.00000
42.70000,17.12000,-0.03279,0.26519,0.05747,-0.01405,0.00000
42.80000,17.16000,-0.02618,0.26225,0.05694,-0.01442,0.00000
42.90000,17.20000,-0.01949,0.25928,0.05575,-0.01456,0.00000
43.00000,17.24000,-0.01277,0.25631,0.05397,-0.01436,-0.00000
43.10000,17.28000,-0.00607,0.25339,0.05168,-0.01372,0.00000
43.20000,17.32000,0.00054,0.25055,0.04896,-0.01255,0.00000
43.30000,17.36000,0.00703,0.24784,0.04591,-0.01075,0.00000
43.40000,17.40000,0.01335,0.24530,0.04265,-0.00823,0.00000
43.50000,17.44000,0.01946,0.24298,0.03928,-0.00493,0.00000
43.60000,17.48000,0.02532,0.24092,0.03590,-0.00080,-0.00000
43.70000,17.52000,0.03089,0.23916,0.03261,0.00417,0.00000
43.80000,17.56000,0.03616,0.23776,0.02950,0.00996,0.00000
43.90000,17.60000,0.04109,0.23674,0.02661,0.01649,0.00000
44.00000,17.64000,0.04566,0.23614,0.02401,0.02366,0.00000
44.10000,17.68000,0.04986,0.23600,0.02170,0.03132,0.00000
44.20000,17.72000,0.05368,0.23635,0.01970,0.03925,-0.00000
44.30000,17.76000,0.05712,0.23720,0.01798,0.04724,0.00000
44.40000,17.80000,0.06017,0.23859,0.01651,0.05501,0.00000
44.50000,17.84000,0.06283,0.24051,0.01521,0.06229,0.00000
44.60000,17.88000,0.06512,0.24299,0.01402,0.06882,0.00000
44.70000,17.92000,0.06703,0.24601,0.01287,0.07431,0.00000
44.80000,17.96000,0.06859,0.24958,0.01166,0.07852,0.00000
44.90000,18.00000,0.06980,0.25367,0.01033,0.08127,-0.00000
45.00000,18.04000,0.07068,0.25827,0.00879,0.08239,-0.00000
45.10000,18.08000,0.07125,0.26334,0.00698,0.08179,0.00000
45.20000,18.12000,0.07152,0.26885,0.00487,0.07946,-0.00000
45.30000,18.16000,0.07151,0.27476,0.00241,0.07543,-0.00000
45.40000,18.20000,0.07122,0.28101,-0.00038,0.06982,0.00000
45.50000,18.24000,0.07069,0.28755,-0.00350,0.06281,-0.00000
45.60000,18.28000,0.06991,0.29431,-0.00692,0.05461,0.00000
45.70000,18.32000,0.06889,0.30122,-0.01057,0.04549,-0.00000
45.80000,18.36000,0.06766,0.30822,-0.01440,0.03574,0.00000
45.90000,18.40000,0.06621,0.31524,-0.01833,0.02567,0.00000
46.00000,18.44000,0.06454,0.32219,-0.02227,0.01556,0.00000
46.10000,18.48000,0.06267,0.32901,-0.02614,0.00569,0.00000
46.20000,18.52000,0.06060,0.33562,-0.02986,-0.00369,0.00000
46.30000,18.56000,0.05834,0.34197,-0.03337,-0.01239,0.00000
46.40000,18.60000,0.05588,0.34798,-0.03660,-0.02026,0.00000
46.50000,18.64000,0.05323,0.35361,-0.03951,-0.02721,0.00000
46.60000,18.68000,0.05040,0.35881,-0.04208,-0.03318,0.00000
46.70000,18.72000,0.04739,0.36353,-0.04428,-0.03820,-0.00000
46.80000,18.76000,0.04422,0.36776,-0.04614,-0.04229,0.00000
46.90000,18.80000,0.04088,0.37146,-0.04767,-0.04553,0.00000
47.00000,18.84000,0.03740,0.37463,-0.04888,-0.04801,0.00000
47.10000,18.88000,0.03378,0.37727,-0.04983,-0.04982,0.00000
47.20000,18.92000,0.03004,0.37939,-0.05055,-0.05106,0.00000
47.30000,18.96000,0.02619,0.38101,-0.05107,-0.05180,0.00000
47.40000,19.00000,0.02225,0.38216,-0.05142,-0.05209,0.00000
47.50000,19.04000,0.01824,0.38287,-0.05163,-0.05194,0.00000
47.60000,19.08000,0.01417,0.38318,-0.05171,-0.05134,0.00000
47.70000,19.12000,0.01005,0.38314,-0.05166,-0.05025,0.00000
47.80000,19.16000,0.00592,0.38280,-0.05147,-0.04861,0.00000
47.90000,19.20000,0.00178,0.38221,-0.05111,-0.04634,0.00000
48.00000,19.24000,-0.00235,0.38142,-0.05055,-0.04334,0.00000
48.10000,19.28000,-0.00646,0.38048,-0.04977,-0.03954,0.00000
48.20000,19.32000,-0.01051,0.37943,-0.04873,-0.03488,-0.00000
48.30000,19.36000,-0.01451,0.37831,-0.04738,-0.02932,0.00000
48.40000,19.40000,-0.01843,0.37716,-0.04571,-0.02287,0.00000
48.50000,19.44000,-0.02226,0.37599,-0.04369,-0.01558,0.00000
48.60000,19.48000,-0.02598,0.37482,-0.04132,-0.00755,0.00000
48.70000,19.52000,-0.02958,0.37365,-0.03861,0.00105,0.00000
48.80000,19.56000,-0.03303,0.37248,-0.03557,0.01004,0.00000
48.90000,19.60000,-0.03632,0.37128,-0.03224,0.01916,-0.00000
49.00000,19.64000,-0.03944,0.37002,-0.02866,0.02815,0.00000
49.10000,19.68000,-0.04236,0.36866,-0.02490,0.03671,0.00000
49.20000,19.72000,-0.04506,0.36715,-0.02099,0.04453,0.00000
49.30000,19.76000,-0.04754,0.36542,-0.01702,0.05135,-0.00000
49.40000,19.80000,-0.04977,0.36342,-0.01303,0.05690,-0.00000
49.50000,19.84000,-0.05173,0.36107,-0.00906,0.06096,0.00000
49.60000,19.88000,-0.05343,0.35829,-0.00518,0.06337,0.00000
49.70000,19.92000,-0.05484,0.35502,-0.00138,0.06403,0.00000
49.80000,19.96000,-0.05596,0.35117,0.00230,0.06289,-0.00000
49.90000,20.00000,-0.05677,0.34670,0.00587,0.06000,0.00000
50.00000,20.04000,-0.05729,0.34153,0.00934,0.05545,-0.00000
50.10000,20.08000,-0.05752,0.33563,0.01274,0.04941,0.00000
50.20000,20.12000,-0.05745,0.32895,0.01609,0.04210,0.00000
50.30000,20.16000,-0.05709,0.32147,0.01944,0.03379,0.00000
50.40000,20.20000,-0.05647,0.31320,0.02279,0.02475,-0.00000
50.50000,20.24000,-0.05559,0.30414,0.02618,0.01531,0.00000
50.60000,20.28000,-0.05447,0.29432,0.02962,0.00577,-0.00000
50.70000,20.32000,-0.05314,0.28379,0.03309,-0.00359,0.00000
50.80000,20.36000,-0.05160,0.27261,0.03657,-0.01247,0.00000
50.90000,20.40000,-0.04989,0.26086,0.04002,-0.02066,0.00000
51.00000,20.44000,-0.04803,0.24864,0.04339,-0.02796,0.00000
51.10000,20.48000,-0.04602,0.23605,0.04658,-0.03424,0.00000
51.20000,20.52000,-0.04391,0.22322,0.04953,-0.03939,-0.00000
51.30000,20.56000,-0.04169,0.21028,0.05214,-0.04338,0.00000
51.40000,20.60000,-0.03938,0.19737,0.05431,-0.04621,0.00000
51.50000,20.64000,-0.03700,0.18464,0.05596,-0.04795,0.00000
51.60000,20.68000,-0.03456,0.17223,0.05702,-0.04867,0.00000
51.70000,20.72000,-0.03206,0.16030,0.05743,-0.04849,0.00000
51.80000,20.76000,-0.02952,0.14898,0.05717,-0.04754,0.00000
51.90000,20.80000,-0.02692,0.13843,0.05622,-0.04598,-0.00000
52.00000,20.84000,-0.02427,0.12879,0.05462,-0.04393,0.00000
52.10000,20.88000,-0.02157,0.12018,0.05242,-0.04156,0.00000
52.20000,20.92000,-0.01882,0.11273,0.04971,-0.03899,0.00000
52.30000,20.96000,-0.01602,0.10654,0.04659,-0.03634,0.00000
52.40000,21.00000,-0.01316,0.10172,0.04319,-0.03371,0.00000
52.50000,21.04000,-0.01024,0.09834,0.03965,-0.03117,0.00000
52.60000,21.08000,-0.00726,0.09649,0.03610,-0.02877,0.00000
52.70000,21.12000,-0.00423,0.09620,0.03269,-0.02654,0.00000
52.80000,21.16000,-0.00114,0.09751,0.02955,-0.02450,0.00000
52.90000,21.20000,0.00200,0.10046,0.02680,-0.02264,0.00000
53.00000,21.24000,0.00519,0.10503,0.02451,-0.02091,0.00000
53.10000,21.28000,0.00841,0.11122,0.02275,-0.01930,-0.00000
53.20000,21.32000,0.01166,0.11900,0.02156,-0.01774,-0.00000
53.30000,21.36000,0.01493,0.12832,0.02093,-0.01617,0.00000
53.40000,21.40000,0.01819,0.13911,0.02085,-0.01454,0.00000
53.50000,21.44000,0.02145,0.15131,0.02127,-0.01279,0.00000
53.60000,21.48000,0.02468,0.16483,0.02211,-0.01086,0.00000
53.70000,21.52000,0.02786,0.17956,0.02329,-0.00869,-0.00000
53.80000,21.56000,0.03098,0.19539,0.02471,-0.00626,0.00000
53.90000,21.60000,0.03402,0.21221,0.02627,-0.00352,0.00000
54.00000,21.64000,0.03695,0.22988,0.02787,-0.00048,0.00000
54.10000,21.68000,0.03977,0.24828,0.02942,0.00287,-0.00000
54.20000,21.72000,0.04245,0.26727,0.03085,0.00651,0.00000
54.30000,21.76000,0.04497,0.28670,0.03208,0.01040,0.00000
54.40000,21.80000,0.04731,0.30644,0.03306,0.01449,0.00000
54.50000,21.84000,0.04946,0.32633,0.03374,0.01870,0.00000
54.60000,21.88000,0.05140,0.34625,0.03410,0.02296,-0.00000
54.70000,21.92000,0.05311,0.36604,0.03411,0.02716,-0.00000
54.80000,21.96000,0.05458,0.38557,0.03377,0.03122,-0.00000
54.90000,22.00000,0.05578,0.40471,0.03304,0.03502,0.00000
55.00000,22.04000,0.05670,0.42331,0.03193,0.03846,0.00000
55.10000,22.08000,0.05734,0.44124,0.03040,0.04146,0.00000
55.20000,22.12000,0.05767,0.45839,0.02843,0.04394,0.00000
55.30000,22.16000,0.05768,0.47462,0.02598,0.04582,0.00000
55.40000,22.20000,0.05736,0.48981,0.02301,0.04707,0.00000
55.50000,22.24000,0.05671,0.50384,0.01947,0.04766,0.00000
55.60000,22.28000,0.05570,0.51661,0.01532,0.04758,0.00000
55.70000,22.32000,0.05435,0.52801,0.01051,0.04687,0.00000
55.80000,22.36000,0.05263,0.53793,0.00499,0.04557,0.00000
55.90000,22.40000,0.05056,0.54629,-0.00127,0.04373,0.00000
56.00000,22.44000,0.04812,0.55300,-0.00826,0.04143,-0.00000
56.10000,22.48000,0.04533,0.55799,-0.01599,0.03877,0.00000
56.20000,22.52000,0.04218,0.56120,-0.02442,0.03583,0.00000
56.30000,22.56000,0.03868,0.56259,-0.03348,0.03270,0.00000
56.40000,22.60000,0.03486,0.56212,-0.04308,0.02948,0.00000
56.50000,22.64000,0.03071,0.55978,-0.05311,0.02622,0.00000
56.60000,22.68000,0.02627,0.55557,-0.06342,0.02300,-0.00000
56.70000,22.72000,0.02154,0.54951,-0.07385,0.01984,-0.00000
56.80000,22.76000,0.01657,0.54165,-0.08422,0.01677,0.00000
56.90000,22.80000,0.01138,0.53205,-0.09436,0.01378,0.00000
57.00000,22.84000,0.00601,0.52077,-0.10407,0.01086,0.00000
57.10000,22.88000,0.00049,0.50792,-0.11318,0.00797,-0.00000
57.20000,22.92000,-0.00514,0.49360,-0.12151,0.00508,0.00000
57.30000,22.96000,-0.01084,0.47795,-0.12893,0.00212,-0.00000
57.40000,23.00000,-0.01655,0.46111,-0.13531,-0.00094,0.00000
57.50000,23.04000,-0.02223,0.44322,-0.14055,-0.00415,0.00000
57.60000,23.08000,-0.02783,0.42444,-0.14458,-0.00755,-0.00000
57.70000,23.12000,-0.03330,0.40495,-0.14736,-0.01113,-0.00000
57.80000,23.16000,-0.03859,0.38490,-0.14888,-0.01490,0.00000
57.90000,23.20000,-0.04366,0.36447,-0.14913,-0.01884,0.00000
58.00000,23.24000,-0.04845,0.34384,-0.14815,-0.02288,-0.00000
58.10000,23.28000,-0.05293,0.32317,-0.14597,-0.02696,0.00000
58.20000,23.32000,-0.05704,0.30262,-0.14263,-0.03099,0.00000
58.30000,23.36000,-0.06075,0.28236,-0.13819,-0.03486,-0.00000
58.40000,23.40000,-0.06404,0.26253,-0.13269,-0.03848,-0.00000
58.50000,23.44000,-0.06686,0.24327,-0.12616,-0.04171,-0.00000
58.60000,23.48000,-0.06919,0.22472,-0.11866,-0.04446,-0.00000
58.70000,23.52000,-0.07102,0.20701,-0.11019,-0.04662,0.00000
58.80000,23.56000,-0.07232,0.19024,-0.10078,-0.04812,0.00000
58.90000,23.60000,-0.07311,0.17451,-0.09043,-0.04891,0.00000
59.00000,23.64000,-0.07336,0.15993,-0.07917,-0.04894,-0.00000
59.10000,23.68000,-0.07308,0.14656,-0.06698,-0.04822,0.00000
59.20000,23.72000,-0.07228,0.13447,-0.05389,-0.04676,0.00000
59.30000,23.76000,-0.07097,0.12373,-0.03993,-0.04463,-0.00000
59.40000,23.80000,-0.06916,0.11437,-0.02513,-0.04188,0.00000
59.50000,23.84000,-0.06687,0.10643,-0.00956,-0.03861,0.00000
59.60000,23.88000,-0.06414,0.09992,0.00670,-0.03493,-0.00000
59.70000,23.92000,-0.06096,0.09485,0.02354,-0.03095,0.00000
59.80000,23.96000,-0.05739,0.09121,0.04084,-0.02677,0.00000
59.90000,24.00000,-0.05343,0.08897,0.05842,-0.02252,0.00000
60.00000,24.04000,-0.04913,0.08812,0.07611,-0.01829,0.00000
60.10000,24.08000,-0.04451,0.08859,0.09370,-0.01415,-0.00000
60.20000,24.12000,-0.03959,0.09034,0.11098,-0.01018,-0.00000
60.30000,24.16000,-0.03441,0.09329,0.12772,-0.00640,0.00000
60.40000,24.20000,-0.02900,0.09737,0.14368,-0.00285,0.00000
60.50000,24.24000,-0.02339,0.10250,0.15864,0.00049,0.00000
60.60000,24.28000,-0.01760,0.10858,0.17237,0.00363,0.00000
60.70000,24.32000,-0.01167,0.11552,0.18467,0.00660,-0.00000
60.80000,24.36000,-0.00561,0.12322,0.19536,0.00945,0.00000
60.90000,24.40000,0.00053,0.13158,0.20425,0.01223,0.00000
61.00000,24.44000,0.00674,0.14051,0.21123,0.01498,0.00000
61.10000,24.48000,0.01299,0.14991,0.21619,0.01775,0.00000
61.20000,24.52000,0.01924,0.15968,0.21905,0.02058,-0.00000
61.30000,24.56000,0.02548,0.16975,0.21978,0.02347,0.00000
61.40000,24.60000,0.03166,0.18003,0.21838,0.02643,0.00000
61.50000,24.64000,0.03777,0.19046,0.21486,0.02944,0.00000
61.60000,24.68000,0.04377,0.20096,0.20930,0.03246,-0.00000
61.70000,24.72000,0.04963,0.21149,0.20177,0.03544,-0.00000
61.80000,24.76000,0.05533,0.22198,0.19241,0.03831,0.00000
61.90000,24.80000,0.06082,0.23241,0.18135,0.04098,0.00000
62.00000,24.84000,0.06607,0.24273,0.16876,0.04336,-0.00000
62.10000,24.88000,0.07105,0.25292,0.15481,0.04535,0.00000
62.20000,24.92000,0.07572,0.26294,0.13971,0.04685,-0.00000
62.30000,24.96000,0.08005,0.27278,0.12366,0.04778,0.00000
62.40000,25.00000,0.08400,0.28242,0.10689,0.04806,0.00000
62.50000,25.04000,0.08754,0.29184,0.08960,0.04763,0.00000
62.60000,25.08000,0.09063,0.30103,0.07201,0.04644,0.00000
62.70000,25.12000,0.09324,0.30998,0.05434,0.04448,0.00000
62.80000,25.16000,0.09533,0.31866,0.03678,0.04175,0.00000
62.90000,25.20000,0.09688,0.32708,0.01953,0.03827,0.00000
63.00000,25.24000,0.09786,0.33521,0.00273,0.03410,-0.00000
63.10000,25.28000,0.09824,0.34305,-0.01345,0.02930,0.00000
63.20000,25.32000,0.09800,0.35057,-0.02889,0.02397,0.00000
63.30000,25.36000,0.09712,0.35779,-0.04351,0.01821,0.00000
63.40000,25.40000,0.09560,0.36467,-0.05724,0.01212,0.00000
63.50000,25.44000,0.09342,0.37122,-0.07003,0.00582,0.00000
63.60000,25.48000,0.09057,0.37743,-0.08187,-0.00057,0.00000
63.70000,25.52000,0.08707,0.38329,-0.09277,-0.00695,-0.00000
63.80000,25.56000,0.08292,0.38880,-0.10275,-0.01322,-0.00000
63.90000,25.60000,0.07812,0.39395,-0.11185,-0.01930,0.00000
64.00000,25.64000,0.07271,0.39874,-0.12013,-0.02510,-0.00000
64.10000,25.68000,0.06671,0.40317,-0.12764,-0.03059,-0.00000
64.20000,25.72000,0.06014,0.40723,-0.13443,-0.03571,0.00000
64.30000,25.76000,0.05304,0.41093,-0.14057,-0.04044,0.00000
64.40000,25.80000,0.04546,0.41425,-0.14608,-0.04476,-0.00000
64.50000,25.84000,0.03744,0.41721,-0.15100,-0.04866,-0.00000
64.60000,25.88000,0.02903,0.41978,-0.15534,-0.05214,0.00000
64.70000,25.92000,0.02029,0.42196,-0.15909,-0.05519,-0.00000
64.80000,25.96000,0.01127,0.42374,-0.16223,-0.05779,-0.00000
64.90000,26.00000,0.00205,0.42511,-0.16472,-0.05992,0.00000
65.00000,26.04000,-0.00733,0.42605,-0.16651,-0.06154,0.00000
65.10000,26.08000,-0.01679,0.42655,-0.16755,-0.06260,0.00000
65.20000,26.12000,-0.02626,0.42658,-0.16777,-0.06303,0.00000
65.30000,26.16000,-0.03568,0.42614,-0.16710,-0.06274,0.00000
65.40000,26.20000,-0.04498,0.42520,-0.16548,-0.06163,-0.00000
65.50000,26.24000,-0.05409,0.42374,-0.16285,-0.05961,0.00000
65.60000,26.28000,-0.06294,0.42176,-0.15918,-0.05658,0.00000
65.70000,26.32000,-0.07147,0.41924,-0.15444,-0.05244,0.00000
65.80000,26.36000,-0.07961,0.41617,-0.14861,-0.04714,-0.00000
65.90000,26.40000,-0.08732,0.41255,-0.14171,-0.04061,0.00000
66.00000,26.44000,-0.09453,0.40838,-0.13376,-0.03285,0.00000
66.10000,26.48000,-0.10119,0.40368,-0.12480,-0.02391,0.00000
66.20000,26.52000,-0.10727,0.39845,-0.11489,-0.01386,0.00000
66.30000,26.56000,-0.11270,0.39274,-0.10410,-0.00284,0.00000
66.40000,26.60000,-0.11747,0.38656,-0.09252,0.00895,-0.00000
66.50000,26.64000,-0.12154,0.37995,-0.08022,0.02126,0.00000
66.60000,26.68000,-0.12488,0.37297,-0.06731,0.03381,-0.00000
66.70000,26.72000,-0.12747,0.36566,-0.05388,0.04626,-0.00000
66.80000,26.76000,-0.12931,0.35809,-0.04002,0.05828,0.00000
66.90000,26.80000,-0.13039,0.35030,-0.02583,0.06948,0.00000
67.00000,26.84000,-0.13070,0.34238,-0.01142,0.07953,-0.00000
67.10000,26.88000,-0.13025,0.33438,0.00314,0.08808,0.00000
67.20000,26.92000,-0.12905,0.32638,0.01773,0.09485,0.00000
67.30000,26.96000,-0.12711,0.31844,0.03226,0.09959,0.00000
67.40000,27.00000,-0.12446,0.31062,0.04662,0.10214,0.00000
67.50000,27.04000,-0.12111,0.30299,0.06070,0.10240,0.00000
67.60000,27.08000,-0.11711,0.29559,0.07438,0.10039,0.00000
67.70000,27.12000,-0.11247,0.28849,0.08755,0.09616,0.00000
67.80000,27.16000,-0.10723,0.28171,0.10007,0.08990,0.00000
67.90000,27.20000,-0.10144,0.27531,0.11181,0.08184,0.00000
68.00000,27.24000,-0.09512,0.26929,0.12264,0.07228,0.00000
68.10000,27.28000,-0.08834,0.26369,0.13242,0.06157,0.00000
68.20000,27.32000,-0.08112,0.25852,0.14103,0.05010,0.00000
68.30000,27.36000,-0.07352,0.25377,0.14835,0.03825,-0.00000
68.40000,27.40000,-0.06558,0.24946,0.15429,0.02640,-0.00000
68.50000,27.44000,-0.05734,0.24555,0.15875,0.01488,0.00000
68.60000,27.48000,-0.04885,0.24205,0.16169,0.00400,-0.00000
68.70000,27.52000,-0.04017,0.23894,0.16308,-0.00601,-0.00000
68.80000,27.56000,-0.03132,0.23619,0.16291,-0.01500,0.00000
68.90000,27.60000,-0.02235,0.23377,0.16122,-0.02288,0.00000
69.00000,27.64000,-0.01332,0.23168,0.15807,-0.02964,0.00000
69.10000,27.68000,-0.00425,0.22987,0.15355,-0.03535,-0.00000
69.20000,27.72000,0.00481,0.22834,0.14777,-0.04014,0.00000
69.30000,27.76000,0.01382,0.22705,0.14087,-0.04417,-0.00000
69.40000,27.80000,0.02275,0.22599,0.13300,-0.04766,-0.00000
69.50000,27.84000,0.03155,0.22515,0.12432,-0.05079,0.00000
69.60000,27.88000,0.04020,0.22451,0.11500,-0.05378,0.00000
69.70000,27.92000,0.04866,0.22406,0.10520,-0.05680,-0.00000
69.80000,27.96000,0.05689,0.22381,0.09507,-0.05996,0.00000
69.90000,28.00000,0.06488,0.22373,0.08476,-0.06334,0.00000
70.00000,28.04000,0.07258,0.22384,0.07439,-0.06694,0.00000
70.10000,28.08000,0.07997,0.22413,0.06409,-0.07071,0.00000
70.20000,28.12000,0.08702,0.22461,0.05393,-0.07452,0.00000
70.30000,28.16000,0.09371,0.22527,0.04399,-0.07819,0.00000
70.40000,28.20000,0.10001,0.22613,0.03433,-0.08149,0.00000
70.50000,28.24000,0.10590,0.22717,0.02499,-0.08419,-0.00000
70.60000,28.28000,0.11136,0.22841,0.01600,-0.08602,0.00000
70.70000,28.32000,0.11637,0.22984,0.00737,-0.08674,0.00000
70.80000,28.36000,0.12091,0.23147,-0.00088,-0.08613,0.00000
70.90000,28.40000,0.12497,0.23328,-0.00876,-0.08404,-0.00000
71.00000,28.44000,0.12854,0.23529,-0.01625,-0.08035,0.00000
71.10000,28.48000,0.13159,0.23747,-0.02335,-0.07504,0.00000
71.20000,28.52000,0.13413,0.23985,-0.03006,-0.06816,0.00000
71.30000,28.56000,0.13613,0.24239,-0.03638,-0.05984,0.00000
71.40000,28.60000,0.13761,0.24512,-0.04230,-0.05026,0.00000
71.50000,28.64000,0.13855,0.24801,-0.04784,-0.03970,0.00000
71.60000,28.68000,0.13894,0.25107,-0.05299,-0.02846,-0.00000
71.70000,28.72000,0.13878,0.25429,-0.05776,-0.01688,0.00000
71.80000,28.76000,0.13807,0.25768,-0.06217,-0.00530,0.00000
71.90000,28.80000,0.13680,0.26122,-0.06625,0.00594,-0.00000
72.00000,28.84000,0.13497,0.26491,-0.07001,0.01653,0.00000
72.10000,28.88000,0.13257,0.26876,-0.07350,0.02620,0.00000
72.20000,28.92000,0.12960,0.27275,-0.07676,0.03476,-0.00000
72.30000,28.96000,0.12606,0.27688,-0.07981,0.04207,0.00000
72.40000,29.00000,0.12193,0.28113,-0.08270,0.04807,0.00000
72.50000,29.04000,0.11722,0.28550,-0.08545,0.05276,0.00000
72.60000,29.08000,0.11192,0.28995,-0.08808,0.05622,-0.00000
72.70000,29.12000,0.10601,0.29448,-0.09060,0.05858,0.00000
72.80000,29.16000,0.09951,0.29904,-0.09300,0.06001,0.00000
72.90000,29.20000,0.09241,0.30361,-0.09524,0.06071,0.00000
73.00000,29.24000,0.08472,0.30814,-0.09728,0.06090,-0.00000
73.10000,29.28000,0.07643,0.31259,-0.09906,0.06077,-0.00000
73.20000,29.32000,0.06757,0.31691,-0.10048,0.06052,0.00000
73.30000,29.36000,0.05815,0.32105,-0.10147,0.06031,-0.00000
73.40000,29.40000,0.04819,0.32496,-0.10191,0.06024,-0.00000
73.50000,29.44000,0.03773,0.32857,-0.10170,0.06038,0.00000
73.60000,29.48000,0.02680,0.33184,-0.10074,0.06075,0.00000
73.70000,29.52000,0.01545,0.33472,-0.09895,0.06133,0.00000
73.80000,29.56000,0.00374,0.33715,-0.09625,0.06206,0.00000
73.90000,29.60000,-0.00828,0.33909,-0.09261,0.06283,0.00000
74.00000,29.64000,-0.02053,0.34052,-0.08799,0.06353,-0.00000
74.10000,29.68000,-0.03293,0.34140,-0.08242,0.06405,0.00000
74.20000,29.72000,-0.04541,0.34174,-0.07594,0.06426,0.00000
74.30000,29.76000,-0.05787,0.34152,-0.06862,0.06405,0.00000
74.40000,29.80000,-0.07021,0.34076,-0.06057,0.06335,0.00000
74.50000,29.84000,-0.08236,0.33949,-0.05191,0.06208,-0.00000
74.60000,29.88000,-0.09419,0.33775,-0.04278,0.06023,0.00000
74.70000,29.92000,-0.10562,0.33559,-0.03335,0.05779,0.00000
74.80000,29.96000,-0.11655,0.33308,-0.02376,0.05480,0.00000
74.90000,30.00000,-0.12687,0.33029,-0.01416,0.05130,0.00000
75.00000,30.04000,-0.13650,0.32730,-0.00471,0.04736,0.00000
75.10000,30.08000,-0.14535,0.32421,0.00449,0.04306,0.00000
75.20000,30.12000,-0.15334,0.32110,0.01334,0.03847,0.00000
75.30000,30.16000,-0.16038,0.31808,0.02176,0.03366,0.00000
75.40000,30.20000,-0.16641,0.31523,0.02971,0.02868,0.00000
75.50000,30.24000,-0.17137,0.31265,0.03718,0.02357,0.00000
75.60000,30.28000,-0.17521,0.31043,0.04417,0.01837,0.00000
75.70000,30.32000,-0.17789,0.30863,0.05070,0.01307,0.00000
75.80000,30.36000,-0.17938,0.30732,0.05681,0.00768,0.00000
75.90000,30.40000,-0.17966,0.30656,0.06255,0.00219,0.00000
76.00000,30.44000,-0.17871,0.30638,0.06796,-0.00341,0.00000
76.10000,30.48000,-0.17656,0.30681,0.07307,-0.00910,0.00000
76.20000,30.52000,-0.17320,0.30784,0.07791,-0.01488,0.00000
76.30000,30.56000,-0.16865,0.30949,0.08247,-0.02071,0.00000
76.40000,30.60000,-0.16297,0.31171,0.08675,-0.02652,-0.00000
76.50000,30.64000,-0.15618,0.31447,0.09071,-0.03224,0.00000
76.60000,30.68000,-0.14836,0.31772,0.09428,-0.03774,-0.00000
76.70000,30.72000,-0.13955,0.32140,0.09740,-0.04291,0.00000
76.80000,30.76000,-0.12983,0.32543,0.09997,-0.04762,0.00000
76.90000,30.80000,-0.11929,0.32973,0.10189,-0.05172,0.00000
77.00000,30.84000,-0.10801,0.33422,0.10308,-0.05509,0.00000
77.10000,30.88000,-0.09610,0.33879,0.10344,-0.05763,-0.00000
77.20000,30.92000,-0.08364,0.34336,0.10290,-0.05927,0.00000
77.30000,30.96000,-0.07074,0.34783,0.10140,-0.05998,0.00000
77.40000,31.00000,-0.05752,0.35211,0.09892,-0.05979,0.00000
77.50000,31.04000,-0.04408,0.35611,0.09544,-0.05879,0.00000
77.60000,31.08000,-0.03053,0.35974,0.09101,-0.05709,-0.00000
77.70000,31.12000,-0.01698,0.36293,0.08567,-0.05489,0.00000
77.80000,31.16000,-0.00354,0.36560,0.07952,-0.05241,0.00000
77.90000,31.20000,0.00968,0.36769,0.07266,-0.04990,-0.00000
78.00000,31.24000,0.02259,0.36915,0.06521,-0.04764,0.00000
78.10000,31.28000,0.03508,0.36994,0.05731,-0.04588,0.00000
78.20000,31.32000,0.04707,0.37002,0.04911,-0.04488,0.00000
78.30000,31.36000,0.05847,0.36936,0.04073,-0.04484,0.00000
78.40000,31.40000,0.06921,0.36795,0.03231,-0.04590,0.00000
78.50000,31.44000,0.07921,0.36579,0.02396,-0.04815,0.00000
78.60000,31.48000,0.08842,0.36287,0.01577,-0.05159,0.00000
78.70000,31.52000,0.09678,0.35922,0.00781,-0.05613,-0.00000
78.80000,31.56000,0.10424,0.35485,0.00013,-0.06160,-0.00000
78.90000,31.60000,0.11078,0.34979,-0.00724,-0.06777,0.00000
79.00000,31.64000,0.11635,0.34408,-0.01428,-0.07432,0.00000
79.10000,31.68000,0.12096,0.33778,-0.02102,-0.08088,0.00000
79.20000,31.72000,0.12458,0.33093,-0.02746,-0.08708,0.00000
79.30000,31.76000,0.12721,0.32359,-0.03363,-0.09249,-0.00000
79.40000,31.80000,0.12886,0.31583,-0.03954,-0.09672,0.00000
79.50000,31.84000,0.12954,0.30772,-0.04522,-0.09941,0.00000
79.60000,31.88000,0.12928,0.29934,-0.05065,-0.10025,0.00000
79.70000,31.92000,0.12811,0.29076,-0.05585,-0.09900,-0.00000
79.80000,31.96000,0.12606,0.28206,-0.06078,-0.09550,0.00000
79.90000,32.00000,0.12318,0.27333,-0.06540,-0.08968,0.00000
80.00000,32.04000,0.11952,0.26465,-0.06968,-0.08157,0.00000
80.10000,32.08000,0.11514,0.25611,-0.07354,-0.07127,-0.00000
80.20000,32.12000,0.11009,0.24777,-0.07691,-0.05898,-0.00000
80.30000,32.16000,0.10445,0.23973,-0.07973,-0.04498,0.00000
80.40000,32.20000,0.09829,0.23206,-0.08193,-0.02958,0.00000
80.50000,32.24000,0.09168,0.22483,-0.08346,-0.01315,0.00000
80.60000,32.28000,0.08470,0.21811,-0.08425,0.00393,0.00000
80.70000,32.32000,0.07743,0.21197,-0.08429,0.02127,0.00000
80.80000,32.36000,0.06995,0.20646,-0.08355,0.03850,0.00000
80.90000,32.40000,0.06234,0.20164,-0.08206,0.05526,0.00000
81.00000,32.44000,0.05468,0.19757,-0.07983,0.07124,0.00000
81.10000,32.48000,0.04705,0.19426,-0.07692,0.08620,0.00000
81.20000,32.52000,0.03952,0.19178,-0.07338,0.09990,0.00000
81.30000,32.56000,0.03217,0.19014,-0.06931,0.11219,0.00000
81.40000,32.60000,0.02504,0.18937,-0.06477,0.12295,0.00000
81.50000,32.64000,0.01822,0.18948,-0.05986,0.13211,0.00000
81.60000,32.68000,0.01174,0.19048,-0.05467,0.13963,0.00000
81.70000,32.72000,0.00567,0.19238,-0.04927,0.14550,0.00000
81.80000,32.76000,0.00002,0.19515,-0.04373,0.14972,-0.00000
81.90000,32.80000,-0.00516,0.19879,-0.03811,0.15233,0.00000
82.00000,32.84000,-0.00985,0.20327,-0.03245,0.15335,0.00000
82.10000,32.88000,-0.01403,0.20856,-0.02677,0.15281,0.00000
82.20000,32.92000,-0.01769,0.21461,-0.02109,0.15076,0.00000
82.30000,32.96000,-0.02084,0.22137,-0.01540,0.14722,0.00000
82.40000,33.00000,-0.02348,0.22878,-0.00970,0.14225,-0.00000
82.50000,33.04000,-0.02561,0.23677,-0.00398,0.13590,-0.00000
82.60000,33.08000,-0.02726,0.24526,0.00179,0.12823,0.00000
82.70000,33.12000,-0.02845,0.25418,0.00761,0.11932,0.00000
82.80000,33.16000,-0.02920,0.26342,0.01349,0.10928,0.00000
82.90000,33.20000,-0.02954,0.27291,0.01940,0.09824,0.00000
83.00000,33.24000,-0.02951,0.28254,0.02534,0.08636,0.00000
83.10000,33.28000,-0.02915,0.29221,0.03126,0.07380,0.00000
83.20000,33.32000,-0.02848,0.30184,0.03710,0.06078,0.00000
83.30000,33.36000,-0.02756,0.31132,0.04279,0.04753,0.00000
83.40000,33.40000,-0.02641,0.32057,0.04824,0.03426,0.00000
83.50000,33.44000,-0.02509,0.32949,0.05336,0.02122,0.00000
83.60000,33.48000,-0.02363,0.33802,0.05805,0.00865,0.00000
83.70000,33.52000,-0.02207,0.34607,0.06220,-0.00326,0.00000
83.80000,33.56000,-0.02045,0.35359,0.06572,-0.01430,0.00000
83.90000,33.60000,-0.01881,0.36051,0.06850,-0.02432,-0.00000
84.00000,33.64000,-0.01719,0.36680,0.07049,-0.03321,-0.00000
84.10000,33.68000,-0.01562,0.37241,0.07162,-0.04089,0.00000
84.20000,33.72000,-0.01414,0.37731,0.07185,-0.04733,0.00000
84.30000,33.76000,-0.01278,0.38150,0.07117,-0.05255,0.00000
84.40000,33.80000,-0.01157,0.38494,0.06960,-0.05661,0.00000
84.50000,33.84000,-0.01054,0.38765,0.06717,-0.05959,0.00000
84.60000,33.88000,-0.00972,0.38962,0.06393,-0.06163,0.00000
84.70000,33.92000,-0.00912,0.39085,0.05998,-0.06286,-0.00000
84.80000,33.96000,-0.00878,0.39137,0.05539,-0.06343,0.00000
84.90000,34.00000,-0.00871,0.39119,0.05029,-0.06350,0.00000
85.00000,34.04000,-0.00891,0.39033,0.04480,-0.06320,0.00000
85.10000,34.08000,-0.00941,0.38881,0.03902,-0.06266,0.00000
85.20000,34.12000,-0.01020,0.38667,0.03308,-0.06199,0.00000
85.30000,34.16000,-0.01129,0.38393,0.02709,-0.06128,0.00000
85.40000,34.20000,-0.01266,0.38063,0.02115,-0.06057,0.00000
85.50000,34.24000,-0.01432,0.37680,0.01536,-0.05990,0.00000
85.60000,34.28000,-0.01625,0.37248,0.00977,-0.05928,0.00000
85.70000,34.32000,-0.01842,0.36772,0.00446,-0.05870,0.00000
85.80000,34.36000,-0.02081,0.36256,-0.00056,-0.05812,0.00000
85.90000,34.40000,-0.02339,0.35705,-0.00525,-0.05750,-0.00000
86.00000,34.44000,-0.02612,0.35124,-0.00962,-0.05682,0.00000
86.10000,34.48000,-0.02897,0.34518,-0.01368,-0.05602,0.00000
86.20000,34.52000,-0.03188,0.33893,-0.01746,-0.05506,0.00000
86.30000,34.56000,-0.03481,0.33254,-0.02098,-0.05393,0.00000
86.40000,34.60000,-0.03772,0.32606,-0.02429,-0.05259,-0.00000
86.50000,34.64000,-0.04056,0.31956,-0.02742,-0.05105,0.00000
86.60000,34.68000,-0.04327,0.31309,-0.03041,-0.04931,-0.00000
86.70000,34.72000,-0.04581,0.30669,-0.03327,-0.04737,0.00000
86.80000,34.76000,-0.04813,0.30043,-0.03604,-0.04527,0.00000
86.90000,34.80000,-0.05019,0.29434,-0.03872,-0.04302,0.00000
87.00000,34.84000,-0.05195,0.28847,-0.04129,-0.04065,0.00000
87.10000,34.88000,-0.05337,0.28286,-0.04373,-0.03820,-0.00000
87.20000,34.92000,-0.05442,0.27754,-0.04600,-0.03569,-0.00000
87.30000,34.96000,-0.05509,0.27254,-0.04806,-0.03316,-0.00000
87.40000,35.00000,-0.05535,0.26789,-0.04983,-0.03062,0.00000
87.50000,35.04000,-0.05519,0.26361,-0.05124,-0.02811,-0.00000
87.60000,35.08000,-0.05461,0.25971,-0.05220,-0.02565,-0.00000
87.70000,35.12000,-0.05361,0.25620,-0.05264,-0.02327,0.00000
87.80000,35.16000,-0.05219,0.25310,-0.05247,-0.02097,0.00000
87.90000,35.20000,-0.05037,0.25040,-0.05162,-0.01880,-0.00000
88.00000,35.24000,-0.04816,0.24812,-0.05002,-0.01677,0.00000
88.10000,35.28000,-0.04559,0.24625,-0.04762,-0.01491,0.00000
88.20000,35.32000,-0.04267,0.24479,-0.04439,-0.01324,0.00000
88.30000,35.36000,-0.03943,0.24374,-0.04033,-0.01178,-0.00000
88.40000,35.40000,-0.03591,0.24309,-0.03545,-0.01054,0.00000
88.50000,35.44000,-0.03212,0.24283,-0.02980,-0.00952,0.00000
88.60000,35.48000,-0.02810,0.24296,-0.02345,-0.00872,0.00000
88.70000,35.52000,-0.02388,0.24346,-0.01650,-0.00809,0.00000
88.80000,35.56000,-0.01949,0.24432,-0.00906,-0.00760,0.00000
88.90000,35.60000,-0.01496,0.24552,-0.00128,-0.00718,0.00000
89.00000,35.64000,-0.01030,0.24706,0.00668,-0.00676,0.00000
89.10000,35.68000,-0.00556,0.24889,0.01467,-0.00622,0.00000
89.20000,35.72000,-0.00076,0.25100,0.02251,-0.00547,0.00000
89.30000,35.76000,0.00409,0.25337,0.03003,-0.00437,0.00000
89.40000,35.80000,0.00895,0.25596,0.03707,-0.00283,0.00000
89.50000,35.84000,0.01380,0.25875,0.04347,-0.00071,0.00000
89.60000,35.88000,0.01863,0.26169,0.04912,0.00207,-0.00000
89.70000,35.92000,0.02342,0.26477,0.05389,0.00558,0.00000
89.80000,35.96000,0.02814,0.26794,0.05771,0.00985,0.00000
89.90000,36.00000,0.03277,0.27118,0.06051,0.01490,0.00000
90.00000,36.04000,0.03730,0.27444,0.06229,0.02066,-0.00000
90.10000,36.08000,0.04172,0.27771,0.06304,0.02706,0.00000
90.20000,36.12000,0.04599,0.28096,0.06280,0.03396,-0.00000
90.30000,36.16000,0.05012,0.28415,0.06162,0.04118,0.00000
90.40000,36.20000,0.05408,0.28728,0.05958,0.04852,-0.00000
90.50000,36.24000,0.05785,0.29031,0.05678,0.05573,0.00000
90.60000,36.28000,0.06142,0.29324,0.05333,0.06258,0.00000
90.70000,36.32000,0.06478,0.29605,0.04934,0.06881,0.00000
90.80000,36.36000,0.06790,0.29874,0.04493,0.07418,-0.00000
90.90000,36.40000,0.07076,0.30129,0.04020,0.07848,0.00000
91.00000,36.44000,0.07336,0.30371,0.03527,0.08153,0.00000
91.10000,36.48000,0.07567,0.30599,0.03023,0.08319,0.00000
91.20000,36.52000,0.07767,0.30814,0.02515,0.08338,0.00000
91.30000,36.56000,0.07934,0.31015,0.02010,0.08209,0.00000
91.40000,36.60000,0.08066,0.31203,0.01513,0.07936,0.00000
91.50000,36.64000,0.08161,0.31378,0.01026,0.07527,0.00000
91.60000,36.68000,0.08217,0.31540,0.00552,0.06998,-0.00000
91.70000,36.72000,0.08232,0.31691,0.00090,0.06369,0.00000
91.80000,36.76000,0.08205,0.31830,-0.00361,0.05661,0.00000
91.90000,36.80000,0.08132,0.31959,-0.00801,0.04899,0.00000
92.00000,36.84000,0.08013,0.32078,-0.01232,0.04109,-0.00000
92.10000,36.88000,0.07846,0.32189,-0.01656,0.03316,0.00000
92.20000,36.92000,0.07631,0.32292,-0.02075,0.02544,-0.00000
92.30000,36.96000,0.07367,0.32389,-0.02488,0.01812,0.00000
92.40000,37.00000,0.07053,0.32482,-0.02895,0.01140,0.00000
92.50000,37.04000,0.06691,0.32570,-0.03296,0.00538,0.00000
92.60000,37.08000,0.06281,0.32657,-0.03688,0.00018,0.00000
92.70000,37.12000,0.05825,0.32743,-0.04067,-0.00417,-0.00000
92.80000,37.16000,0.05326,0.32831,-0.04427,-0.00767,0.00000
92.90000,37.20000,0.04785,0.32921,-0.04765,-0.01033,0.00000
93.00000,37.24000,0.04207,0.33015,-0.05072,-0.01223,0.00000
93.10000,37.28000,0.03595,0.33114,-0.05343,-0.01344,0.00000
93.20000,37.32000,0.02954,0.33218,-0.05570,-0.01407,0.00000
93.30000,37.36000,0.02289,0.33328,-0.05747,-0.01423,0.00000
93.40000,37.40000,0.01606,0.33444,-0.05867,-0.01402,0.00000
93.50000,37.44000,0.00909,0.33566,-0.05926,-0.01355,0.00000
93.60000,37.48000,0.00204,0.33692,-0.05918,-0.01294,0.00000
93.70000,37.52000,-0.00502,0.33821,-0.05843,-0.01227,0.00000
93.80000,37.56000,-0.01204,0.33951,-0.05699,-0.01162,0.00000
93.90000,37.60000,-0.01896,0.34080,-0.05487,-0.01109,0.00000
94.00000,37.64000,-0.02573,0.34205,-0.05211,-0.01074,0.00000
94.10000,37.68000,-0.03228,0.34323,-0.04876,-0.01064,-0.00000
94.20000,37.72000,-0.03857,0.34430,-0.04489,-0.01085,-0.00000
94.30000,37.76000,-0.04454,0.34524,-0.04057,-0.01144,0.00000
94.40000,37.80000,-0.05017,0.34599,-0.03592,-0.01244,0.00000
94.50000,37.84000,-0.05541,0.34653,-0.03103,-0.01392,-0.00000
94.60000,37.88000,-0.06022,0.34681,-0.02602,-0.01592,-0.00000
94.70000,37.92000,-0.06459,0.34681,-0.02101,-0.01846,0.00000
94.80000,37.96000,-0.06848,0.34649,-0.01609,-0.02157,-0.00000
94.90000,38.00000,-0.07188,0.34581,-0.01138,-0.02525,0.00000
95.00000,38.04000,-0.07479,0.34476,-0.00695,-0.02945,0.00000
95.10000,38.08000,-0.07718,0.34331,-0.00288,-0.03411,0.00000
95.20000,38.12000,-0.07907,0.34144,0.00078,-0.03916,0.00000
95.30000,38.16000,-0.08046,0.33914,0.00401,-0.04445,0.00000
95.40000,38.20000,-0.08136,0.33640,0.00679,-0.04984,0.00000
95.50000,38.24000,-0.08177,0.33323,0.00914,-0.05513,0.00000
95.60000,38.28000,-0.08173,0.32962,0.01111,-0.06010,0.00000
95.70000,38.32000,-0.08124,0.32558,0.01273,-0.06454,0.00000
95.80000,38.36000,-0.08034,0.32114,0.01409,-0.06821,0.00000
95.90000,38.40000,-0.07905,0.31630,0.01526,-0.07089,-0.00000
96.00000,38.44000,-0.07739,0.31112,0.01634,-0.07236,0.00000
96.10000,38.48000,-0.07541,0.30561,0.01739,-0.07247,0.00000
96.20000,38.52000,-0.07312,0.29981,0.01851,-0.07107,0.00000
96.30000,38.56000,-0.07055,0.29378,0.01977,-0.06811,0.00000
96.40000,38.60000,-0.06775,0.28757,0.02122,-0.06355,0.00000
96.50000,38.64000,-0.06473,0.28122,0.02291,-0.05746,0.00000
96.60000,38.68000,-0.06152,0.27481,0.02484,-0.04994,-0.00000
96.70000,38.72000,-0.05814,0.26839,0.02702,-0.04118,-0.00000
96.80000,38.76000,-0.05463,0.26203,0.02942,-0.03141,-0.00000
96.90000,38.80000,-0.05099,0.25581,0.03200,-0.02090,0.00000
97.00000,38.84000,-0.04724,0.24977,0.03470,-0.00996,0.00000
97.10000,38.88000,-0.04341,0.24401,0.03744,0.00108,0.00000
97.20000,38.92000,-0.03950,0.23857,0.04015,0.01192,-0.00000
97.30000,38.96000,-0.03552,0.23352,0.04274,0.02223,0.00000
97.40000,39.00000,-0.03148,0.22892,0.04513,0.03176,0.00000
97.50000,39.04000,-0.02740,0.22482,0.04723,0.04026,-0.00000
97.60000,39.08000,-0.02328,0.22127,0.04898,0.04756,0.00000
97.70000,39.12000,-0.01912,0.21829,0.05034,0.05354,0.00000
97.80000,39.16000,-0.01494,0.21593,0.05126,0.05815,0.00000
97.90000,39.20000,-0.01074,0.21419,0.05172,0.06138,0.00000
98.00000,39.24000,-0.00654,0.21308,0.05174,0.06329,0.00000
98.10000,39.28000,-0.00234,0.21261,0.05132,0.06397,-0.00000
98.20000,39.32000,0.00185,0.21276,0.05050,0.06357,-0.00000
98.30000,39.36000,0.00601,0.21351,0.04932,0.06222,0.00000
98.40000,39.40000,0.01013,0.21483,0.04784,0.06010,-0.00000
98.50000,39.44000,0.01420,0.21668,0.04610,0.05735,0.00000
98.60000,39.48000,0.01819,0.21902,0.04416,0.05412,-0.00000
98.70000,39.52000,0.02210,0.22179,0.04207,0.05051,0.00000
98.80000,39.56000,0.02590,0.22495,0.03986,0.04660,0.00000
98.90000,39.60000,0.02957,0.22842,0.03756,0.04244,-0.00000
99.00000,39.64000,0.03312,0.23215,0.03519,0.03805,0.00000
99.10000,39.68000,0.03651,0.23608,0.03275,0.03341,0.00000
99.20000,39.72000,0.03973,0.24016,0.03023,0.02849,0.00000
99.30000,39.76000,0.04277,0.24432,0.02762,0.02324,0.00000
99.40000,39.80000,0.04562,0.24853,0.02489,0.01763,0.00000
99.50000,39.84000,0.04827,0.25273,0.02201,0.01161,0.00000
99.60000,39.88000,0.05070,0.25690,0.01896,0.00518,0.00000
99.70000,39.92000,0.05291,0.26101,0.01573,-0.00164,0.00000
99.80000,39.96000,0.05488,0.26504,0.01229,-0.00879,0.00000
99.90000,40.00000,0.05662,0.26899,0.00865,-0.01617,0.00000
100.00000,40.04000,0.05810,0.27287,0.00482,-0.02363,0.00000
100.10000,40.08000,0.05933,0.27668,0.00083,-0.03099,0.00000
100.20000,40.12000,0.06030,0.28046,-0.00330,-0.03803,0.00000
100.30000,40.16000,0.06100,0.28425,-0.00750,-0.04453,0.00000
100.40000,40.20000,0.06142,0.28807,-0.01174,-0.05023,0.00000
100.50000,40.24000,0.06157,0.29199,-0.01594,-0.05488,0.00000
100.60000,40.28000,0.06143,0.29604,-0.02004,-0.05828,-0.00000
100.70000,40.32000,0.06100,0.30030,-0.02398,-0.06023,0.00000
100.80000,40.36000,0.06029,0.30481,-0.02773,-0.06059,0.00000
100.90000,40.40000,0.05929,0.30962,-0.03122,-0.05926,0.00000
101.00000,40.44000,0.05801,0.31480,-0.03444,-0.05624,-0.00000
101.10000,40.48000,0.05646,0.32036,-0.03738,-0.05156,0.00000
101.20000,40.52000,0.05463,0.32636,-0.04003,-0.04534,0.00000
101.30000,40.56000,0.05255,0.33281,-0.04240,-0.03776,0.00000
101.40000,40.60000,0.05023,0.33972,-0.04452,-0.02904,-0.00000
101.50000,40.64000,0.04768,0.34708,-0.04642,-0.01947,0.00000
101.60000,40.68000,0.04493,0.35487,-0.04814,-0.00935,0.00000
101.70000,40.72000,0.04199,0.36307,-0.04971,0.00098,0.00000
101.80000,40.76000,0.03890,0.37160,-0.05115,0.01119,0.00000
101.90000,40.80000,0.03568,0.38042,-0.05249,0.02097,0.00000
102.00000,40.84000,0.03236,0.38942,-0.05373,0.03002,-0.00000
102.10000,40.88000,0.02895,0.39853,-0.05485,0.03809,-0.00000
102.20000,40.92000,0.02550,0.40762,-0.05585,0.04498,0.00000
102.30000,40.96000,0.02201,0.41658,-0.05666,0.05052,0.00000
102.40000,41.00000,0.01853,0.42528,-0.05725,0.05465,-0.00000
102.50000,41.04000,0.01506,0.43360,-0.05754,0.05732,-0.00000
102.60000,41.08000,0.01162,0.44140,-0.05747,0.05856,0.00000
102.70000,41.12000,0.00823,0.44855,-0.05698,0.05845,0.00000
102.80000,41.16000,0.00491,0.45491,-0.05600,0.05710,0.00000
102.90000,41.20000,0.00165,0.46036,-0.05449,0.05468,0.00000
103.00000,41.24000,-0.00153,0.46479,-0.05242,0.05136,0.00000
103.10000,41.28000,-0.00463,0.46808,-0.04978,0.04733,0.00000
103.20000,41.32000,-0.00765,0.47013,-0.04659,0.04280,0.00000
103.30000,41.36000,-0.01060,0.47088,-0.04290,0.03795,-0.00000
103.40000,41.40000,-0.01347,0.47024,-0.03878,0.03296,-0.00000
103.50000,41.44000,-0.01627,0.46816,-0.03432,0.02800,-0.00000
103.60000,41.48000,-0.01899,0.46462,-0.02964,0.02318,-0.00000
103.70000,41.52000,-0.02165,0.45959,-0.02487,0.01861,-0.00000
103.80000,41.56000,-0.02425,0.45306,-0.02015,0.01438,0.00000
103.90000,41.60000,-0.02679,0.44507,-0.01561,0.01051,0.00000
104.00000,41.64000,-0.02926,0.43564,-0.01138,0.00704,0.00000
104.10000,41.68000,-0.03166,0.42482,-0.00758,0.00395,0.00000
104.20000,41.72000,-0.03399,0.41268,-0.00430,0.00122,0.00000
104.30000,41.76000,-0.03625,0.39931,-0.00162,-0.00120,0.00000
104.40000,41.80000,-0.03842,0.38479,0.00043,-0.00337,0.00000
104.50000,41.84000,-0.04049,0.36924,0.00185,-0.00535,0.00000
104.60000,41.88000,-0.04246,0.35279,0.00265,-0.00720,-0.00000
104.70000,41.92000,-0.04431,0.33556,0.00289,-0.00900,-0.00000
104.80000,41.96000,-0.04602,0.31769,0.00264,-0.01081,0.00000
104.90000,42.00000,-0.04758,0.29933,0.00201,-0.01269,0.00000
105.00000,42.04000,-0.04898,0.28064,0.00111,-0.01467,0.00000
105.10000,42.08000,-0.05021,0.26176,0.00006,-0.01679,-0.00000
105.20000,42.12000,-0.05124,0.24286,-0.00103,-0.01908,0.00000
105.30000,42.16000,-0.05206,0.22409,-0.00204,-0.02152,0.00000
105.40000,42.20000,-0.05267,0.20560,-0.00286,-0.02412,0.00000
105.50000,42.24000,-0.05305,0.18755,-0.00341,-0.02683,-0.00000
105.60000,42.28000,-0.05318,0.17008,-0.00361,-0.02961,-0.00000
105.70000,42.32000,-0.05306,0.15334,-0.00342,-0.03241,-0.00000
105.80000,42.36000,-0.05269,0.13744,-0.00281,-0.03515,0.00000
105.90000,42.40000,-0.05205,0.12252,-0.00175,-0.03776,0.00000
106.00000,42.44000,-0.05113,0.10869,-0.00025,-0.04014,0.00000
106.10000,42.48000,-0.04994,0.09605,0.00168,-0.04222,0.00000
106.20000,42.52000,-0.04847,0.08471,0.00403,-0.04390,-0.00000
106.30000,42.56000,-0.04672,0.07474,0.00678,-0.04510,0.00000
106.40000,42.60000,-0.04469,0.06623,0.00991,-0.04577,0.00000
106.50000,42.64000,-0.04238,0.05923,0.01341,-0.04584,0.00000
106.60000,42.68000,-0.03979,0.05382,0.01728,-0.04527,0.00000
106.70000,42.72000,-0.03694,0.05003,0.02150,-0.04405,-0.00000
106.80000,42.76000,-0.03382,0.04791,0.02608,-0.04219,-0.00000
106.90000,42.80000,-0.03045,0.04749,0.03103,-0.03971,0.00000
107.00000,42.84000,-0.02683,0.04878,0.03635,-0.03666,0.00000
107.10000,42.88000,-0.02298,0.05180,0.04203,-0.03311,0.00000
107.20000,42.92000,-0.01891,0.05654,0.04808,-0.02915,-0.00000
107.30000,42.96000,-0.01464,0.06300,0.05445,-0.02487,0.00000
107.40000,43.00000,-0.01019,0.07115,0.06111,-0.02037,0.00000
107.50000,43.04000,-0.00558,0.08095,0.06801,-0.01577,0.00000
107.60000,43.08000,-0.00083,0.09236,0.07504,-0.01117,0.00000
107.70000,43.12000,0.00403,0.10530,0.08212,-0.00665,0.00000
107.80000,43.16000,0.00897,0.11970,0.08911,-0.00231,0.00000
107.90000,43.20000,0.01397,0.13546,0.09588,0.00181,0.00000
108.00000,43.24000,0.01898,0.15248,0.10226,0.00564,0.00000
108.10000,43.28000,0.02397,0.17064,0.10809,0.00919,0.00000
108.20000,43.32000,0.02891,0.18979,0.11321,0.01244,0.00000
108.30000,43.36000,0.03376,0.20978,0.11746,0.01541,0.00000
108.40000,43.40000,0.03847,0.23046,0.12069,0.01814,-0.00000
108.50000,43.44000,0.04301,0.25166,0.12278,0.02067,-0.00000
108.60000,43.48000,0.04733,0.27320,0.12362,0.02305,0.00000
108.70000,43.52000,0.05139,0.29490,0.12316,0.02533,-0.00000
108.80000,43.56000,0.05515,0.31658,0.12133,0.02756,0.00000
108.90000,43.60000,0.05857,0.33805,0.11813,0.02978,0.00000
109.00000,43.64000,0.06162,0.35914,0.11359,0.03199,0.00000
109.10000,43.68000,0.06425,0.37967,0.10775,0.03421,0.00000
109.20000,43.72000,0.06644,0.39948,0.10069,0.03641,0.00000
109.30000,43.76000,0.06816,0.41841,0.09250,0.03855,-0.00000
109.40000,43.80000,0.06938,0.43632,0.08329,0.04058,0.00000
109.50000,43.84000,0.07009,0.45308,0.07317,0.04242,0.00000
109.60000,43.88000,0.07027,0.46857,0.06225,0.04398,-0.00000
109.70000,43.92000,0.06991,0.48270,0.05066,0.04518,0.00000
109.80000,43.96000,0.06902,0.49537,0.03849,0.04593,0.00000
109.90000,44.00000,0.06759,0.50651,0.02585,0.04613,0.00000
110.00000,44.04000,0.06563,0.51608,0.01281,0.04573,-0.00000
110.10000,44.08000,0.06316,0.52403,-0.00055,0.04466,0.00000
110.20000,44.12000,0.06019,0.53034,-0.01417,0.04291,0.00000
110.30000,44.16000,0.05676,0.53499,-0.02801,0.04046,0.00000
110.40000,44.20000,0.05289,0.53800,-0.04199,0.03735,-0.00000
110.50000,44.24000,0.04862,0.53938,-0.05608,0.03361,0.00000
110.60000,44.28000,0.04397,0.53916,-0.07022,0.02934,0.00000
110.70000,44.32000,0.03899,0.53737,-0.08434,0.02462,-0.00000
110.80000,44.36000,0.03372,0.53408,-0.09836,0.01957,0.00000
110.90000,44.40000,0.02820,0.52935,-0.11219,0.01432,-0.00000
111.00000,44.44000,0.02248,0.52324,-0.12570,0.00899,0.00000
111.10000,44.48000,0.01659,0.51585,-0.13877,0.00370,0.00000
111.20000,44.52000,0.01058,0.50727,-0.15125,-0.00143,-0.00000
111.30000,44.56000,0.00448,0.49759,-0.16297,-0.00629,0.00000
111.40000,44.60000,-0.00165,0.48693,-0.17376,-0.01081,-0.00000
111.50000,44.64000,-0.00778,0.47539,-0.18345,-0.01493,0.00000
111.60000,44.68000,-0.01388,0.46310,-0.19184,-0.01860,0.00000
111.70000,44.72000,-0.01990,0.45017,-0.19876,-0.02183,-0.00000
111.80000,44.76000,-0.02583,0.43674,-0.20406,-0.02461,0.00000
111.90000,44.80000,-0.03162,0.42292,-0.20759,-0.02698,0.00000
112.00000,44.84000,-0.03724,0.40883,-0.20923,-0.02898,0.00000
112.10000,44.88000,-0.04268,0.39459,-0.20889,-0.03068,0.00000
112.20000,44.92000,-0.04790,0.38031,-0.20650,-0.03212,-0.00000
112.30000,44.96000,-0.05288,0.36611,-0.20205,-0.03337,0.00000
112.40000,45.00000,-0.05760,0.35207,-0.19554,-0.03448,-0.00000
112.50000,45.04000,-0.06203,0.33829,-0.18701,-0.03550,-0.00000
112.60000,45.08000,-0.06616,0.32485,-0.17655,-0.03645,0.00000
112.70000,45.12000,-0.06996,0.31181,-0.16428,-0.03734,0.00000
112.80000,45.16000,-0.07341,0.29923,-0.15032,-0.03816,0.00000
112.90000,45.20000,-0.07649,0.28716,-0.13485,-0.03889,0.00000
113.00000,45.24000,-0.07919,0.27563,-0.11807,-0.03949,0.00000
113.10000,45.28000,-0.08148,0.26467,-0.10018,-0.03990,0.00000
113.20000,45.32000,-0.08335,0.25430,-0.08141,-0.04004,0.00000
113.30000,45.36000,-0.08478,0.24453,-0.06199,-0.03985,0.00000
113.40000,45.40000,-0.08575,0.23537,-0.04216,-0.03926,0.00000
113.50000,45.44000,-0.08624,0.22680,-0.02216,-0.03818,0.00000
113.60000,45.48000,-0.08624,0.21883,-0.00223,-0.03657,0.00000
113.70000,45.52000,-0.08574,0.21144,0.01740,-0.03436,0.00000
113.80000,45.56000,-0.08472,0.20464,0.03652,-0.03154,0.00000
113.90000,45.60000,-0.08317,0.19839,0.05491,-0.02810,-0.00000
114.00000,45.64000,-0.08108,0.19271,0.07239,-0.02404,-0.00000
114.10000,45.68000,-0.07846,0.18756,0.08881,-0.01940,0.00000
114.20000,45.72000,-0.07529,0.18295,0.10400,-0.01425,0.00000
114.30000,45.76000,-0.07158,0.17886,0.11787,-0.00865,0.00000
114.40000,45.80000,-0.06733,0.17529,0.13032,-0.00272,-0.00000
114.50000,45.84000,-0.06256,0.17222,0.14129,0.00344,0.00000
114.60000,45.88000,-0.05727,0.16965,0.15076,0.00971,0.00000
114.70000,45.92000,-0.05149,0.16757,0.15872,0.01596,0.00000
114.80000,45.96000,-0.04523,0.16597,0.16520,0.02207,-0.00000
114.90000,46.00000,-0.03854,0.16484,0.17026,0.02792,0.00000
115.00000,46.04000,-0.03143,0.16417,0.17395,0.03339,0.00000
115.10000,46.08000,-0.02395,0.16396,0.17638,0.03840,0.00000
115.20000,46.12000,-0.01613,0.16418,0.17763,0.04286,0.00000
115.30000,46.16000,-0.00803,0.16483,0.17782,0.04672,0.00000
115.40000,46.20000,0.00030,0.16590,0.17705,0.04993,0.00000
115.50000,46.24000,0.00882,0.16738,0.17543,0.05248,0.00000
115.60000,46.28000,0.01746,0.16925,0.17304,0.05435,-0.00000
115.70000,46.32000,0.02617,0.17150,0.16998,0.05556,0.00000
115.80000,46.36000,0.03488,0.17412,0.16631,0.05613,0.00000
115.90000,46.40000,0.04352,0.17711,0.16207,0.05607,0.00000
116.00000,46.44000,0.05205,0.18046,0.15729,0.05543,0.00000
116.10000,46.48000,0.06038,0.18416,0.15199,0.05422,0.00000
116.20000,46.52000,0.06846,0.18821,0.14616,0.05247,0.00000
116.30000,46.56000,0.07622,0.19261,0.13978,0.05017,0.00000
116.40000,46.60000,0.08360,0.19735,0.13283,0.04734,-0.00000
116.50000,46.64000,0.09055,0.20244,0.12527,0.04395,0.00000
116.60000,46.68000,0.09700,0.20787,0.11707,0.03999,0.00000
116.70000,46.72000,0.10290,0.21364,0.10821,0.03542,0.00000
116.80000,46.76000,0.10821,0.21975,0.09865,0.03020,0.00000
116.90000,46.80000,0.11287,0.22619,0.08841,0.02430,0.00000
117.00000,46.84000,0.11686,0.23295,0.07749,0.01770,0.00000
117.10000,46.88000,0.12013,0.24002,0.06591,0.01039,0.00000
117.20000,46.92000,0.12266,0.24738,0.05372,0.00238,-0.00000
117.30000,46.96000,0.12443,0.25501,0.04099,-0.00628,0.00000
117.40000,47.00000,0.12541,0.26287,0.02780,-0.01551,-0.00000
117.50000,47.04000,0.12561,0.27093,0.01425,-0.02519,0.00000
117.60000,47.08000,0.12502,0.27915,0.00043,-0.03517,0.00000
117.70000,47.12000,0.12363,0.28748,-0.01354,-0.04524,0.00000
117.80000,47.16000,0.12146,0.29588,-0.02753,-0.05516,0.00000
117.90000,47.20000,0.11853,0.30427,-0.04144,-0.06467,0.00000
118.00000,47.24000,0.11486,0.31261,-0.05514,-0.07347,0.00000
118.10000,47.28000,0.11046,0.32084,-0.06852,-0.08128,0.00000
118.20000,47.32000,0.10538,0.32888,-0.08147,-0.08779,0.00000
118.30000,47.36000,0.09966,0.33669,-0.09390,-0.09274,0.00000
118.40000,47.40000,0.09332,0.34418,-0.10571,-0.09588,0.00000
118.50000,47.44000,0.08642,0.35132,-0.11682,-0.09702,0.00000
118.60000,47.48000,0.07901,0.35804,-0.12713,-0.09602,-0.00000
118.70000,47.52000,0.07114,0.36429,-0.13658,-0.09284,0.00000
118.80000,47.56000,0.06286,0.37004,-0.14509,-0.08749,0.00000
118.90000,47.60000,0.05422,0.37525,-0.15259,-0.08006,-0.00000
119.00000,47.64000,0.04529,0.37989,-0.15900,-0.07073,0.00000
119.10000,47.68000,0.03612,0.38395,-0.16426,-0.05977,0.00000
119.20000,47.72000,0.02677,0.38741,-0.16829,-0.04748,0.00000
119.30000,47.76000,0.01730,0.39028,-0.17102,-0.03423,0.00000
119.40000,47.80000,0.00776,0.39256,-0.17241,-0.02042,0.00000
119.50000,47.84000,-0.00179,0.39427,-0.17240,-0.00647,0.00000
119.60000,47.88000,-0.01130,0.39543,-0.17095,0.00721,0.00000
119.70000,47.92000,-0.02071,0.39607,-0.16805,0.02025,0.00000
119.80000,47.96000,-0.02998,0.39622,-0.16370,0.03229,0.00000
119.90000,48.00000,-0.03906,0.39593,-0.15791,0.04307,0.00000
120.00000,48.04000,-0.04791,0.39522,-0.15074,0.05237,0.00000
120.10000,48.08000,-0.05648,0.39415,-0.14227,0.06008,-0.00000
120.20000,48.12000,-0.06473,0.39276,-0.13259,0.06614,0.00000
120.30000,48.16000,-0.07263,0.39107,-0.12183,0.07061,-0.00000
120.40000,48.20000,-0.08016,0.38914,-0.11014,0.07359,0.00000
120.50000,48.24000,-0.08727,0.38699,-0.09769,0.07524,-0.00000
120.60000,48.28000,-0.09394,0.38465,-0.08466,0.07580,0.00000
120.70000,48.32000,-0.10015,0.38216,-0.07124,0.07551,0.00000
120.80000,48.36000,-0.10588,0.37954,-0.05762,0.07462,0.00000
120.90000,48.40000,-0.11111,0.37679,-0.04399,0.07337,0.00000
121.00000,48.44000,-0.11582,0.37395,-0.03054,0.07197,0.00000
121.10000,48.48000,-0.12000,0.37100,-0.01741,0.07058,0.00000
121.20000,48.52000,-0.12364,0.36797,-0.00475,0.06931,-0.00000
121.30000,48.56000,-0.12673,0.36486,0.00732,0.06820,0.00000
121.40000,48.60000,-0.12925,0.36167,0.01869,0.06723,-0.00000
121.50000,48.64000,-0.13122,0.35839,0.02932,0.06631,-0.00000
121.60000,48.68000,-0.13261,0.35503,0.03914,0.06529,0.00000
121.70000,48.72000,-0.13343,0.35158,0.04815,0.06400,0.00000
121.80000,48.76000,-0.13369,0.34806,0.05632,0.06222,0.00000
121.90000,48.80000,-0.13337,0.34445,0.06369,0.05975,-0.00000
122.00000,48.84000,-0.13249,0.34077,0.07026,0.05637,-0.00000
122.10000,48.88000,-0.13104,0.33701,0.07608,0.05193,-0.00000
122.20000,48.92000,-0.12905,0.33318,0.08119,0.04629,0.00000
122.30000,48.96000,-0.12651,0.32929,0.08561,0.03941,-0.00000
122.40000,49.00000,-0.12344,0.32534,0.08940,0.03129,0.00000
122.50000,49.04000,-0.11985,0.32134,0.09258,0.02201,0.00000
122.60000,49.08000,-0.11575,0.31731,0.09519,0.01175,0.00000
122.70000,49.12000,-0.11117,0.31324,0.09726,0.00072,0.00000
122.80000,49.16000,-0.10610,0.30916,0.09882,-0.01079,0.00000
122.90000,49.20000,-0.10059,0.30507,0.09990,-0.02247,0.00000
123.00000,49.24000,-0.09463,0.30098,0.10051,-0.03396,0.00000
123.10000,49.28000,-0.08825,0.29690,0.10070,-0.04493,0.00000
123.20000,49.32000,-0.08147,0.29283,0.10050,-0.05505,-0.00000
123.30000,49.36000,-0.07430,0.28879,0.09993,-0.06403,0.00000
123.40000,49.40000,-0.06677,0.28479,0.09905,-0.07165,-0.00000
123.50000,49.44000,-0.05889,0.28083,0.09787,-0.07772,0.00000
123.60000,49.48000,-0.05067,0.27694,0.09645,-0.08217,0.00000
123.70000,49.52000,-0.04215,0.27311,0.09482,-0.08498,-0.00000
123.80000,49.56000,-0.03333,0.26938,0.09301,-0.08620,0.00000
123.90000,49.60000,-0.02423,0.26576,0.09104,-0.08597,0.00000
124.00000,49.64000,-0.01488,0.26228,0.08892,-0.08448,0.00000
124.10000,49.68000,-0.00529,0.25895,0.08665,-0.08194,0.00000
124.20000,49.72000,0.00451,0.25581,0.08421,-0.07862,0.00000
124.30000,49.76000,0.01449,0.25290,0.08157,-0.07477,-0.00000
124.40000,49.80000,0.02462,0.25024,0.07868,-0.07064,0.00000
124.50000,49.84000,0.03487,0.24787,0.07549,-0.06647,0.00000
124.60000,49.88000,0.04521,0.24583,0.07192,-0.06243,0.00000
124.70000,49.92000,0.05558,0.24415,0.06790,-0.05866,0.00000
124.80000,49.96000,0.06593,0.24287,0.06338,-0.05525,-0.00000
124.90000,50.00000,0.07622,0.24203,0.05827,-0.05223,0.00000
125.00000,50.04000,0.08638,0.24164,0.05253,-0.04957,0.00000
125.10000,50.08000,0.09635,0.24172,0.04612,-0.04722,-0.00000
125.20000,50.12000,0.10606,0.24229,0.03905,-0.04508,0.00000
125.30000,50.16000,0.11543,0.24336,0.03131,-0.04301,-0.00000
125.40000,50.20000,0.12439,0.24491,0.02296,-0.04089,-0.00000
125.50000,50.24000,0.13286,0.24692,0.01408,-0.03859,0.00000
125.60000,50.28000,0.14076,0.24937,0.00476,-0.03599,-0.00000
125.70000,50.32000,0.14802,0.25221,-0.00488,-0.03301,0.00000
125.80000,50.36000,0.15454,0.25540,-0.01469,-0.02957,-0.00000
125.90000,50.40000,0.16026,0.25888,-0.02450,-0.02565,0.00000
126.00000,50.44000,0.16511,0.26256,-0.03417,-0.02126,-0.00000
126.10000,50.48000,0.16903,0.26638,-0.04353,-0.01644,0.00000
126.20000,50.52000,0.17195,0.27025,-0.05242,-0.01125,0.00000
126.30000,50.56000,0.17382,0.27408,-0.06072,-0.00577,0.00000
126.40000,50.60000,0.17461,0.27778,-0.06831,-0.00011,0.00000
126.50000,50.64000,0.17428,0.28127,-0.07512,0.00564,0.00000
126.60000,50.68000,0.17281,0.28446,-0.08109,0.01139,0.00000
126.70000,50.72000,0.17019,0.28728,-0.08619,0.01704,0.00000
126.80000,50.76000,0.16642,0.28965,-0.09043,0.02255,-0.00000
126.90000,50.80000,0.16151,0.29152,-0.09384,0.02785,0.00000
127.00000,50.84000,0.15548,0.29285,-0.09648,0.03293,0.00000
127.10000,50.88000,0.14838,0.29361,-0.09841,0.03776,0.00000
127.20000,50.92000,0.14023,0.29377,-0.09970,0.04236,0.00000
127.30000,50.96000,0.13110,0.29334,-0.10044,0.04674,0.00000
127.40000,51.00000,0.12105,0.29234,-0.10068,0.05088,0.00000
127.50000,51.04000,0.11015,0.29080,-0.10048,0.05481,0.00000
127.60000,51.08000,0.09849,0.28876,-0.09989,0.05850,0.00000
127.70000,51.12000,0.08615,0.28628,-0.09891,0.06193,-0.00000
127.80000,51.16000,0.07322,0.28344,-0.09756,0.06505,-0.00000
127.90000,51.20000,0.05981,0.28032,-0.09579,0.06779,-0.00000
128.00000,51.24000,0.04602,0.27701,-0.09358,0.07007,0.00000
128.10000,51.28000,0.03196,0.27360,-0.09086,0.07181,-0.00000
128.20000,51.32000,0.01774,0.27019,-0.08759,0.07291,0.00000
128.30000,51.36000,0.00347,0.26687,-0.08369,0.07330,0.00000
128.40000,51.40000,-0.01073,0.26376,-0.07913,0.07291,0.00000
128.50000,51.44000,-0.02474,0.26093,-0.07385,0.07170,0.00000
128.60000,51.48000,-0.03847,0.25847,-0.06784,0.06968,0.00000
128.70000,51.52000,-0.05180,0.25647,-0.06110,0.06689,0.00000
128.80000,51.56000,-0.06463,0.25500,-0.05366,0.06342,0.00000
128.90000,51.60000,-0.07686,0.25411,-0.04559,0.05940,0.00000
129.00000,51.64000,-0.08841,0.25386,-0.03696,0.05501,0.00000
129.10000,51.68000,-0.09918,0.25427,-0.02789,0.05044,-0.00000
129.20000,51.72000,-0.10910,0.25538,-0.01850,0.04593,0.00000
129.30000,51.76000,-0.11811,0.25720,-0.00895,0.04172,0.00000
129.40000,51.80000,-0.12614,0.25974,0.00062,0.03803,0.00000
129.50000,51.84000,-0.13315,0.26297,0.01006,0.03507,-0.00000
129.60000,51.88000,-0.13910,0.26688,0.01922,0.03298,0.00000
129.70000,51.92000,-0.14396,0.27145,0.02797,0.03189,0.00000
129.80000,51.96000,-0.14773,0.27662,0.03620,0.03182,-0.00000
129.90000,52.00000,-0.15038,0.28236,0.04383,0.03274,-0.00000
130.00000,52.04000,-0.15192,0.28861,0.05079,0.03455,0.00000
130.10000,52.08000,-0.15238,0.29530,0.05705,0.03705,0.00000
130.20000,52.12000,-0.15176,0.30237,0.06259,0.03999,0.00000
130.30000,52.16000,-0.15009,0.30974,0.06744,0.04307,0.00000
130.40000,52.20000,-0.14743,0.31733,0.07162,0.04594,-0.00000
130.50000,52.24000,-0.14381,0.32508,0.07517,0.04822,-0.00000
130.60000,52.28000,-0.13929,0.33289,0.07815,0.04957,0.00000
130.70000,52.32000,-0.13392,0.34068,0.08060,0.04963,-0.00000
130.80000,52.36000,-0.12777,0.34836,0.08256,0.04812,0.00000
130.90000,52.40000,-0.12092,0.35587,0.08409,0.04479,-0.00000
131.00000,52.44000,-0.11343,0.36310,0.08519,0.03950,0.00000
131.10000,52.48000,-0.10538,0.36999,0.08588,0.03218,0.00000
131.20000,52.52000,-0.09686,0.37646,0.08616,0.02286,0.00000
131.30000,52.56000,-0.08794,0.38244,0.08600,0.01165,0.00000
131.40000,52.60000,-0.07871,0.38785,0.08537,-0.00123,-0.00000
131.50000,52.64000,-0.06926,0.39265,0.08425,-0.01549,0.00000
131.60000,52.68000,-0.05968,0.39677,0.08258,-0.03079,0.00000
131.70000,52.72000,-0.05004,0.40017,0.08034,-0.04672,-0.00000
131.80000,52.76000,-0.04044,0.40281,0.07749,-0.06286,-0.00000
131.90000,52.80000,-0.03095,0.40464,0.07400,-0.07879,-0.00000
132.00000,52.84000,-0.02165,0.40566,0.06989,-0.09408,0.00000
132.10000,52.88000,-0.01263,0.40584,0.06516,-0.10835,0.00000
132.20000,52.92000,-0.00395,0.40516,0.05985,-0.12126,0.00000
132.30000,52.96000,0.00433,0.40363,0.05401,-0.13253,0.00000
132.40000,53.00000,0.01214,0.40126,0.04771,-0.14193,0.00000
132.50000,53.04000,0.01943,0.39805,0.04103,-0.14933,-0.00000
132.60000,53.08000,0.02616,0.39403,0.03408,-0.15463,-0.00000
132.70000,53.12000,0.03229,0.38921,0.02695,-0.15782,0.00000
132.80000,53.16000,0.03779,0.38365,0.01976,-0.15892,0.00000
132.90000,53.20000,0.04263,0.37737,0.01259,-0.15801,0.00000
133.00000,53.24000,0.04681,0.37043,0.00553,-0.15521,-0.00000
133.10000,53.28000,0.05033,0.36287,-0.00132,-0.15064,-0.00000
133.20000,53.32000,0.05318,0.35477,-0.00792,-0.14445,0.00000
133.30000,53.36000,0.05538,0.34618,-0.01421,-0.13681,0.00000
133.40000,53.40000,0.05695,0.33717,-0.02017,-0.12785,0.00000
133.50000,53.44000,0.05792,0.32783,-0.02579,-0.11774,0.00000
133.60000,53.48000,0.05831,0.31823,-0.03106,-0.10660,0.00000
133.70000,53.52000,0.05817,0.30847,-0.03601,-0.09457,-0.00000
133.80000,53.56000,0.05754,0.29862,-0.04065,-0.08179,-0.00000
133.90000,53.60000,0.05646,0.28878,-0.04501,-0.06837,0.00000
134.00000,53.64000,0.05499,0.27905,-0.04910,-0.05446,-0.00000
134.10000,53.68000,0.05318,0.26952,-0.05294,-0.04020,0.00000
134.20000,53.72000,0.05107,0.26028,-0.05654,-0.02573,-0.00000
134.30000,53.76000,0.04872,0.25142,-0.05988,-0.01123,0.00000
134.40000,53.80000,0.04619,0.24303,-0.06294,0.00313,0.00000
134.50000,53.84000,0.04352,0.23519,-0.06569,0.01717,0.00000
134.60000,53.88000,0.04076,0.22796,-0.06807,0.03068,0.00000
134.70000,53.92000,0.03796,0.22143,-0.07003,0.04347,0.00000
134.80000,53.96000,0.03517,0.21564,-0.07150,0.05533,0.00000
134.90000,54.00000,0.03242,0.21064,-0.07241,0.06611,0.00000
135.00000,54.04000,0.02976,0.20647,-0.07268,0.07563,0.00000
135.10000,54.08000,0.02723,0.20316,-0.07225,0.08376,0.00000
135.20000,54.12000,0.02484,0.20071,-0.07108,0.09042,0.00000
135.30000,54.16000,0.02264,0.19913,-0.06912,0.09556,-0.00000
135.40000,54.20000,0.02065,0.19842,-0.06635,0.09916,0.00000
135.50000,54.24000,0.01889,0.19856,-0.06279,0.10128,-0.00000
135.60000,54.28000,0.01738,0.19952,-0.05846,0.10199,0.00000
135.70000,54.32000,0.01613,0.20126,-0.05341,0.10141,0.00000
135.80000,54.36000,0.01515,0.20376,-0.04771,0.09971,0.00000
135.90000,54.40000,0.01446,0.20696,-0.04147,0.09705,-0.00000
136.00000,54.44000,0.01405,0.21082,-0.03477,0.09363,0.00000
136.10000,54.48000,0.01392,0.21528,-0.02776,0.08965,0.00000
136.20000,54.52000,0.01408,0.22029,-0.02057,0.08529,0.00000
136.30000,54.56000,0.01451,0.22579,-0.01331,0.08074,0.00000
136.40000,54.60000,0.01521,0.23172,-0.00613,0.07615,-0.00000
136.50000,54.64000,0.01615,0.23803,0.00084,0.07165,0.00000
136.60000,54.68000,0.01732,0.24466,0.00751,0.06732,0.00000
136.70000,54.72000,0.01870,0.25155,0.01377,0.06324,0.00000
136.80000,54.76000,0.02026,0.25864,0.01954,0.05942,0.00000
136.90000,54.80000,0.02196,0.26588,0.02478,0.05588,0.00000
137.00000,54.84000,0.02377,0.27321,0.02943,0.05259,0.00000
137.10000,54.88000,0.02565,0.28058,0.03348,0.04951,0.00000
137.20000,54.92000,0.02757,0.28792,0.03695,0.04658,-0.00000
137.30000,54.96000,0.02948,0.29519,0.03985,0.04376,0.00000
137.40000,55.00000,0.03134,0.30233,0.04221,0.04097,0.00000
137.50000,55.04000,0.03309,0.30930,0.04408,0.03818,0.00000
137.60000,55.08000,0.03470,0.31602,0.04552,0.03533,0.00000
137.70000,55.12000,0.03612,0.32247,0.04658,0.03240,0.00000
137.80000,55.16000,0.03731,0.32860,0.04731,0.02938,0.00000
137.90000,55.20000,0.03823,0.33436,0.04778,0.02626,0.00000
138.00000,55.24000,0.03884,0.33971,0.04801,0.02306,0.00000
138.10000,55.28000,0.03911,0.34462,0.04804,0.01979,-0.00000
138.20000,55.32000,0.03901,0.34907,0.04790,0.01649,0.00000
138.30000,55.36000,0.03852,0.35303,0.04758,0.01319,0.00000
138.40000,55.40000,0.03763,0.35648,0.04707,0.00993,0.00000
138.50000,55.44000,0.03633,0.35941,0.04636,0.00673,0.00000
138.60000,55.48000,0.03462,0.36183,0.04541,0.00363,0.00000
138.70000,55.52000,0.03251,0.36372,0.04417,0.00066,-0.00000
138.80000,55.56000,0.03000,0.36509,0.04259,-0.00217,0.00000
138.90000,55.60000,0.02712,0.36596,0.04062,-0.00483,0.00000
139.00000,55.64000,0.02388,0.36633,0.03820,-0.00731,0.00000
139.10000,55.68000,0.02033,0.36622,0.03528,-0.00961,0.00000
139.20000,55.72000,0.01648,0.36567,0.03183,-0.01171,0.00000
139.30000,55.76000,0.01238,0.36467,0.02781,-0.01361,0.00000
139.40000,55.80000,0.00807,0.36327,0.02321,-0.01531,0.00000
139.50000,55.84000,0.00359,0.36148,0.01805,-0.01679,-0.00000
139.60000,55.88000,-0.00103,0.35933,0.01235,-0.01807,0.00000
139.70000,55.92000,-0.00574,0.35685,0.00617,-0.01915,-0.00000
139.80000,55.96000,-0.01050,0.35407,-0.00043,-0.02004,0.00000
139.90000,56.00000,-0.01528,0.35101,-0.00733,-0.02075,-0.00000
140.00000,56.04000,-0.02002,0.34770,-0.01443,-0.02132,-0.00000
140.10000,56.08000,-0.02472,0.34416,-0.02158,-0.02180,0.00000
140.20000,56.12000,-0.02932,0.34044,-0.02865,-0.02222,0.00000
140.30000,56.16000,-0.03380,0.33656,-0.03548,-0.02267,0.00000
140.40000,56.20000,-0.03813,0.33255,-0.04191,-0.02322,0.00000
140.50000,56.24000,-0.04230,0.32844,-0.04779,-0.02395,0.00000
140.60000,56.28000,-0.04627,0.32427,-0.05297,-0.02494,0.00000
140.70000,56.32000,-0.05003,0.32007,-0.05732,-0.02628,0.00000
140.80000,56.36000,-0.05357,0.31587,-0.06073,-0.02805,0.00000
140.90000,56.40000,-0.05686,0.31170,-0.06313,-0.03029,-0.00000
141.00000,56.44000,-0.05991,0.30761,-0.06444,-0.03305,0.00000
141.10000,56.48000,-0.06268,0.30362,-0.06464,-0.03633,0.00000
141.20000,56.52000,-0.06518,0.29975,-0.06373,-0.04009,0.00000
141.30000,56.56000,-0.06739,0.29604,-0.06175,-0.04428,0.00000
141.40000,56.60000,-0.06932,0.29251,-0.05875,-0.04878,0.00000
141.50000,56.64000,-0.07094,0.28917,-0.05483,-0.05346,0.00000
141.60000,56.68000,-0.07226,0.28605,-0.05010,-0.05815,-0.00000
141.70000,56.72000,-0.07326,0.28315,-0.04468,-0.06265,0.00000
141.80000,56.76000,-0.07395,0.28049,-0.03870,-0.06675,-0.00000
141.90000,56.80000,-0.07432,0.27806,-0.03233,-0.07023,0.00000
142.00000,56.84000,-0.07437,0.27588,-0.02569,-0.07288,0.00000
142.10000,56.88000,-0.07408,0.27393,-0.01894,-0.07451,0.00000
142.20000,56.92000,-0.07346,0.27221,-0.01221,-0.07495,-0.00000
142.30000,56.96000,-0.07250,0.27071,-0.00561,-0.07409,0.00000
142.40000,57.00000,-0.07119,0.26942,0.00076,-0.07184,0.00000
142.50000,57.04000,-0.06955,0.26834,0.00682,-0.06820,0.00000
142.60000,57.08000,-0.06755,0.26744,0.01251,-0.06321,0.00000
142.70000,57.12000,-0.06520,0.26671,0.01778,-0.05697,0.00000
142.80000,57.16000,-0.06250,0.26615,0.02262,-0.04962,0.00000
142.90000,57.20000,-0.05944,0.26573,0.02703,-0.04137,0.00000
143.00000,57.24000,-0.05603,0.26545,0.03101,-0.03246,-0.00000
143.10000,57.28000,-0.05226,0.26530,0.03459,-0.02314,0.00000
143.20000,57.32000,-0.04815,0.26525,0.03780,-0.01369,0.00000
143.30000,57.36000,-0.04369,0.26529,0.04068,-0.00439,0.00000
143.40000,57.40000,-0.03889,0.26542,0.04325,0.00450,-0.00000
143.50000,57.44000,-0.03378,0.26562,0.04554,0.01277,0.00000
143.60000,57.48000,-0.02836,0.26588,0.04758,0.02020,0.00000
143.70000,57.52000,-0.02266,0.26618,0.04939,0.02665,0.00000
143.80000,57.56000,-0.01671,0.26651,0.05095,0.03203,0.00000
143.90000,57.60000,-0.01052,0.26686,0.05227,0.03628,-0.00000
144.00000,57.64000,-0.00415,0.26722,0.05333,0.03939,0.00000
144.10000,57.68000,0.00237,0.26758,0.05409,0.04143,0.00000
144.20000,57.72000,0.00900,0.26792,0.05452,0.04247,0.00000
144.30000,57.76000,0.01569,0.26825,0.05458,0.04262,0.00000
144.40000,57.80000,0.02239,0.26855,0.05423,0.04204,0.00000
144.50000,57.84000,0.02904,0.26883,0.05341,0.04086,0.00000
144.60000,57.88000,0.03560,0.26908,0.05209,0.03925,0.00000
144.70000,57.92000,0.04199,0.26932,0.05025,0.03736,0.00000
144.80000,57.96000,0.04818,0.26955,0.04784,0.03534,0.00000
144.90000,58.00000,0.05409,0.26979,0.04488,0.03330,0.00000
145.00000,58.04000,0.05969,0.27006,0.04136,0.03136,0.00000
145.10000,58.08000,0.06492,0.27038,0.03731,0.02960,0.00000
145.20000,58.12000,0.06973,0.27076,0.03277,0.02812,-0.00000
145.30000,58.16000,0.07408,0.27125,0.02779,0.02694,0.00000
145.40000,58.20000,0.07795,0.27186,0.02245,0.02613,-0.00000
145.50000,58.24000,0.08129,0.27263,0.01685,0.02570,0.00000
145.60000,58.28000,0.08408,0.27358,0.01107,0.02568,0.00000
145.70000,58.32000,0.08631,0.27475,0.00522,0.02606,-0.00000
145.80000,58.36000,0.08796,0.27616,-0.00059,0.02687,-0.00000
145.90000,58.40000,0.08903,0.27784,-0.00624,0.02808,0.00000
146.00000,58.44000,0.08951,0.27980,-0.01163,0.02968,-0.00000
146.10000,58.48000,0.08943,0.28206,-0.01666,0.03166,0.00000
146.20000,58.52000,0.08878,0.28464,-0.02125,0.03396,-0.00000
146.30000,58.56000,0.08758,0.28753,-0.02533,0.03653,0.00000
146.40000,58.60000,0.08587,0.29075,-0.02885,0.03929,0.00000
146.50000,58.64000,0.08366,0.29428,-0.03179,0.04214,0.00000
146.60000,58.68000,0.08099,0.29812,-0.03414,0.04497,0.00000
146.70000,58.72000,0.07789,0.30225,-0.03592,0.04761,-0.00000
146.80000,58.76000,0.07440,0.30664,-0.03716,0.04992,0.00000
146.90000,58.80000,0.07056,0.31127,-0.03793,0.05173,0.00000
147.00000,58.84000,0.06641,0.31611,-0.03830,0.05284,0.00000
147.10000,58.88000,0.06199,0.32112,-0.03835,0.05310,0.00000
147.20000,58.92000,0.05734,0.32626,-0.03818,0.05233,0.00000
147.30000,58.96000,0.05251,0.33148,-0.03788,0.05040,-0.00000
147.40000,59.00000,0.04753,0.33674,-0.03754,0.04722,0.00000
147.50000,59.04000,0.04245,0.34197,-0.03724,0.04272,0.00000
147.60000,59.08000,0.03730,0.34714,-0.03705,0.03691,0.00000
147.70000,59.12000,0.03211,0.35217,-0.03703,0.02982,-0.00000
147.80000,59.16000,0.02693,0.35701,-0.03721,0.02159,0.00000
147.90000,59.20000,0.02177,0.36160,-0.03760,0.01236,0.00000
148.00000,59.24000,0.01666,0.36589,-0.03820,0.00237,-0.00000
148.10000,59.28000,0.01163,0.36982,-0.03896,-0.00811,-0.00000
148.20000,59.32000,0.00670,0.37333,-0.03984,-0.01880,-0.00000
148.30000,59.36000,0.00187,0.37637,-0.04079,-0.02937,0.00000
148.40000,59.40000,-0.00283,0.37890,-0.04171,-0.03950,0.00000
148.50000,59.44000,-0.00741,0.38087,-0.04254,-0.04888,-0.00000
148.60000,59.48000,-0.01184,0.38225,-0.04318,-0.05723,0.00000
148.70000,59.52000,-0.01614,0.38302,-0.04355,-0.06431,-0.00000
148.80000,59.56000,-0.02028,0.38314,-0.04359,-0.06993,0.00000
148.90000,59.60000,-0.02427,0.38261,-0.04324,-0.07396,0.00000
149.00000,59.64000,-0.02811,0.38143,-0.04245,-0.07635,0.00000
149.10000,59.68000,-0.03179,0.37960,-0.04121,-0.07709,0.00000
149.20000,59.72000,-0.03532,0.37714,-0.03951,-0.07626,0.00000
149.30000,59.76000,-0.03867,0.37408,-0.03737,-0.07397,0.00000
149.40000,59.80000,-0.04186,0.37045,-0.03481,-0.07040,0.00000
149.50000,59.84000,-0.04487,0.36630,-0.03190,-0.06576,0.00000
149.60000,59.88000,-0.04770,0.36167,-0.02868,-0.06025,0.00000
149.70000,59.92000,-0.05034,0.35663,-0.02523,-0.05410,-0.00000
149.80000,59.96000,-0.05278,0.35123,-0.02162,-0.04754,0.00000
149.90000,60.00000,-0.05501,0.34554,-0.01791,-0.04075,0.00000
150.00000,60.04000,-0.05702,0.33963,-0.01416,-0.03391,0.00000
150.10000,60.08000,-0.05880,0.33357,-0.01042,-0.02713,0.00000
150.20000,60.12000,-0.06034,0.32743,-0.00675,-0.02051,0.00000
150.30000,60.16000,-0.06163,0.32126,-0.00315,-0.01409,0.00000
150.40000,60.20000,-0.06268,0.31514,0.00036,-0.00789,0.00000
150.50000,60.24000,-0.06346,0.30912,0.00378,-0.00188,0.00000
150.60000,60.28000,-0.06398,0.30325,0.00712,0.00395,-0.00000
150.70000,60.32000,-0.06423,0.29756,0.01039,0.00965,0.00000
150.80000,60.36000,-0.06422,0.29209,0.01363,0.01525,0.00000
150.90000,60.40000,-0.06393,0.28687,0.01685,0.02077,-0.00000
151.00000,60.44000,-0.06339,0.28190,0.02008,0.02622,0.00000
151.10000,60.48000,-0.06258,0.27720,0.02333,0.03155,0.00000
151.20000,60.52000,-0.06151,0.27274,0.02659,0.03669,0.00000
151.30000,60.56000,-0.06018,0.26852,0.02988,0.04153,0.00000
151.40000,60.60000,-0.05861,0.26450,0.03315,0.04595,0.00000
151.50000,60.64000,-0.05679,0.26067,0.03639,0.04978,0.00000
151.60000,60.68000,-0.05474,0.25697,0.03954,0.05284,0.00000
151.70000,60.72000,-0.05246,0.25337,0.04257,0.05495,-0.00000
151.80000,60.76000,-0.04996,0.24982,0.04541,0.05593,0.00000
151.90000,60.80000,-0.04724,0.24628,0.04802,0.05564,-0.00000
152.00000,60.84000,-0.04432,0.24269,0.05033,0.05396,0.00000
152.10000,60.88000,-0.04121,0.23902,0.05231,0.05083,0.00000
152.20000,60.92000,-0.03792,0.23522,0.05392,0.04622,0.00000
152.30000,60.96000,-0.03447,0.23128,0.05514,0.04019,0.00000
152.40000,61.00000,-0.03087,0.22717,0.05596,0.03285,-0.00000
152.50000,61.04000,-0.02713,0.22288,0.05640,0.02437,-0.00000
152.60000,61.08000,-0.02329,0.21842,0.05646,0.01498,0.00000
152.70000,61.12000,-0.01936,0.21380,0.05619,0.00495,0.00000
152.80000,61.16000,-0.01536,0.20905,0.05563,-0.00540,0.00000
152.90000,61.20000,-0.01132,0.20423,0.05481,-0.01575,-0.00000
153.00000,61.24000,-0.00727,0.19939,0.05379,-0.02575,0.00000
153.10000,61.28000,-0.00324,0.19459,0.05259,-0.03510,0.00000
153.20000,61.32000,0.00075,0.18993,0.05127,-0.04349,0.00000
153.30000,61.36000,0.00468,0.18550,0.04983,-0.05066,0.00000
153.40000,61.40000,0.00851,0.18139,0.04828,-0.05641,0.00000
153.50000,61.44000,0.01222,0.17772,0.04662,-0.06058,-0.00000
153.60000,61.48000,0.01580,0.17459,0.04483,-0.06310,0.00000
153.70000,61.52000,0.01921,0.17213,0.04287,-0.06395,0.00000
153.80000,61.56000,0.02245,0.17042,0.04070,-0.06317,0.00000
153.90000,61.60000,0.02551,0.16959,0.03829,-0.06088,0.00000
154.00000,61.64000,0.02837,0.16972,0.03557,-0.05721,0.00000
154.10000,61.68000,0.03103,0.17090,0.03252,-0.05238,0.00000
154.20000,61.72000,0.03349,0.17321,0.02910,-0.04661,0.00000
154.30000,61.76000,0.03575,0.17671,0.02531,-0.04014,0.00000
154.40000,61.80000,0.03781,0.18143,0.02115,-0.03321,-0.00000
154.50000,61.84000,0.03969,0.18741,0.01665,-0.02607,0.00000
154.60000,61.88000,0.04138,0.19467,0.01187,-0.01894,0.00000
154.70000,61.92000,0.04290,0.20318,0.00688,-0.01202,0.00000
154.80000,61.96000,0.04425,0.21292,0.00178,-0.00548,0.00000
154.90000,62.00000,0.04545,0.22386,-0.00332,0.00055,0.00000
155.00000,62.04000,0.04650,0.23592,-0.00830,0.00598,0.00000
155.10000,62.08000,0.04741,0.24904,-0.01303,0.01076,0.00000
155.20000,62.12000,0.04819,0.26311,-0.01739,0.01485,0.00000
155.30000,62.16000,0.04883,0.27803,-0.02127,0.01828,-0.00000
155.40000,62.20000,0.04934,0.29368,-0.02458,0.02109,-0.00000
155.50000,62.24000,0.04972,0.30993,-0.02725,0.02332,0.00000
155.60000,62.28000,0.04996,0.32664,-0.02923,0.02506,0.00000
155.70000,62.32000,0.05007,0.34365,-0.03051,0.02640,0.00000
155.80000,62.36000,0.05003,0.36082,-0.03112,0.02742,0.00000
155.90000,62.40000,0.04983,0.37799,-0.03111,0.02821,0.00000
156.00000,62.44000,0.04947,0.39499,-0.03055,0.02887,-0.00000
156.10000,62.48000,0.04895,0.41168,-0.02955,0.02945,0.00000
156.20000,62.52000,0.04824,0.42788,-0.02822,0.03002,0.00000
156.30000,62.56000,0.04734,0.44346,-0.02671,0.03063,0.00000
156.40000,62.60000,0.04626,0.45825,-0.02514,0.03132,0.00000
156.50000,62.64000,0.04496,0.47212,-0.02365,0.03208,-0.00000
156.60000,62.68000,0.04347,0.48494,-0.02236,0.03293,0.00000
156.70000,62.72000,0.04176,0.49659,-0.02136,0.03384,-0.00000
156.80000,62.76000,0.03984,0.50696,-0.02075,0.03477,0.00000
156.90000,62.80000,0.03770,0.51594,-0.02058,0.03570,-0.00000
157.00000,62.84000,0.03536,0.52346,-0.02090,0.03654,0.00000
157.10000,62.88000,0.03280,0.52945,-0.02170,0.03725,-0.00000
157.20000,62.92000,0.03005,0.53384,-0.02299,0.03774,0.00000
157.30000,62.96000,0.02709,0.53660,-0.02474,0.03795,0.00000
157.40000,63.00000,0.02395,0.53770,-0.02691,0.03781,0.00000
157.50000,63.04000,0.02063,0.53712,-0.02944,0.03725,-0.00000
157.60000,63.08000,0.01714,0.53486,-0.03228,0.03621,0.00000
157.70000,63.12000,0.01350,0.53093,-0.03539,0.03466,0.00000
157.80000,63.16000,0.00971,0.52535,-0.03869,0.03257,0.00000
157.90000,63.20000,0.00581,0.51815,-0.04216,0.02993,-0.00000
158.00000,63.24000,0.00179,0.50938,-0.04575,0.02674,0.00000
158.10000,63.28000,-0.00231,0.49909,-0.04943,0.02305,0.00000
158.20000,63.32000,-0.00649,0.48734,-0.05318,0.01890,0.00000
158.30000,63.36000,-0.01071,0.47420,-0.05696,0.01436,-0.00000
158.40000,63.40000,-0.01496,0.45975,-0.06076,0.00952,0.00000
158.50000,63.44000,-0.01922,0.44408,-0.06454,0.00449,0.00000
158.60000,63.48000,-0.02346,0.42727,-0.06828,-0.00063,-0.00000
158.70000,63.52000,-0.02765,0.40944,-0.07192,-0.00573,0.00000
158.80000,63.56000,-0.03177,0.39070,-0.07540,-0.01070,-0.00000
158.90000,63.60000,-0.03580,0.37117,-0.07865,-0.01544,0.00000
159.00000,63.64000,-0.03969,0.35098,-0.08157,-0.01985,-0.00000
159.10000,63.68000,-0.04343,0.33026,-0.08405,-0.02385,0.00000
159.20000,63.72000,-0.04698,0.30916,-0.08600,-0.02741,0.00000
159.30000,63.76000,-0.05032,0.28784,-0.08727,-0.03047,0.00000
159.40000,63.80000,-0.05341,0.26646,-0.08774,-0.03304,0.00000
159.50000,63.84000,-0.05622,0.24517,-0.08730,-0.03512,0.00000
159.60000,63.88000,-0.05872,0.22415,-0.08584,-0.03674,0.00000
159.70000,63.92000,-0.06088,0.20357,-0.08327,-0.03795,0.00000
159.80000,63.96000,-0.06267,0.18359,-0.07951,-0.03881,-0.00000
159.90000,64.00000,-0.06408,0.16439,-0.07453,-0.03937,0.00000
160.00000,64.04000,-0.06506,0.14613,-0.06831,-0.03972,0.00000
160.10000,64.08000,-0.06561,0.12896,-0.06089,-0.03989,0.00000
160.20000,64.12000,-0.06569,0.11303,-0.05231,-0.03994,0.00000
160.30000,64.16000,-0.06531,0.09847,-0.04265,-0.03991,-0.00000
160.40000,64.20000,-0.06444,0.08540,-0.03204,-0.03981,0.00000
160.50000,64.24000,-0.06308,0.07393,-0.02061,-0.03964,0.00000
160.60000,64.28000,-0.06122,0.06414,-0.00851,-0.03936,0.00000
160.70000,64.32000,-0.05888,0.05610,0.00410,-0.03896,-0.00000
160.80000,64.36000,-0.05605,0.04986,0.01706,-0.03836,-0.00000
160.90000,64.40000,-0.05276,0.04545,0.03019,-0.03750,0.00000
161.00000,64.44000,-0.04902,0.04289,0.04335,-0.03632,0.00000
161.10000,64.48000,-0.04485,0.04216,0.05640,-0.03475,-0.00000
161.20000,64.52000,-0.04029,0.04325,0.06920,-0.03272,0.00000
161.30000,64.56000,-0.03537,0.04610,0.08166,-0.03020,0.00000
161.40000,64.60000,-0.03014,0.05068,0.09369,-0.02715,0.00000
161.50000,64.64000,-0.02462,0.05689,0.10521,-0.02357,0.00000
161.60000,64.68000,-0.01886,0.06467,0.11616,-0.01948,0.00000
161.70000,64.72000,-0.01293,0.07393,0.12649,-0.01492,0.00000
161.80000,64.76000,-0.00685,0.08454,0.13617,-0.00996,0.00000
161.90000,64.80000,-0.00069,0.09642,0.14515,-0.00470,0.00000
162.00000,64.84000,0.00550,0.10943,0.15338,0.00076,0.00000
162.10000,64.88000,0.01169,0.12345,0.16082,0.00628,0.00000
162.20000,64.92000,0.01781,0.13836,0.16740,0.01175,0.00000
162.30000,64.96000,0.02381,0.15402,0.17304,0.01703,-0.00000
162.40000,65.00000,0.02967,0.17029,0.17767,0.02200,-0.00000
162.50000,65.04000,0.03532,0.18705,0.18119,0.02655,0.00000
162.60000,65.08000,0.04075,0.20416,0.18349,0.03058,0.00000
162.70000,65.12000,0.04590,0.22147,0.18447,0.03404,0.00000
162.80000,65.16000,0.05074,0.23886,0.18402,0.03687,0.00000
162.90000,65.20000,0.05526,0.25618,0.18205,0.03906,-0.00000
163.00000,65.24000,0.05942,0.27332,0.17845,0.04062,0.00000
163.10000,65.28000,0.06320,0.29015,0.17317,0.04157,0.00000
163.20000,65.32000,0.06659,0.30655,0.16616,0.04197,0.00000
163.30000,65.36000,0.06956,0.32242,0.15739,0.04189,0.00000
163.40000,65.40000,0.07212,0.33766,0.14687,0.04141,-0.00000
163.50000,65.44000,0.07424,0.35217,0.13466,0.04060,0.00000
163.60000,65.48000,0.07593,0.36589,0.12082,0.03954,0.00000
163.70000,65.52000,0.07717,0.37874,0.10547,0.03831,0.00000
163.80000,65.56000,0.07797,0.39068,0.08876,0.03696,0.00000
163.90000,65.60000,0.07831,0.40167,0.07085,0.03553,0.00000
164.00000,65.64000,0.07821,0.41167,0.05195,0.03406,0.00000
164.10000,65.68000,0.07765,0.42069,0.03228,0.03255,0.00000
164.20000,65.72000,0.07664,0.42870,0.01207,0.03099,0.00000
164.30000,65.76000,0.07519,0.43573,-0.00842,0.02934,-0.00000
164.40000,65.80000,0.07329,0.44180,-0.02895,0.02757,0.00000
164.50000,65.84000,0.07095,0.44692,-0.04926,0.02562,0.00000
164.60000,65.88000,0.06818,0.45114,-0.06910,0.02345,0.00000
164.70000,65.92000,0.06497,0.45449,-0.08824,0.02098,0.00000
164.80000,65.96000,0.06133,0.45702,-0.10645,0.01818,0.00000
164.90000,66.00000,0.05728,0.45877,-0.12352,0.01501,0.00000
165.00000,66.04000,0.05282,0.45978,-0.13927,0.01143,-0.00000
165.10000,66.08000,0.04797,0.46011,-0.15352,0.00744,-0.00000
165.20000,66.12000,0.04273,0.45979,-0.16616,0.00305,0.00000
165.30000,66.16000,0.03713,0.45886,-0.17706,-0.00170,-0.00000
165.40000,66.20000,0.03119,0.45737,-0.18614,-0.00675,-0.00000
165.50000,66.24000,0.02492,0.45535,-0.19335,-0.01203,-0.00000
165.60000,66.28000,0.01836,0.45284,-0.19868,-0.01744,0.00000
165.70000,66.32000,0.01152,0.44985,-0.20212,-0.02288,0.00000
165.80000,66.36000,0.00445,0.44644,-0.20373,-0.02823,-0.00000
165.90000,66.40000,-0.00282,0.44261,-0.20355,-0.03337,0.00000
166.00000,66.44000,-0.01026,0.43839,-0.20169,-0.03818,0.00000
166.10000,66.48000,-0.01781,0.43381,-0.19825,-0.04253,0.00000
166.20000,66.52000,-0.02545,0.42889,-0.19336,-0.04633,0.00000
166.30000,66.56000,-0.03311,0.42365,-0.18717,-0.04948,0.00000
166.40000,66.60000,-0.04075,0.41811,-0.17984,-0.05191,0.00000
166.50000,66.64000,-0.04831,0.41230,-0.17153,-0.05358,0.00000
166.60000,66.68000,-0.05575,0.40624,-0.16239,-0.05445,0.00000
166.70000,66.72000,-0.06300,0.39994,-0.15258,-0.05451,0.00000
166.80000,66.76000,-0.07002,0.39343,-0.14224,-0.05378,0.00000
166.90000,66.80000,-0.07673,0.38674,-0.13151,-0.05229,0.00000
167.00000,66.84000,-0.08309,0.37988,-0.12049,-0.05009,0.00000
167.10000,66.88000,-0.08905,0.37286,-0.10928,-0.04723,0.00000
167.20000,66.92000,-0.09454,0.36571,-0.09795,-0.04379,0.00000
167.30000,66.96000,-0.09953,0.35845,-0.08654,-0.03983,0.00000
167.40000,67.00000,-0.10395,0.35108,-0.07508,-0.03542,-0.00000
167.50000,67.04000,-0.10778,0.34362,-0.06359,-0.03062,-0.00000
167.60000,67.08000,-0.11096,0.33608,-0.05205,-0.02549,0.00000
167.70000,67.12000,-0.11346,0.32848,-0.04046,-0.02006,-0.00000
167.80000,67.16000,-0.11525,0.32082,-0.02880,-0.01437,0.00000
167.90000,67.20000,-0.11631,0.31311,-0.01704,-0.00844,0.00000
168.00000,67.24000,-0.11662,0.30538,-0.00517,-0.00227,0.00000
168.10000,67.28000,-0.11617,0.29762,0.00682,0.00411,0.00000
168.20000,67.32000,-0.11494,0.28985,0.01891,0.01072,-0.00000
168.30000,67.36000,-0.11294,0.28210,0.03109,0.01752,0.00000
168.40000,67.40000,-0.11017,0.27438,0.04331,0.02452,0.00000
168.50000,67.44000,-0.10665,0.26673,0.05553,0.03165,0.00000
168.60000,67.48000,-0.10239,0.25916,0.06766,0.03887,0.00000
168.70000,67.52000,-0.09742,0.25172,0.07963,0.04609,0.00000
168.80000,67.56000,-0.09177,0.24444,0.09131,0.05319,0.00000
168.90000,67.60000,-0.08547,0.23736,0.10262,0.06004,0.00000
169.00000,67.64000,-0.07858,0.23053,0.11344,0.06644,0.00000
169.10000,67.68000,-0.07112,0.22400,0.12365,0.07223,0.00000
169.20000,67.72000,-0.06317,0.21780,0.13314,0.07717,0.00000
169.30000,67.76000,-0.05476,0.21201,0.14182,0.08106,0.00000
169.40000,67.80000,-0.04595,0.20665,0.14959,0.08367,0.00000
169.50000,67.84000,-0.03682,0.20177,0.15636,0.08480,0.00000
169.60000,67.88000,-0.02742,0.19743,0.16208,0.08428,-0.00000
169.70000,67.92000,-0.01781,0.19367,0.16669,0.08197,0.00000
169.80000,67.96000,-0.00806,0.19050,0.17014,0.07778,-0.00000
169.90000,68.00000,0.00177,0.18797,0.17240,0.07169,0.00000
170.00000,68.04000,0.01160,0.18609,0.17346,0.06373,0.00000
170.10000,68.08000,0.02138,0.18487,0.17330,0.05403,0.00000
170.20000,68.12000,0.03104,0.18432,0.17191,0.04276,0.00000
170.30000,68.16000,0.04053,0.18443,0.16930,0.03019,0.00000
170.40000,68.20000,0.04977,0.18519,0.16547,0.01661,0.00000
170.50000,68.24000,0.05873,0.18658,0.16042,0.00241,0.00000
170.60000,68.28000,0.06734,0.18856,0.15417,-0.01204,0.00000
170.70000,68.32000,0.07556,0.19110,0.14674,-0.02630,-0.00000
170.80000,68.36000,0.08334,0.19415,0.13816,-0.03998,0.00000
170.90000,68.40000,0.09064,0.19766,0.12847,-0.05267,0.00000
171.00000,68.44000,0.09744,0.20159,0.11772,-0.06403,0.00000
171.10000,68.48000,0.10368,0.20587,0.10597,-0.07378,0.00000
171.20000,68.52000,0.10936,0.21046,0.09333,-0.08167,0.00000
171.30000,68.56000,0.11443,0.21528,0.07989,-0.08757,0.00000
171.40000,68.60000,0.11890,0.22030,0.06577,-0.09143,0.00000
171.50000,68.64000,0.12274,0.22545,0.05113,-0.09328,0.00000
171.60000,68.68000,0.12594,0.23068,0.03611,-0.09322,-0.00000
171.70000,68.72000,0.12850,0.23597,0.02091,-0.09145,-0.00000
171.80000,68.76000,0.13041,0.24126,0.00570,-0.08820,-0.00000
171.90000,68.80000,0.13167,0.24652,-0.00932,-0.08377,-0.00000
172.00000,68.84000,0.13230,0.25174,-0.02397,-0.07845,0.00000
172.10000,68.88000,0.13228,0.25688,-0.03806,-0.07255,0.00000
172.20000,68.92000,0.13165,0.26193,-0.05142,-0.06638,-0.00000
172.30000,68.96000,0.13040,0.26689,-0.06390,-0.06017,0.00000
172.40000,69.00000,0.12855,0.27174,-0.07538,-0.05413,0.00000
172.50000,69.04000,0.12612,0.27649,-0.08573,-0.04841,0.00000
172.60000,69.08000,0.12313,0.28114,-0.09489,-0.04308,0.00000
172.70000,69.12000,0.11958,0.28569,-0.10282,-0.03814,-0.00000
172.80000,69.16000,0.11551,0.29014,-0.10950,-0.03353,0.00000
172.90000,69.20000,0.11094,0.29450,-0.11494,-0.02913,0.00000
173.00000,69.24000,0.10588,0.29878,-0.11917,-0.02478,0.00000
173.10000,69.28000,0.10037,0.30297,-0.12225,-0.02031,0.00000
173.20000,69.32000,0.09442,0.30708,-0.12426,-0.01551,0.00000
173.30000,69.36000,0.08806,0.31111,-0.12528,-0.01021,0.00000
173.40000,69.40000,0.08133,0.31506,-0.12540,-0.00427,-0.00000
173.50000,69.44000,0.07424,0.31893,-0.12471,0.00242,0.00000
173.60000,69.48000,0.06683,0.32270,-0.12329,0.00989,0.00000
173.70000,69.52000,0.05912,0.32638,-0.12124,0.01813,0.00000
173.80000,69.56000,0.05115,0.32996,-0.11863,0.02704,0.00000
173.90000,69.60000,0.04295,0.33342,-0.11553,0.03644,0.00000
174.00000,69.64000,0.03454,0.33675,-0.11200,0.04611,0.00000
174.10000,69.68000,0.02596,0.33996,-0.10809,0.05578,0.00000
174.20000,69.72000,0.01725,0.34303,-0.10385,0.06515,0.00000
174.30000,69.76000,0.00842,0.34594,-0.09932,0.07388,0.00000
174.40000,69.80000,-0.00048,0.34870,-0.09453,0.08167,0.00000
174.50000,69.84000,-0.00943,0.35130,-0.08953,0.08823,0.00000
174.60000,69.88000,-0.01840,0.35372,-0.08435,0.09331,0.00000
174.70000,69.92000,-0.02735,0.35596,-0.07902,0.09673,0.00000
174.80000,69.96000,-0.03627,0.35801,-0.07358,0.09839,0.00000
174.90000,70.00000,-0.04513,0.35987,-0.06806,0.09824,-0.00000
175.00000,70.04000,-0.05389,0.36152,-0.06250,0.09634,0.00000
175.10000,70.08000,-0.06253,0.36296,-0.05693,0.09281,-0.00000
175.20000,70.12000,-0.07103,0.36417,-0.05136,0.08783,0.00000
175.30000,70.16000,-0.07935,0.36513,-0.04580,0.08166,-0.00000
175.40000,70.20000,-0.08748,0.36584,-0.04026,0.07457,0.00000
175.50000,70.24000,-0.09537,0.36628,-0.03473,0.06687,0.00000
175.60000,70.28000,-0.10301,0.36642,-0.02918,0.05887,0.00000
175.70000,70.32000,-0.11036,0.36626,-0.02359,0.05085,0.00000
175.80000,70.36000,-0.11738,0.36576,-0.01792,0.04306,0.00000
175.90000,70.40000,-0.12405,0.36492,-0.01211,0.03572,-0.00000
176.00000,70.44000,-0.13030,0.36373,-0.00612,0.02897,-0.00000
176.10000,70.48000,-0.13612,0.36216,0.00010,0.02290,0.00000
176.20000,70.52000,-0.14144,0.36021,0.00658,0.01754,-0.00000
176.30000,70.56000,-0.14622,0.35788,0.01336,0.01286,0.00000
176.40000,70.60000,-0.15041,0.35518,0.02045,0.00879,0.00000
176.50000,70.64000,-0.15397,0.35211,0.02783,0.00520,0.00000
176.60000,70.68000,-0.15683,0.34870,0.03546,0.00195,0.00000
176.70000,70.72000,-0.15895,0.34497,0.04330,-0.00110,0.00000
176.80000,70.76000,-0.16027,0.34097,0.05126,-0.00412,-0.00000
176.90000,70.80000,-0.16076,0.33675,0.05922,-0.00724,0.00000
177.00000,70.84000,-0.16037,0.33235,0.06707,-0.01056,0.00000
177.10000,70.88000,-0.15906,0.32785,0.07466,-0.01417,0.00000
177.20000,70.92000,-0.15680,0.32330,0.08184,-0.01809,0.00000
177.30000,70.96000,-0.15357,0.31879,0.08848,-0.02232,-0.00000
177.40000,71.00000,-0.14935,0.31440,0.09442,-0.02683,-0.00000
177.50000,71.04000,-0.14414,0.31019,0.09954,-0.03155,0.00000
177.60000,71.08000,-0.13794,0.30625,0.10374,-0.03637,0.00000
177.70000,71.12000,-0.13076,0.30266,0.10693,-0.04119,0.00000
177.80000,71.16000,-0.12264,0.29947,0.10907,-0.04591,0.00000
177.90000,71.20000,-0.11359,0.29675,0.11014,-0.05040,0.00000
178.00000,71.24000,-0.10368,0.29454,0.11015,-0.05458,0.00000
178.10000,71.28000,-0.09296,0.29289,0.10915,-0.05836,0.00000
178.20000,71.32000,-0.08149,0.29181,0.10722,-0.06169,0.00000
178.30000,71.36000,-0.06936,0.29131,0.10443,-0.06454,0.00000
178.40000,71.40000,-0.05663,0.29139,0.10091,-0.06690,-0.00000
178.50000,71.44000,-0.04340,0.29203,0.09676,-0.06878,-0.00000
178.60000,71.48000,-0.02978,0.29319,0.09209,-0.07020,0.00000
178.70000,71.52000,-0.01586,0.29481,0.08702,-0.07119,-0.00000
178.80000,71.56000,-0.00174,0.29683,0.08162,-0.07177,0.00000
178.90000,71.60000,0.01246,0.29919,0.07598,-0.07198,0.00000
179.00000,71.64000,0.02664,0.30178,0.07014,-0.07182,-0.00000
179.10000,71.68000,0.04067,0.30452,0.06414,-0.07128,0.00000
179.20000,71.72000,0.05446,0.30732,0.05797,-0.07035,0.00000
179.30000,71.76000,0.06789,0.31006,0.05163,-0.06900,0.00000
179.40000,71.80000,0.08085,0.31266,0.04510,-0.06717,-0.00000
179.50000,71.84000,0.09325,0.31502,0.03832,-0.06483,0.00000
179.60000,71.88000,0.10498,0.31704,0.03128,-0.06193,-0.00000
179.70000,71.92000,0.11595,0.31865,0.02394,-0.05844,0.00000
179.80000,71.96000,0.12608,0.31977,0.01627,-0.05435,0.00000
179.90000,72.00000,0.13528,0.32034,0.00828,-0.04968,0.00000
180.00000,72.04000,0.14350,0.32030,-0.00002,-0.04448,0.00000
180.10000,72.08000,0.15066,0.31963,-0.00858,-0.03884,-0.00000
180.20000,72.12000,0.15672,0.31831,-0.01734,-0.03289,0.00000
180.30000,72.16000,0.16163,0.31631,-0.02620,-0.02677,0.00000
180.40000,72.20000,0.16537,0.31365,-0.03505,-0.02068,0.00000
180.50000,72.24000,0.16792,0.31035,-0.04377,-0.01480,0.00000
180.60000,72.28000,0.16927,0.30643,-0.05220,-0.00934,0.00000
180.70000,72.32000,0.16942,0.30194,-0.06022,-0.00448,0.00000
180.80000,72.36000,0.16839,0.29693,-0.06767,-0.00039,0.00000
180.90000,72.40000,0.16620,0.29147,-0.07444,0.00282,0.00000
181.00000,72.44000,0.16289,0.28562,-0.08041,0.00508,0.00000
181.10000,72.48000,0.15850,0.27945,-0.08550,0.00637,0.00000
181.20000,72.52000,0.15309,0.27305,-0.08965,0.00677,0.00000
181.30000,72.56000,0.14672,0.26650,-0.09283,0.00638,0.00000
181.40000,72.60000,0.13946,0.25989,-0.09504,0.00542,0.00000
181.50000,72.64000,0.13138,0.25329,-0.09630,0.00412,-0.00000
181.60000,72.68000,0.12257,0.24680,-0.09666,0.00278,0.00000
181.70000,72.72000,0.11311,0.24051,-0.09619,0.00171,-0.00000
181.80000,72.76000,0.10309,0.23448,-0.09497,0.00125,0.00000
181.90000,72.80000,0.09261,0.22881,-0.09310,0.00170,0.00000
182.00000,72.84000,0.08175,0.22357,-0.09066,0.00334,0.00000
182.10000,72.88000,0.07062,0.21883,-0.08774,0.00641,0.00000
182.20000,72.92000,0.05930,0.21465,-0.08441,0.01106,-0.00000
182.30000,72.96000,0.04789,0.21110,-0.08072,0.01737,0.00000
182.40000,73.00000,0.03649,0.20822,-0.07674,0.02532,0.00000
182.50000,73.04000,0.02517,0.20606,-0.07247,0.03482,-0.00000
182.60000,73.08000,0.01404,0.20466,-0.06793,0.04567,0.00000
182.70000,73.12000,0.00317,0.20404,-0.06313,0.05758,-0.00000
182.80000,73.16000,-0.00736,0.20423,-0.05804,0.07023,0.00000
182.90000,73.20000,-0.01747,0.20524,-0.05265,0.08320,0.00000
183.00000,73.24000,-0.02709,0.20708,-0.04695,0.09607,0.00000
183.10000,73.28000,-0.03616,0.20973,-0.04092,0.10841,0.00000
183.20000,73.32000,-0.04462,0.21319,-0.03457,0.11977,0.00000
183.30000,73.36000,-0.05242,0.21742,-0.02789,0.12978,0.00000
183.40000,73.40000,-0.05951,0.22241,-0.02093,0.13807,0.00000
183.50000,73.44000,-0.06586,0.22812,-0.01372,0.14436,0.00000
183.60000,73.48000,-0.07143,0.23450,-0.00633,0.14845,0.00000
183.70000,73.52000,-0.07622,0.24149,0.00116,0.15020,0.00000
183.80000,73.56000,-0.08020,0.24905,0.00868,0.14956,0.00000
183.90000,73.60000,-0.08338,0.25712,0.01610,0.14655,0.00000
184.00000,73.64000,-0.08576,0.26562,0.02335,0.14129,-0.00000
184.10000,73.68000,-0.08735,0.27448,0.03031,0.13392,-0.00000
184.20000,73.72000,-0.08817,0.28364,0.03688,0.12465,-0.00000
184.30000,73.76000,-0.08826,0.29301,0.04299,0.11371,-0.00000
184.40000,73.80000,-0.08765,0.30252,0.04857,0.10137,0.00000
184.50000,73.84000,-0.08638,0.31209,0.05357,0.08789,0.00000
184.60000,73.88000,-0.08451,0.32163,0.05795,0.07353,0.00000
184.70000,73.92000,-0.08209,0.33107,0.06171,0.05854,-0.00000
184.80000,73.96000,-0.07918,0.34031,0.06484,0.04315,0.00000
184.90000,74.00000,-0.07585,0.34927,0.06737,0.02756,0.00000
185.00000,74.04000,-0.07215,0.35787,0.06935,0.01197,0.00000
185.10000,74.08000,-0.06814,0.36604,0.07079,-0.00347,0.00000
185.20000,74.12000,-0.06391,0.37369,0.07177,-0.01861,-0.00000
185.30000,74.16000,-0.05951,0.38075,0.07231,-0.03332,0.00000
185.40000,74.20000,-0.05501,0.38715,0.07246,-0.04746,0.00000
185.50000,74.24000,-0.05046,0.39283,0.07225,-0.06091,0.00000
185.60000,74.28000,-0.04592,0.39773,0.07170,-0.07356,-0.00000
185.70000,74.32000,-0.04145,0.40179,0.07081,-0.08527,-0.00000
185.80000,74.36000,-0.03710,0.40498,0.06957,-0.09593,-0.00000
185.90000,74.40000,-0.03291,0.40727,0.06797,-0.10540,0.00000
186.00000,74.44000,-0.02893,0.40863,0.06597,-0.11356,0.00000
186.10000,74.48000,-0.02517,0.40906,0.06353,-0.12031,0.00000
186.20000,74.52000,-0.02169,0.40856,0.06063,-0.12555,-0.00000
186.30000,74.56000,-0.01849,0.40714,0.05721,-0.12920,-0.00000
186.40000,74.60000,-0.01560,0.40483,0.05326,-0.13122,0.00000
186.50000,74.64000,-0.01303,0.40166,0.04874,-0.13160,0.00000
186.60000,74.68000,-0.01080,0.39767,0.04366,-0.13038,0.00000
186.70000,74.72000,-0.00890,0.39292,0.03802,-0.12763,0.00000
186.80000,74.76000,-0.00733,0.38747,0.03187,-0.12345,0.00000
186.90000,74.80000,-0.00610,0.38140,0.02526,-0.11800,0.00000
187.00000,74.84000,-0.00519,0.37476,0.01826,-0.11146,0.00000
187.10000,74.88000,-0.00460,0.36765,0.01097,-0.10404,0.00000
187.20000,74.92000,-0.00430,0.36013,0.00350,-0.09596,0.00000
187.30000,74.96000,-0.00429,0.35229,-0.00403,-0.08745,0.00000
187.40000,75.00000,-0.00453,0.34421,-0.01149,-0.07874,0.00000
187.50000,75.04000,-0.00502,0.33596,-0.01875,-0.07005,0.00000
187.60000,75.08000,-0.00571,0.32762,-0.02568,-0.06156,0.00000
187.70000,75.12000,-0.00659,0.31926,-0.03214,-0.05343,0.00000
187.80000,75.16000,-0.00762,0.31095,-0.03805,-0.04579,0.00000
187.90000,75.20000,-0.00877,0.30276,-0.04330,-0.03873,-0.00000
188.00000,75.24000,-0.01001,0.29473,-0.04783,-0.03229,0.00000
188.10000,75.28000,-0.01129,0.28693,-0.05158,-0.02648,-0.00000
188.20000,75.32000,-0.01258,0.27941,-0.05453,-0.02128,0.00000
188.30000,75.36000,-0.01384,0.27222,-0.05668,-0.01664,0.00000
188.40000,75.40000,-0.01503,0.26540,-0.05805,-0.01249,0.00000
188.50000,75.44000,-0.01612,0.25899,-0.05867,-0.00874,0.00000
188.60000,75.48000,-0.01705,0.25303,-0.05860,-0.00532,0.00000
188.70000,75.52000,-0.01780,0.24756,-0.05791,-0.00213,0.00000
188.80000,75.56000,-0.01833,0.24260,-0.05668,0.00091,-0.00000
188.90000,75.60000,-0.01860,0.23817,-0.05499,0.00385,0.00000
189.00000,75.64000,-0.01858,0.23431,-0.05292,0.00675,0.00000
189.10000,75.68000,-0.01825,0.23103,-0.05055,0.00963,0.00000
189.20000,75.72000,-0.01759,0.22835,-0.04796,0.01251,-0.00000
189.30000,75.76000,-0.01657,0.22627,-0.04520,0.01538,0.00000
189.40000,75.80000,-0.01519,0.22479,-0.04232,0.01822,-0.00000
189.50000,75.84000,-0.01344,0.22392,-0.03935,0.02100,0.00000
189.60000,75.88000,-0.01132,0.22364,-0.03632,0.02370,0.00000
189.70000,75.92000,-0.00885,0.22395,-0.03322,0.02627,-0.00000
189.80000,75.96000,-0.00604,0.22482,-0.03005,0.02869,0.00000
189.90000,76.00000,-0.00291,0.22623,-0.02678,0.03091,-0.00000
190.00000,76.04000,0.00052,0.22815,-0.02339,0.03292,0.00000
190.10000,76.08000,0.00420,0.23055,-0.01984,0.03470,-0.00000
190.20000,76.12000,0.00810,0.23339,-0.01609,0.03624,0.00000
190.30000,76.16000,0.01218,0.23663,-0.01212,0.03753,-0.00000
190.40000,76.20000,0.01640,0.24023,-0.00788,0.03858,0.00000
190.50000,76.24000,0.02070,0.24415,-0.00337,0.03940,0.00000
190.60000,76.28000,0.02504,0.24835,0.00142,0.03999,0.00000
190.70000,76.32000,0.02937,0.25278,0.00648,0.04036,0.00000
190.80000,76.36000,0.03365,0.25741,0.01179,0.04054,-0.00000
190.90000,76.40000,0.03782,0.26218,0.01728,0.04053,-0.00000
191.00000,76.44000,0.04185,0.26707,0.02291,0.04036,0.00000
191.10000,76.48000,0.04569,0.27204,0.02858,0.04004,0.00000
191.20000,76.52000,0.04931,0.27705,0.03419,0.03960,0.00000
191.30000,76.56000,0.05269,0.28206,0.03963,0.03907,0.00000
191.40000,76.60000,0.05578,0.28705,0.04476,0.03849,-0.00000
191.50000,76.64000,0.05857,0.29197,0.04947,0.03789,0.00000
191.60000,76.68000,0.06104,0.29681,0.05361,0.03733,-0.00000
191.70000,76.72000,0.06317,0.30154,0.05706,0.03686,0.00000
191.80000,76.76000,0.06496,0.30612,0.05971,0.03654,0.00000
191.90000,76.80000,0.06639,0.31052,0.06145,0.03642,0.00000
192.00000,76.84000,0.06747,0.31473,0.06221,0.03657,0.00000
192.10000,76.88000,0.06818,0.31871,0.06192,0.03702,0.00000
192.20000,76.92000,0.06854,0.32245,0.06055,0.03780,0.00000
192.30000,76.96000,0.06854,0.32593,0.05811,0.03891,0.00000
192.40000,77.00000,0.06820,0.32912,0.05462,0.04036,0.00000
192.50000,77.04000,0.06750,0.33200,0.05015,0.04208,-0.00000
192.60000,77.08000,0.06647,0.33458,0.04478,0.04401,0.00000
192.70000,77.12000,0.06512,0.33684,0.03863,0.04605,0.00000
192.80000,77.16000,0.06344,0.33877,0.03182,0.04806,0.00000
192.90000,77.20000,0.06144,0.34037,0.02452,0.04989,0.00000
193.00000,77.24000,0.05915,0.34165,0.01688,0.05138,0.00000
193.10000,77.28000,0.05656,0.34262,0.00907,0.05234,0.00000
193.20000,77.32000,0.05369,0.34328,0.00126,0.05260,-0.00000
193.30000,77.36000,0.05055,0.34366,-0.00640,0.05199,0.00000
193.40000,77.40000,0.04715,0.34376,-0.01377,0.05038,0.00000
193.50000,77.44000,0.04349,0.34361,-0.02070,0.04767,0.00000
193.60000,77.48000,0.03959,0.34323,-0.02711,0.04378,0.00000
193.70000,77.52000,0.03546,0.34264,-0.03289,0.03870,0.00000
193.80000,77.56000,0.03112,0.34186,-0.03799,0.03248,0.00000
193.90000,77.60000,0.02656,0.34092,-0.04238,0.02520,0.00000
194.00000,77.64000,0.02181,0.33984,-0.04604,0.01701,0.00000
194.10000,77.68000,0.01688,0.33864,-0.04898,0.00811,-0.00000
194.20000,77.72000,0.01178,0.33734,-0.05124,-0.00128,-0.00000
194.30000,77.76000,0.00653,0.33595,-0.05285,-0.01089,-0.00000
194.40000,77.80000,0.00114,0.33450,-0.05388,-0.02045,0.00000
194.50000,77.84000,-0.00437,0.33299,-0.05437,-0.02968,0.00000
194.60000,77.88000,-0.00998,0.33145,-0.05441,-0.03831,0.00000
194.70000,77.92000,-0.01567,0.32989,-0.05404,-0.04611,0.00000
194.80000,77.96000,-0.02141,0.32831,-0.05332,-0.05287,0.00000
194.90000,78.00000,-0.02717,0.32673,-0.05230,-0.05843,-0.00000
195.00000,78.04000,-0.03292,0.32516,-0.05102,-0.06268,-0.00000
195.10000,78.08000,-0.03863,0.32361,-0.04950,-0.06558,0.00000
195.20000,78.12000,-0.04426,0.32208,-0.04775,-0.06713,0.00000
195.30000,78.16000,-0.04978,0.32058,-0.04577,-0.06738,0.00000
195.40000,78.20000,-0.05513,0.31912,-0.04356,-0.06646,0.00000
195.50000,78.24000,-0.06029,0.31770,-0.04110,-0.06450,-0.00000
195.60000,78.28000,-0.06519,0.31632,-0.03837,-0.06167,-0.00000
195.70000,78.32000,-0.06980,0.31499,-0.03534,-0.05817,0.00000
195.80000,78.36000,-0.07407,0.31368,-0.03199,-0.05420,0.00000
195.90000,78.40000,-0.07795,0.31241,-0.02830,-0.04996,0.00000
196.00000,78.44000,-0.08142,0.31116,-0.02427,-0.04564,0.00000
196.10000,78.48000,-0.08441,0.30992,-0.01988,-0.04139,0.00000
196.20000,78.52000,-0.08690,0.30867,-0.01517,-0.03737,0.00000
196.30000,78.56000,-0.08886,0.30739,-0.01014,-0.03367,-0.00000
196.40000,78.60000,-0.09027,0.30607,-0.00485,-0.03040,-0.00000
196.50000,78.64000,-0.09109,0.30469,0.00066,-0.02759,0.00000
196.60000,78.68000,-0.09132,0.30321,0.00631,-0.02528,0.00000
196.70000,78.72000,-0.09095,0.30162,0.01202,-0.02348,0.00000
196.80000,78.76000,-0.08998,0.29990,0.01770,-0.02217,-0.00000
196.90000,78.80000,-0.08842,0.29803,0.02326,-0.02132,0.00000
197.00000,78.84000,-0.08628,0.29599,0.02858,-0.02091,0.00000
197.10000,78.88000,-0.08357,0.29376,0.03358,-0.02088,0.00000
197.20000,78.92000,-0.08033,0.29134,0.03816,-0.02119,-0.00000
197.30000,78.96000,-0.07659,0.28872,0.04223,-0.02177,0.00000
197.40000,79.00000,-0.07238,0.28589,0.04573,-0.02258,0.00000
197.50000,79.04000,-0.06774,0.28288,0.04859,-0.02355,-0.00000
197.60000,79.08000,-0.06272,0.27967,0.05077,-0.02459,0.00000
197.70000,79.12000,-0.05736,0.27631,0.05226,-0.02564,0.00000
197.80000,79.16000,-0.05172,0.27279,0.05307,-0.02659,0.00000
197.90000,79.20000,-0.04583,0.26916,0.05321,-0.02735,-0.00000
198.00000,79.24000,-0.03977,0.26544,0.05274,-0.02779,0.00000
198.10000,79.28000,-0.03356,0.26167,0.05172,-0.02781,0.00000
198.20000,79.32000,-0.02728,0.25789,0.05023,-0.02726,0.00000
198.30000,79.36000,-0.02096,0.25414,0.04837,-0.02603,0.00000
198.40000,79.40000,-0.01465,0.25046,0.04624,-0.02401,0.00000
198.50000,79.44000,-0.00840,0.24692,0.04393,-0.02109,-0.00000
198.60000,79.48000,-0.00226,0.24354,0.04156,-0.01722,0.00000
198.70000,79.52000,0.00375,0.24039,0.03921,-0.01234,-0.00000
198.80000,79.56000,0.00957,0.23751,0.03697,-0.00648,0.00000
198.90000,79.60000,0.01519,0.23494,0.03491,0.00033,0.00000
199.00000,79.64000,0.02058,0.23274,0.03307,0.00798,-0.00000
199.10000,79.68000,0.02570,0.23094,0.03148,0.01632,0.00000
199.20000,79.72000,0.03054,0.22960,0.03014,0.02516,0.00000
199.30000,79.76000,0.03510,0.22874,0.02903,0.03426,0.00000
199.40000,79.80000,0.03934,0.22840,0.02812,0.04334,0.00000
199.50000,79.84000,0.04328,0.22861,0.02736,0.05212,0.00000
199.60000,79.88000,0.04691,0.22939,0.02667,0.06030,0.00000
199.70000,79.92000,0.05022,0.23075,0.02597,0.06758,0.00000
199.80000,79.96000,0.05322,0.23271,0.02519,0.07371,-0.00000
199.90000,80.00000,0.05592,0.23527,0.02424,0.07844,0.00000
200.00000,80.04000,0.05832,0.23842,0.02305,0.08160,0.00000
200.10000,80.08000,0.06043,0.24214,0.02156,0.08307,0.00000
200.20000,80.12000,0.06226,0.24641,0.01971,0.08279,-0.00000
200.30000,80.16000,0.06382,0.25120,0.01748,0.08077,0.00000
200.40000,80.20000,0.06512,0.25648,0.01486,0.07709,0.00000
200.50000,80.24000,0.06615,0.26219,0.01186,0.07190,0.00000
200.60000,80.28000,0.06694,0.26827,0.00850,0.06538,0.00000
200.70000,80.32000,0.06749,0.27468,0.00485,0.05778,-0.00000
200.80000,80.36000,0.06779,0.28134,0.00095,0.04937,0.00000
200.90000,80.40000,0.06785,0.28818,-0.00311,0.04042,0.00000
201.00000,80.44000,0.06768,0.29514,-0.00727,0.03122,-0.00000
201.10000,80.48000,0.06726,0.30213,-0.01143,0.02201,0.00000
201.20000,80.52000,0.06662,0.30909,-0.01552,0.01304,0.00000
201.30000,80.56000,0.06573,0.31595,-0.01947,0.00449,0.00000
201.40000,80.60000,0.06461,0.32263,-0.02323,-0.00348,0.00000
201.50000,80.64000,0.06325,0.32907,-0.02675,-0.01079,-0.00000
201.60000,80.68000,0.06166,0.33522,-0.03000,-0.01737,0.00000
201.70000,80.72000,0.05983,0.34103,-0.03298,-0.02323,0.00000
201.80000,80.76000,0.05778,0.34646,-0.03569,-0.02838,-0.00000
201.90000,80.80000,0.05550,0.35147,-0.03813,-0.03289,0.00000
202.00000,80.84000,0.05301,0.35605,-0.04033,-0.03681,0.00000
202.10000,80.88000,0.05032,0.36017,-0.04233,-0.04022,0.00000
202.20000,80.92000,0.04743,0.36385,-0.04414,-0.04318,0.00000
202.30000,80.96000,0.04436,0.36708,-0.04581,-0.04573,0.00000
202.40000,81.00000,0.04111,0.36989,-0.04736,-0.04788,-0.00000
202.50000,81.04000,0.03771,0.37229,-0.04879,-0.04961,-0.00000
202.60000,81.08000,0.03417,0.37432,-0.05011,-0.05089,0.00000
202.70000,81.12000,0.03051,0.37602,-0.05131,-0.05163,0.00000
202.80000,81.16000,0.02673,0.37744,-0.05238,-0.05174,-0.00000
202.90000,81.20000,0.02285,0.37861,-0.05328,-0.05111,0.00000
203.00000,81.24000,0.01890,0.37959,-0.05398,-0.04962,0.00000
203.10000,81.28000,0.01487,0.38043,-0.05443,-0.04715,0.00000
203.20000,81.32000,0.01081,0.38116,-0.05460,-0.04364,0.00000
203.30000,81.36000,0.00670,0.38183,-0.05444,-0.03902,0.00000
203.40000,81.40000,0.00258,0.38248,-0.05391,-0.03328,0.00000
203.50000,81.44000,-0.00153,0.38312,-0.05301,-0.02647,-0.00000
203.60000,81.48000,-0.00563,0.38377,-0.05171,-0.01868,0.00000
203.70000,81.52000,-0.00969,0.38445,-0.05001,-0.01006,0.00000
203.80000,81.56000,-0.01370,0.38514,-0.04795,-0.00081,0.00000
203.90000,81.60000,-0.01762,0.38583,-0.04554,0.00881,0.00000
204.00000,81.64000,-0.02145,0.38649,-0.04283,0.01852,0.00000
204.10000,81.68000,-0.02516,0.38707,-0.03987,0.02802,0.00000
204.20000,81.72000,-0.02873,0.38753,-0.03672,0.03699,-0.00000
204.30000,81.76000,-0.03213,0.38780,-0.03343,0.04513,0.00000
204.40000,81.80000,-0.03534,0.38780,-0.03005,0.05214,0.00000
204.50000,81.84000,-0.03835,0.38747,-0.02663,0.05779,-0.00000
204.60000,81.88000,-0.04113,0.38671,-0.02320,0.06187,-0.00000
204.70000,81.92000,-0.04367,0.38545,-0.01978,0.06424,-0.00000
204.80000,81.96000,-0.04595,0.38359,-0.01638,0.06485,-0.00000
204.90000,82.00000,-0.04796,0.38106,-0.01300,0.06367,0.00000
205.00000,82.04000,-0.04970,0.37777,-0.00962,0.06079,0.00000
205.10000,82.08000,-0.05116,0.37367,-0.00621,0.05633,-0.00000
205.20000,82.12000,-0.05233,0.36869,-0.00273,0.05047,0.00000
205.30000,82.16000,-0.05323,0.36278,0.00084,0.04345,0.00000
205.40000,82.20000,-0.05385,0.35592,0.00453,0.03554,0.00000
205.50000,82.24000,-0.05421,0.34809,0.00837,0.02701,0.00000
205.60000,82.28000,-0.05432,0.33930,0.01235,0.01817,0.00000
205.70000,82.32000,-0.05419,0.32956,0.01647,0.00929,0.00000
205.80000,82.36000,-0.05384,0.31892,0.02070,0.00064,-0.00000
205.90000,82.40000,-0.05329,0.30743,0.02499,-0.00755,0.00000
206.00000,82.44000,-0.05255,0.29516,0.02927,-0.01507,0.00000
206.10000,82.48000,-0.05164,0.28221,0.03345,-0.02177,0.00000
206.20000,82.52000,-0.05058,0.26867,0.03744,-0.02755,0.00000
206.30000,82.56000,-0.04937,0.25467,0.04113,-0.03234,0.00000
206.40000,82.60000,-0.04805,0.24034,0.04442,-0.03614,0.00000
206.50000,82.64000,-0.04660,0.22582,0.04721,-0.03895,0.00000
206.60000,82.68000,-0.04504,0.21124,0.04942,-0.04085,0.00000
206.70000,82.72000,-0.04339,0.19677,0.05097,-0.04192,0.00000
206.80000,82.76000,-0.04163,0.18255,0.05184,-0.04226,0.00000
206.90000,82.80000,-0.03977,0.16874,0.05199,-0.04200,-0.00000
207.00000,82.84000,-0.03782,0.15549,0.05146,-0.04127,0.00000
207.10000,82.88000,-0.03576,0.14295,0.05029,-0.04018,-0.00000
207.20000,82.92000,-0.03360,0.13128,0.04855,-0.03885,0.00000
207.30000,82.96000,-0.03133,0.12059,0.04634,-0.03740,0.00000
207.40000,83.00000,-0.02895,0.11102,0.04379,-0.03590,0.00000
207.50000,83.04000,-0.02645,0.10270,0.04103,-0.03442,0.00000
207.60000,83.08000,-0.02384,0.09571,0.03820,-0.03303,0.00000
207.70000,83.12000,-0.02111,0.09016,0.03545,-0.03175,0.00000
207.80000,83.16000,-0.01827,0.08612,0.03290,-0.03058,-0.00000
207.90000,83.20000,-0.01530,0.08366,0.03066,-0.02953,0.00000
208.00000,83.24000,-0.01223,0.08282,0.02885,-0.02857,0.00000
208.10000,83.28000,-0.00905,0.08363,0.02751,-0.02765,-0.00000
208.20000,83.32000,-0.00577,0.08610,0.02671,-0.02674,0.00000
208.30000,83.36000,-0.00241,0.09024,0.02645,-0.02578,0.00000
208.40000,83.40000,0.00104,0.09603,0.02671,-0.02470,0.00000
208.50000,83.44000,0.00454,0.10343,0.02747,-0.02345,0.00000
208.60000,83.48000,0.00810,0.11240,0.02866,-0.02196,0.00000
208.70000,83.52000,0.01168,0.12287,0.03022,-0.02018,0.00000
208.80000,83.56000,0.01528,0.13477,0.03205,-0.01806,0.00000
208.90000,83.60000,0.01888,0.14802,0.03407,-0.01557,-0.00000
209.00000,83.64000,0.02246,0.16251,0.03620,-0.01269,0.00000
209.10000,83.68000,0.02600,0.17815,0.03836,-0.00941,0.00000
209.20000,83.72000,0.02947,0.19482,0.04047,-0.00575,0.00000
209.30000,83.76000,0.03287,0.21240,0.04247,-0.00173,0.00000
209.40000,83.80000,0.03616,0.23078,0.04431,0.00258,-0.00000
209.50000,83.84000,0.03933,0.24982,0.04596,0.00712,0.00000
209.60000,83.88000,0.04236,0.26939,0.04738,0.01181,0.00000
209.70000,83.92000,0.04522,0.28936,0.04854,0.01656,0.00000
209.80000,83.96000,0.04790,0.30959,0.04943,0.02126,0.00000
209.90000,84.00000,0.05037,0.32996,0.05000,0.02580,-0.00000
210.00000,84.04000,0.05261,0.35031,0.05024,0.03008,0.00000
210.10000,84.08000,0.05461,0.37051,0.05010,0.03400,0.00000
210.20000,84.12000,0.05634,0.39042,0.04954,0.03746,0.00000
210.30000,84.16000,0.05778,0.40990,0.04850,0.04040,0.00000
210.40000,84.20000,0.05891,0.42880,0.04691,0.04275,0.00000
210.50000,84.24000,0.05973,0.44700,0.04470,0.04448,0.00000
210.60000,84.28000,0.06019,0.46434,0.04180,0.04557,0.00000
210.70000,84.32000,0.06031,0.48069,0.03813,0.04605,0.00000
210.80000,84.36000,0.06005,0.49592,0.03362,0.04594,0.00000
210.90000,84.40000,0.05940,0.50990,0.02824,0.04529,0.00000
211.00000,84.44000,0.05837,0.52251,0.02193,0.04417,-0.00000
211.10000,84.48000,0.05693,0.53363,0.01470,0.04266,0.00000
211.20000,84.52000,0.05508,0.54316,0.00655,0.04084,0.00000
211.30000,84.56000,0.05283,0.55101,-0.00247,0.03879,0.00000
211.40000,84.60000,0.05017,0.55709,-0.01228,0.03659,0.00000
211.50000,84.64000,0.04710,0.56135,-0.02278,0.03430,0.00000
211.60000,84.68000,0.04365,0.56374,-0.03383,0.03198,-0.00000
211.70000,84.72000,0.03981,0.56423,-0.04529,0.02964,0.00000
211.80000,84.76000,0.03561,0.56281,-0.05697,0.02732,-0.00000
211.90000,84.80000,0.03108,0.55950,-0.06870,0.02499,0.00000
212.00000,84.84000,0.02623,0.55433,-0.08030,0.02263,-0.00000
212.10000,84.88000,0.02110,0.54734,-0.09157,0.02021,0.00000
212.20000,84.92000,0.01572,0.53861,-0.10235,0.01767,-0.00000
212.30000,84.96000,0.01013,0.52822,-0.11247,0.01497,0.00000
212.40000,85.00000,0.00438,0.51627,-0.12181,0.01204,-0.00000
212.50000,85.04000,-0.00149,0.50288,-0.13024,0.00886,0.00000
212.60000,85.08000,-0.00743,0.48819,-0.13767,0.00538,0.00000
212.70000,85.12000,-0.01340,0.47232,-0.14405,0.00159,0.00000
212.80000,85.16000,-0.01933,0.45543,-0.14933,-0.00251,0.00000
212.90000,85.20000,-0.02519,0.43767,-0.15348,-0.00687,0.00000
213.00000,85.24000,-0.03091,0.41920,-0.15651,-0.01145,0.00000
213.10000,85.28000,-0.03644,0.40017,-0.15841,-0.01618,0.00000
213.20000,85.32000,-0.04175,0.38075,-0.15920,-0.02096,-0.00000
213.30000,85.36000,-0.04678,0.36108,-0.15889,-0.02567,0.00000
213.40000,85.40000,-0.05149,0.34134,-0.15750,-0.03021,0.00000
213.50000,85.44000,-0.05584,0.32166,-0.15501,-0.03445,0.00000
213.60000,85.48000,-0.05980,0.30220,-0.15144,-0.03827,0.00000
213.70000,85.52000,-0.06333,0.28310,-0.14676,-0.04157,0.00000
213.80000,85.56000,-0.06641,0.26447,-0.14096,-0.04425,0.00000
213.90000,85.60000,-0.06902,0.24647,-0.13402,-0.04625,0.00000
214.00000,85.64000,-0.07114,0.22919,-0.12589,-0.04752,0.00000
214.10000,85.68000,-0.07276,0.21275,-0.11657,-0.04804,0.00000
214.20000,85.72000,-0.07387,0.19725,-0.10603,-0.04783,0.00000
214.30000,85.76000,-0.07448,0.18278,-0.09426,-0.04692,0.00000
214.40000,85.80000,-0.07459,0.16941,-0.08129,-0.04537,0.00000
214.50000,85.84000,-0.07420,0.15721,-0.06714,-0.04326,0.00000
214.60000,85.88000,-0.07331,0.14624,-0.05187,-0.04068,0.00000
214.70000,85.92000,-0.07195,0.13654,-0.03558,-0.03774,-0.00000
214.80000,85.96000,-0.07012,0.12814,-0.01838,-0.03454,0.00000
214.90000,86.00000,-0.06785,0.12105,-0.00041,-0.03118,0.00000
215.00000,86.04000,-0.06515,0.11528,0.01814,-0.02774,0.00000
215.10000,86.08000,-0.06204,0.11081,0.03709,-0.02431,-0.00000
215.20000,86.12000,-0.05854,0.10762,0.05621,-0.02094,0.00000
215.30000,86.16000,-0.05467,0.10568,0.07526,-0.01766,0.00000
215.40000,86.20000,-0.05045,0.10493,0.09402,-0.01449,0.00000
215.50000,86.24000,-0.04591,0.10531,0.11222,-0.01143,0.00000
215.60000,86.28000,-0.04106,0.10678,0.12963,-0.00847,0.00000
215.70000,86.32000,-0.03593,0.10924,0.14601,-0.00555,-0.00000
215.80000,86.36000,-0.03055,0.11262,0.16113,-0.00265,0.00000
215.90000,86.40000,-0.02492,0.11685,0.17481,0.00029,0.00000
216.00000,86.44000,-0.01909,0.12184,0.18685,0.00332,-0.00000
216.10000,86.48000,-0.01306,0.12751,0.19710,0.00647,0.00000
216.20000,86.52000,-0.00687,0.13378,0.20544,0.00978,0.00000
216.30000,86.56000,-0.00054,0.14057,0.21178,0.01327,0.00000
216.40000,86.60000,0.00590,0.14781,0.21605,0.01692,0.00000
216.50000,86.64000,0.01243,0.15543,0.21823,0.02072,0.00000
216.60000,86.68000,0.01901,0.16337,0.21832,0.02464,0.00000
216.70000,86.72000,0.02561,0.17157,0.21635,0.02860,-0.00000
216.80000,86.76000,0.03220,0.17999,0.21238,0.03253,0.00000
216.90000,86.80000,0.03875,0.18858,0.20651,0.03634,0.00000
217.00000,86.84000,0.04521,0.19730,0.19885,0.03992,0.00000
217.10000,86.88000,0.05156,0.20612,0.18955,0.04318,0.00000
217.20000,86.92000,0.05775,0.21500,0.17875,0.04600,0.00000
217.30000,86.96000,0.06374,0.22393,0.16664,0.04828,0.00000
217.40000,87.00000,0.06948,0.23286,0.15342,0.04994,0.00000
217.50000,87.04000,0.07494,0.24179,0.13926,0.05089,-0.00000
217.60000,87.08000,0.08007,0.25069,0.12439,0.05107,0.00000
217.70000,87.12000,0.08483,0.25953,0.10900,0.05046,0.00000
217.80000,87.16000,0.08917,0.26831,0.09328,0.04903,0.00000
217.90000,87.20000,0.09306,0.27700,0.07743,0.04679,-0.00000
218.00000,87.24000,0.09645,0.28557,0.06162,0.04379,0.00000
218.10000,87.28000,0.09930,0.29402,0.04600,0.04006,-0.00000
218.20000,87.32000,0.10158,0.30232,0.03071,0.03569,0.00000
218.30000,87.36000,0.10326,0.31046,0.01584,0.03076,0.00000
218.40000,87.40000,0.10430,0.31842,0.00150,0.02537,0.00000
218.50000,87.44000,0.10469,0.32619,-0.01226,0.01961,0.00000
218.60000,87.48000,0.10439,0.33376,-0.02541,0.01360,-0.00000
218.70000,87.52000,0.10340,0.34110,-0.03794,0.00742,0.00000
218.80000,87.56000,0.10171,0.34822,-0.04985,0.00118,0.00000
218.90000,87.60000,0.09931,0.35510,-0.06116,-0.00505,0.00000
219.00000,87.64000,0.09620,0.36174,-0.07191,-0.01120,0.00000
219.10000,87.68000,0.09239,0.36813,-0.08213,-0.01722,0.00000
219.20000,87.72000,0.08789,0.37425,-0.09185,-0.02307,-0.00000
219.30000,87.76000,0.08273,0.38010,-0.10112,-0.02872,0.00000
219.40000,87.80000,0.07693,0.38568,-0.10995,-0.03415,-0.00000
219.50000,87.84000,0.07052,0.39097,-0.11835,-0.03935,0.00000
219.60000,87.88000,0.06354,0.39596,-0.12632,-0.04430,-0.00000
219.70000,87.92000,0.05604,0.40063,-0.13384,-0.04898,0.00000
219.80000,87.96000,0.04805,0.40496,-0.14086,-0.05335,0.00000
219.90000,88.00000,0.03963,0.40894,-0.14733,-0.05739,-0.00000
220.00000,88.04000,0.03084,0.41254,-0.15319,-0.06102,0.00000
220.10000,88.08000,0.02173,0.41573,-0.15835,-0.06417,-0.00000
220.20000,88.12000,0.01238,0.41849,-0.16273,-0.06674,0.00000
220.30000,88.16000,0.00284,0.42080,-0.16625,-0.06860,0.00000
220.40000,88.20000,-0.00681,0.42261,-0.16883,-0.06964,-0.00000
220.50000,88.24000,-0.01652,0.42390,-0.17039,-0.06971,0.00000
220.60000,88.28000,-0.02621,0.42465,-0.17087,-0.06867,0.00000
220.70000,88.32000,-0.03581,0.42483,-0.17022,-0.06640,0.00000
220.80000,88.36000,-0.04525,0.42442,-0.16840,-0.06278,0.00000
220.90000,88.40000,-0.05448,0.42340,-0.16541,-0.05773,0.00000
221.00000,88.44000,-0.06342,0.42177,-0.16123,-0.05121,0.00000
221.10000,88.48000,-0.07201,0.41952,-0.15590,-0.04323,0.00000
221.20000,88.52000,-0.08020,0.41665,-0.14943,-0.03383,0.00000
221.30000,88.56000,-0.08793,0.41318,-0.14187,-0.02315,0.00000
221.40000,88.60000,-0.09515,0.40912,-0.13328,-0.01136,0.00000
221.50000,88.64000,-0.10182,0.40451,-0.12372,0.00130,0.00000
221.60000,88.68000,-0.10789,0.39938,-0.11326,0.01453,-0.00000
221.70000,88.72000,-0.11333,0.39377,-0.10196,0.02801,0.00000
221.80000,88.76000,-0.11810,0.38773,-0.08990,0.04137,0.00000
221.90000,88.80000,-0.12219,0.38132,-0.07716,0.05422,-0.00000
222.00000,88.84000,-0.12557,0.37459,-0.06382,0.06618,0.00000
222.10000,88.88000,-0.12823,0.36761,-0.04996,0.07687,0.00000
222.20000,88.92000,-0.13015,0.36045,-0.03567,0.08598,-0.00000
222.30000,88.96000,-0.13135,0.35317,-0.02104,0.09322,0.00000
222.40000,89.00000,-0.13181,0.34583,-0.00619,0.09838,0.00000
222.50000,89.04000,-0.13154,0.33851,0.00879,0.10132,0.00000
222.60000,89.08000,-0.13056,0.33125,0.02376,0.10199,0.00000
222.70000,89.12000,-0.12888,0.32412,0.03858,0.10044,0.00000
222.80000,89.16000,-0.12651,0.31715,0.05312,0.09679,0.00000
222.90000,89.20000,-0.12350,0.31041,0.06722,0.09123,0.00000
223.00000,89.24000,-0.11985,0.30392,0.08072,0.08404,0.00000
223.10000,89.28000,-0.11560,0.29770,0.09346,0.07554,-0.00000
223.20000,89.32000,-0.11078,0.29179,0.10529,0.06607,0.00000
223.30000,89.36000,-0.10543,0.28619,0.11606,0.05601,0.00000
223.40000,89.40000,-0.09957,0.28092,0.12563,0.04570,-0.00000
223.50000,89.44000,-0.09326,0.27596,0.13389,0.03549,0.00000
223.60000,89.48000,-0.08651,0.27133,0.14074,0.02565,0.00000
223.70000,89.52000,-0.07938,0.26701,0.14612,0.01641,0.00000
223.80000,89.56000,-0.07190,0.26299,0.14999,0.00793,0.00000
223.90000,89.60000,-0.06411,0.25925,0.15235,0.00030,0.00000
224.00000,89.64000,-0.05605,0.25577,0.15323,-0.00649,0.00000
224.10000,89.68000,-0.04776,0.25255,0.15267,-0.01249,0.00000
224.20000,89.72000,-0.03927,0.24957,0.15076,-0.01782,0.00000
224.30000,89.76000,-0.03062,0.24680,0.14761,-0.02263,0.00000
224.40000,89.80000,-0.02185,0.24425,0.14335,-0.02712,0.00000
224.50000,89.84000,-0.01300,0.24189,0.13809,-0.03148,0.00000
224.60000,89.88000,-0.00411,0.23972,0.13199,-0.03590,-0.00000
224.70000,89.92000,0.00480,0.23774,0.12520,-0.04053,0.00000
224.80000,89.96000,0.01368,0.23594,0.11784,-0.04547,-0.00000
224.90000,90.00000,0.02251,0.23432,0.11005,-0.05078,-0.00000
225.00000,90.04000,0.03124,0.23289,0.10195,-0.05644,0.00000
225.10000,90.08000,0.03985,0.23165,0.09365,-0.06238,0.00000
225.20000,90.12000,0.04830,0.23059,0.08523,-0.06844,-0.00000
225.30000,90.16000,0.05656,0.22973,0.07676,-0.07443,0.00000
225.40000,90.20000,0.06459,0.22907,0.06832,-0.08010,0.00000
225.50000,90.24000,0.07238,0.22862,0.05993,-0.08518,0.00000
225.60000,90.28000,0.07989,0.22838,0.05166,-0.08938,0.00000
225.70000,90.32000,0.08709,0.22834,0.04351,-0.09245,-0.00000
225.80000,90.36000,0.09397,0.22852,0.03552,-0.09415,-0.00000
225.90000,90.40000,0.10048,0.22892,0.02772,-0.09428,0.00000
226.00000,90.44000,0.10663,0.22953,0.02011,-0.09273,0.00000
226.10000,90.48000,0.11237,0.23036,0.01271,-0.08944,0.00000
226.20000,90.52000,0.11770,0.23141,0.00555,-0.08444,-0.00000
226.30000,90.56000,0.12259,0.23267,-0.00137,-0.07784,0.00000
226.40000,90.60000,0.12703,0.23416,-0.00802,-0.06982,0.00000
226.50000,90.64000,0.13100,0.23586,-0.01441,-0.06063,-0.00000
226.60000,90.68000,0.13450,0.23778,-0.02052,-0.05055,0.00000
226.70000,90.72000,0.13749,0.23992,-0.02636,-0.03993,-0.00000
226.80000,90.76000,0.13997,0.24230,-0.03195,-0.02908,-0.00000
226.90000,90.80000,0.14193,0.24489,-0.03730,-0.01835,0.00000
227.00000,90.84000,0.14334,0.24772,-0.04243,-0.00804,0.00000
227.10000,90.88000,0.14419,0.25079,-0.04740,0.00159,0.00000
227.20000,90.92000,0.14446,0.25408,-0.05222,0.01033,-0.00000
227.30000,90.96000,0.14414,0.25761,-0.05695,0.01804,0.00000
227.40000,91.00000,0.14320,0.26136,-0.06162,0.02464,0.00000
227.50000,91.04000,0.14162,0.26533,-0.06625,0.03013,0.00000
227.60000,91.08000,0.13939,0.26949,-0.07086,0.03456,0.00000
227.70000,91.12000,0.13648,0.27383,-0.07546,0.03805,0.00000
227.80000,91.16000,0.13287,0.27833,-0.08003,0.04075,0.00000
227.90000,91.20000,0.12855,0.28294,-0.08454,0.04283,0.00000
228.00000,91.24000,0.12350,0.28763,-0.08893,0.04449,0.00000
228.10000,91.28000,0.11772,0.29236,-0.09312,0.04592,0.00000
228.20000,91.32000,0.11120,0.29706,-0.09703,0.04727,-0.00000
228.30000,91.36000,0.10393,0.30169,-0.10053,0.04869,0.00000
228.40000,91.40000,0.09593,0.30619,-0.10352,0.05026,0.00000
228.50000,91.44000,0.08721,0.31048,-0.10588,0.05206,0.00000
228.60000,91.48000,0.07779,0.31450,-0.10748,0.05407,0.00000
228.70000,91.52000,0.06770,0.31821,-0.10823,0.05627,0.00000
228.80000,91.56000,0.05698,0.32152,-0.10803,0.05860,0.00000
228.90000,91.60000,0.04569,0.32440,-0.10682,0.06094,0.00000
229.00000,91.64000,0.03387,0.32679,-0.10456,0.06320,0.00000
229.10000,91.68000,0.02160,0.32865,-0.10125,0.06525,0.00000
229.20000,91.72000,0.00895,0.32997,-0.09691,0.06698,0.00000
229.30000,91.76000,-0.00400,0.33071,-0.09160,0.06828,-0.00000
229.40000,91.80000,-0.01716,0.33089,-0.08541,0.06907,0.00000
229.50000,91.84000,-0.03042,0.33051,-0.07844,0.06929,0.00000
229.60000,91.88000,-0.04371,0.32960,-0.07084,0.06893,-0.00000
229.70000,91.92000,-0.05690,0.32820,-0.06275,0.06796,-0.00000
229.80000,91.96000,-0.06989,0.32636,-0.05430,0.06643,0.00000
229.90000,92.00000,-0.08259,0.32416,-0.04564,0.06438,0.00000
230.00000,92.04000,-0.09488,0.32165,-0.03690,0.06185,0.00000
230.10000,92.08000,-0.10666,0.31894,-0.02821,0.05891,-0.00000
230.20000,92.12000,-0.11784,0.31611,-0.01964,0.05561,0.00000
230.30000,92.16000,-0.12831,0.31326,-0.01128,0.05201,0.00000
230.40000,92.20000,-0.13799,0.31049,-0.00315,0.04815,0.00000
230.50000,92.24000,-0.14679,0.30788,0.00471,0.04403,0.00000
230.60000,92.28000,-0.15464,0.30555,0.01232,0.03968,0.00000
230.70000,92.32000,-0.16147,0.30356,0.01969,0.03509,0.00000
230.80000,92.36000,-0.16721,0.30201,0.02685,0.03024,0.00000
230.90000,92.40000,-0.17183,0.30095,0.03384,0.02512,-0.00000
231.00000,92.44000,-0.17527,0.30044,0.04070,0.01972,0.00000
231.10000,92.48000,-0.17751,0.30052,0.04744,0.01405,0.00000
231.20000,92.52000,-0.17854,0.30121,0.05407,0.00811,-0.00000
231.30000,92.56000,-0.17833,0.30254,0.06060,0.00197,0.00000
231.40000,92.60000,-0.17690,0.30449,0.06697,-0.00430,-0.00000
231.50000,92.64000,-0.17425,0.30704,0.07315,-0.01060,0.00000
231.60000,92.68000,-0.17042,0.31016,0.07905,-0.01681,0.00000
231.70000,92.72000,-0.16544,0.31381,0.08459,-0.02277,0.00000
231.80000,92.76000,-0.15936,0.31792,0.08965,-0.02833,0.00000
231.90000,92.80000,-0.15222,0.32242,0.09412,-0.03333,0.00000
232.00000,92.84000,-0.14410,0.32724,0.09790,-0.03762,0.00000
232.10000,92.88000,-0.13508,0.33230,0.10086,-0.04109,0.00000
232.20000,92.92000,-0.12522,0.33751,0.10292,-0.04365,0.00000
232.30000,92.96000,-0.11462,0.34277,0.10401,-0.04527,0.00000
232.40000,93.00000,-0.10338,0.34799,0.10407,-0.04595,-0.00000
232.50000,93.04000,-0.09159,0.35309,0.10310,-0.04579,0.00000
232.60000,93.08000,-0.07936,0.35797,0.10109,-0.04491,0.00000
232.70000,93.12000,-0.06679,0.36255,0.09809,-0.04351,0.00000
232.80000,93.16000,-0.05398,0.36675,0.09417,-0.04182,0.00000
232.90000,93.20000,-0.04105,0.37049,0.08942,-0.04011,0.00000
233.00000,93.24000,-0.02810,0.37370,0.08395,-0.03867,0.00000
233.10000,93.28000,-0.01522,0.37632,0.07788,-0.03778,0.00000
233.20000,93.32000,-0.00253,0.37830,0.07133,-0.03770,0.00000
233.30000,93.36000,0.00988,0.37960,0.06444,-0.03867,0.00000
233.40000,93.40000,0.02193,0.38017,0.05732,-0.04084,0.00000
233.50000,93.44000,0.03352,0.37999,0.05006,-0.04432,0.00000
233.60000,93.48000,0.04458,0.37904,0.04276,-0.04913,0.00000
233.70000,93.52000,0.05503,0.37732,0.03549,-0.05519,0.00000
233.80000,93.56000,0.06481,0.37482,0.02828,-0.06235,0.00000
233.90000,93.60000,0.07386,0.37154,0.02117,-0.07036,0.00000
234.00000,93.64000,0.08212,0.36752,0.01416,-0.07893,0.00000
234.10000,93.68000,0.08955,0.36277,0.00725,-0.08768,0.00000
234.20000,93.72000,0.09612,0.35732,0.00043,-0.09620,0.00000
234.30000,93.76000,0.10180,0.35123,-0.00631,-0.10409,0.00000
234.40000,93.80000,0.10656,0.34453,-0.01298,-0.11091,0.00000
234.50000,93.84000,0.11040,0.33730,-0.01960,-0.11629,0.00000
234.60000,93.88000,0.11332,0.32958,-0.02615,-0.11988,0.00000
234.70000,93.92000,0.11531,0.32144,-0.03262,-0.12141,0.00000
234.80000,93.96000,0.11639,0.31296,-0.03896,-0.12067,0.00000
234.90000,94.00000,0.11658,0.30422,-0.04514,-0.11755,0.00000
235.00000,94.04000,0.11591,0.29528,-0.05107,-0.11203,0.00000
235.10000,94.08000,0.11442,0.28624,-0.05670,-0.10418,0.00000
235.20000,94.12000,0.11214,0.27717,-0.06192,-0.09413,0.00000
235.30000,94.16000,0.10914,0.26816,-0.06668,-0.08212,0.00000
235.40000,94.20000,0.10545,0.25929,-0.07087,-0.06841,0.00000
235.50000,94.24000,0.10115,0.25063,-0.07443,-0.05334,0.00000
235.60000,94.28000,0.09631,0.24226,-0.07730,-0.03723,0.00000
235.70000,94.32000,0.09098,0.23427,-0.07943,-0.02045,-0.00000
235.80000,94.36000,0.08525,0.22672,-0.08080,-0.00335,0.00000
235.90000,94.40000,0.07920,0.21969,-0.08140,0.01374,0.00000
236.00000,94.44000,0.07289,0.21323,-0.08125,0.03053,0.00000
236.10000,94.48000,0.06640,0.20741,-0.08038,0.04675,0.00000
236.20000,94.52000,0.05982,0.20230,-0.07885,0.06217,0.00000
236.30000,94.56000,0.05321,0.19793,-0.07672,0.07662,0.00000
236.40000,94.60000,0.04664,0.19435,-0.07405,0.08996,0.00000
236.50000,94.64000,0.04018,0.19161,-0.07093,0.10206,0.00000
236.60000,94.68000,0.03390,0.18973,-0.06743,0.11286,0.00000
236.70000,94.72000,0.02784,0.18875,-0.06361,0.12230,0.00000
236.80000,94.76000,0.02207,0.18867,-0.05954,0.13032,0.00000
236.90000,94.80000,0.01662,0.18951,-0.05525,0.13690,-0.00000
237.00000,94.84000,0.01153,0.19126,-0.05078,0.14201,-0.00000
237.10000,94.88000,0.00683,0.19392,-0.04615,0.14562,0.00000
237.20000,94.92000,0.00255,0.19746,-0.04136,0.14772,0.00000
237.30000,94.96000,-0.00129,0.20185,-0.03640,0.14828,0.00000
237.40000,95.00000,-0.00469,0.20706,-0.03125,0.14730,0.00000
237.50000,95.04000,-0.00765,0.21303,-0.02591,0.14478,0.00000
237.60000,95.08000,-0.01016,0.21970,-0.02034,0.14075,0.00000
237.70000,95.12000,-0.01223,0.22701,-0.01455,0.13525,0.00000
237.80000,95.16000,-0.01388,0.23487,-0.00852,0.12835,0.00000
237.90000,95.20000,-0.01512,0.24321,-0.00227,0.12016,-0.00000
238.00000,95.24000,-0.01597,0.25194,0.00417,0.11082,0.00000
238.10000,95.28000,-0.01646,0.26096,0.01076,0.10050,-0.00000
238.20000,95.32000,-0.01661,0.27018,0.01744,0.08938,0.00000
238.30000,95.36000,-0.01646,0.27951,0.02413,0.07769,0.00000
238.40000,95.40000,-0.01604,0.28886,0.03074,0.06567,0.00000
238.50000,95.44000,-0.01538,0.29813,0.03715,0.05355,0.00000
238.60000,95.48000,-0.01452,0.30724,0.04325,0.04157,0.00000
238.70000,95.52000,-0.01349,0.31611,0.04894,0.02997,0.00000
238.80000,95.56000,-0.01232,0.32467,0.05408,0.01894,0.00000
238.90000,95.60000,-0.01107,0.33283,0.05859,0.00867,0.00000
239.00000,95.64000,-0.00975,0.34056,0.06236,-0.00072,0.00000
239.10000,95.68000,-0.00842,0.34778,0.06532,-0.00913,-0.00000
239.20000,95.72000,-0.00711,0.35447,0.06742,-0.01650,0.00000
239.30000,95.76000,-0.00585,0.36057,0.06861,-0.02283,-0.00000
239.40000,95.80000,-0.00467,0.36606,0.06890,-0.02815,0.00000
239.50000,95.84000,-0.00362,0.37092,0.06830,-0.03253,0.00000
239.60000,95.88000,-0.00273,0.37512,0.06685,-0.03606,0.00000
239.70000,95.92000,-0.00202,0.37865,0.06461,-0.03886,0.00000
239.80000,95.96000,-0.00153,0.38152,0.06166,-0.04106,0.00000
239.90000,96.00000,-0.00128,0.38371,0.05809,-0.04278,-0.00000
240.00000,96.04000,-0.00130,0.38522,0.05401,-0.04414,0.00000
240.10000,96.08000,-0.00159,0.38606,0.04953,-0.04526,0.00000
240.20000,96.12000,-0.00219,0.38625,0.04475,-0.04623,0.00000
240.30000,96.16000,-0.00310,0.38579,0.03978,-0.04711,-0.00000
240.40000,96.20000,-0.00432,0.38470,0.03471,-0.04796,0.00000
240.50000,96.24000,-0.00586,0.38300,0.02964,-0.04880,0.00000
240.60000,96.28000,-0.00771,0.38072,0.02463,-0.04962,0.00000
240.70000,96.32000,-0.00986,0.37789,0.01973,-0.05043,0.00000
240.80000,96.36000,-0.01228,0.37454,0.01499,-0.05118,0.00000
240.90000,96.40000,-0.01497,0.37070,0.01043,-0.05186,0.00000
241.00000,96.44000,-0.01789,0.36643,0.00604,-0.05240,0.00000
241.10000,96.48000,-0.02100,0.36176,0.00183,-0.05279,0.00000
241.20000,96.52000,-0.02427,0.35674,-0.00223,-0.05298,0.00000
241.30000,96.56000,-0.02765,0.35142,-0.00616,-0.05296,-0.00000
241.40000,96.60000,-0.03110,0.34586,-0.01000,-0.05270,-0.00000
241.50000,96.64000,-0.03456,0.34010,-0.01378,-0.05220,0.00000
241.60000,96.68000,-0.03800,0.33421,-0.01753,-0.05147,-0.00000
241.70000,96.72000,-0.04135,0.32823,-0.02127,-0.05051,0.00000
241.80000,96.76000,-0.04458,0.32221,-0.02502,-0.04934,0.00000
241.90000,96.80000,-0.04763,0.31621,-0.02877,-0.04798,0.00000
242.00000,96.84000,-0.05045,0.31028,-0.03252,-0.04646,0.00000
242.10000,96.88000,-0.05301,0.30445,-0.03623,-0.04481,0.00000
242.20000,96.92000,-0.05526,0.29876,-0.03986,-0.04305,-0.00000
242.30000,96.96000,-0.05719,0.29326,-0.04333,-0.04121,-0.00000
242.40000,97.00000,-0.05875,0.28797,-0.04659,-0.03931,0.00000
242.50000,97.04000,-0.05993,0.28293,-0.04954,-0.03737,0.00000
242.60000,97.08000,-0.06071,0.27815,-0.05209,-0.03544,0.00000
242.70000,97.12000,-0.06109,0.27367,-0.05413,-0.03353,0.00000
242.80000,97.16000,-0.06105,0.26949,-0.05556,-0.03167,0.00000
242.90000,97.20000,-0.06060,0.26564,-0.05630,-0.02989,0.00000
243.00000,97.24000,-0.05975,0.26213,-0.05625,-0.02824,0.00000
243.10000,97.28000,-0.05850,0.25898,-0.05535,-0.02674,-0.00000
243.20000,97.32000,-0.05687,0.25618,-0.05355,-0.02543,0.00000
243.30000,97.36000,-0.05487,0.25375,-0.05081,-0.02434,0.00000
243.40000,97.40000,-0.05253,0.25170,-0.04713,-0.02348,0.00000
243.50000,97.44000,-0.04986,0.25003,-0.04255,-0.02286,0.00000
243.60000,97.48000,-0.04688,0.24873,-0.03710,-0.02249,-0.00000
243.70000,97.52000,-0.04362,0.24782,-0.03087,-0.02232,0.00000
243.80000,97.56000,-0.04010,0.24727,-0.02397,-0.02232,0.00000
243.90000,97.60000,-0.03634,0.24710,-0.01652,-0.02241,0.00000
244.00000,97.64000,-0.03236,0.24728,-0.00868,-0.02250,-0.00000
244.10000,97.68000,-0.02820,0.24781,-0.00061,-0.02249,-0.00000
244.20000,97.72000,-0.02386,0.24866,0.00753,-0.02224,0.00000
244.30000,97.76000,-0.01938,0.24982,0.01557,-0.02162,0.00000
244.40000,97.80000,-0.01476,0.25127,0.02332,-0.02048,0.00000
244.50000,97.84000,-0.01004,0.25297,0.03063,-0.01871,0.00000
244.60000,97.88000,-0.00523,0.25490,0.03735,-0.01619,-0.00000
244.70000,97.92000,-0.00035,0.25703,0.04337,-0.01282,0.00000
244.80000,97.96000,0.00457,0.25934,0.04857,-0.00855,0.00000
244.90000,98.00000,0.00953,0.26178,0.05289,-0.00337,0.00000
245.00000,98.04000,0.01451,0.26433,0.05627,0.00269,0.00000
245.10000,98.08000,0.01948,0.26696,0.05869,0.00955,0.00000
245.20000,98.12000,0.02442,0.26965,0.06018,0.01709,0.00000
245.30000,98.16000,0.02933,0.27236,0.06075,0.02513,-0.00000
245.40000,98.20000,0.03417,0.27507,0.06046,0.03347,0.00000
245.50000,98.24000,0.03894,0.27777,0.05940,0.04185,0.00000
245.60000,98.28000,0.04362,0.28044,0.05764,0.05002,0.00000
245.70000,98.32000,0.04817,0.28306,0.05527,0.05772,0.00000
245.80000,98.36000,0.05260,0.28561,0.05241,0.06470,0.00000
245.90000,98.40000,0.05686,0.28809,0.04914,0.07071,-0.00000
246.00000,98.44000,0.06095,0.29050,0.04556,0.07555,0.00000
246.10000,98.48000,0.06483,0.29282,0.04174,0.07907,0.00000
246.20000,98.52000,0.06848,0.29504,0.03777,0.08116,0.00000
246.30000,98.56000,0.07188,0.29718,0.03369,0.08178,0.00000
246.40000,98.60000,0.07500,0.29922,0.02954,0.08093,0.00000
246.50000,98.64000,0.07780,0.30116,0.02536,0.07869,0.00000
246.60000,98.68000,0.08026,0.30301,0.02116,0.07518,0.00000
246.70000,98.72000,0.08235,0.30476,0.01694,0.07056,0.00000
246.80000,98.76000,0.08405,0.30643,0.01269,0.06505,0.00000
246.90000,98.80000,0.08531,0.30801,0.00841,0.05886,0.00000
247.00000,98.84000,0.08611,0.30951,0.00406,0.05223,-0.00000
247.10000,98.88000,0.08644,0.31094,-0.00034,0.04541,0.00000
247.20000,98.92000,0.08626,0.31230,-0.00483,0.03861,0.00000
247.30000,98.96000,0.08556,0.31362,-0.00940,0.03205,0.00000
247.40000,99.00000,0.08433,0.31490,-0.01404,0.02589,0.00000
247.50000,99.04000,0.08256,0.31616,-0.01874,0.02028,-0.00000
247.60000,99.08000,0.08024,0.31742,-0.02347,0.01531,0.00000
247.70000,99.12000,0.07737,0.31868,-0.02818,0.01104,0.00000
247.80000,99.16000,0.07398,0.31998,-0.03282,0.00750,0.00000
247.90000,99.20000,0.07007,0.32132,-0.03733,0.00468,0.00000
248.00000,99.24000,0.06566,0.32273,-0.04162,0.00254,-0.00000
248.10000,99.28000,0.06079,0.32421,-0.04563,0.00101,0.00000
248.20000,99.32000,0.05549,0.32578,-0.04927,0.00003,0.00000
248.30000,99.36000,0.04980,0.32744,-0.05246,-0.00049,-0.00000
248.40000,99.40000,0.04376,0.32919,-0.05512,-0.00064,-0.00000
248.50000,99.44000,0.03743,0.33105,-0.05720,-0.00050,0.00000
248.60000,99.48000,0.03086,0.33299,-0.05862,-0.00018,0.00000
248.70000,99.52000,0.02411,0.33501,-0.05936,0.00025,0.00000
248.80000,99.56000,0.01722,0.33709,-0.05939,0.00071,0.00000
248.90000,99.60000,0.01026,0.33922,-0.05871,0.00111,-0.00000
249.00000,99.64000,0.00329,0.34136,-0.05733,0.00139,0.00000
249.10000,99.68000,-0.00364,0.34348,-0.05529,0.00146,0.00000
249.20000,99.72000,-0.01047,0.34556,-0.05266,0.00124,0.00000
249.30000,99.76000,-0.01716,0.34754,-0.04949,0.00066,0.00000
249.40000,99.80000,-0.02364,0.34940,-0.04590,-0.00036,0.00000
249.50000,99.84000,-0.02988,0.35110,-0.04196,-0.00189,0.00000
249.60000,99.88000,-0.03583,0.35259,-0.03781,-0.00401,0.00000
249.70000,99.92000,-0.04145,0.35382,-0.03353,-0.00676,-0.00000
249.80000,99.96000,-0.04672,0.35477,-0.02925,-0.01019,-0.00000
249.90000,100.00000,-0.05160,0.35540,-0.02507,-0.01432,0.00000
250.00000,100.04000,-0.05606,0.35566,-0.02107,-0.01912,0.00000
250.10000,100.08000,-0.06010,0.35552,-0.01734,-0.02456,-0.00000
250.20000,100.12000,-0.06370,0.35497,-0.01393,-0.03054,0.00000
250.30000,100.16000,-0.06685,0.35396,-0.01088,-0.03694,0.00000
250.40000,100.20000,-0.06955,0.35249,-0.00819,-0.04360,-0.00000
250.50000,100.24000,-0.07180,0.35053,-0.00587,-0.05032,0.00000
250.60000,100.28000,-0.07360,0.34808,-0.00388,-0.05686,0.00000
250.70000,100.32000,-0.07497,0.34514,-0.00217,-0.06299,0.00000
250.80000,100.36000,-0.07591,0.34170,-0.00068,-0.06845,0.00000
250.90000,100.40000,-0.07645,0.33778,0.00067,-0.07298,-0.00000
251.00000,100.44000,-0.07661,0.33339,0.00196,-0.07635,0.00000
251.10000,100.48000,-0.07640,0.32855,0.00327,-0.07835,0.00000
251.20000,100.52000,-0.07584,0.32330,0.00468,-0.07883,0.00000
251.30000,100.56000,-0.07497,0.31767,0.00627,-0.07767,0.00000
251.40000,100.60000,-0.07380,0.31170,0.00809,-0.07483,0.00000
251.50000,100.64000,-0.07236,0.30544,0.01018,-0.07033,0.00000
251.60000,100.68000,-0.07066,0.29895,0.01256,-0.06425,0.00000
251.70000,100.72000,-0.06873,0.29228,0.01523,-0.05675,0.00000
251.80000,100.76000,-0.06658,0.28551,0.01817,-0.04804,-0.00000
251.90000,100.80000,-0.06424,0.27870,0.02134,-0.03837,0.00000
252.00000,100.84000,-0.06171,0.27191,0.02467,-0.02804,0.00000
252.10000,100.88000,-0.05902,0.26523,0.02811,-0.01736,0.00000
252.20000,100.92000,-0.05616,0.25872,0.03156,-0.00664,0.00000
252.30000,100.96000,-0.05316,0.25245,0.03495,0.00382,0.00000
252.40000,101.00000,-0.05001,0.24649,0.03818,0.01374,0.00000
252.50000,101.04000,-0.04672,0.24089,0.04119,0.02288,-0.00000
252.60000,101.08000,-0.04331,0.23573,0.04390,0.03106,0.00000
252.70000,101.12000,-0.03978,0.23104,0.04625,0.03815,0.00000
252.80000,101.16000,-0.03613,0.22688,0.04822,0.04406,0.00000
252.90000,101.20000,-0.03238,0.22326,0.04977,0.04877,0.00000
253.00000,101.24000,-0.02853,0.22022,0.05091,0.05233,0.00000
253.10000,101.28000,-0.02459,0.21777,0.05164,0.05479,0.00000
253.20000,101.32000,-0.02058,0.21592,0.05200,0.05627,0.00000
253.30000,101.36000,-0.01650,0.21465,0.05201,0.05687,-0.00000
253.40000,101.40000,-0.01237,0.21395,0.05173,0.05674,-0.00000
253.50000,101.44000,-0.00821,0.21380,0.05119,0.05598,0.00000
253.60000,101.48000,-0.00404,0.21417,0.05044,0.05470,0.00000
253.70000,101.52000,0.00014,0.21500,0.04952,0.05298,0.00000
253.80000,101.56000,0.00429,0.21627,0.04846,0.05086,0.00000
253.90000,101.60000,0.00842,0.21791,0.04727,0.04837,0.00000
254.00000,101.64000,0.01248,0.21987,0.04597,0.04549,0.00000
254.10000,101.68000,0.01648,0.22210,0.04454,0.04217,-0.00000
254.20000,101.72000,0.02039,0.22454,0.04298,0.03837,0.00000
254.30000,101.76000,0.02420,0.22714,0.04126,0.03402,0.00000
254.40000,101.80000,0.02789,0.22985,0.03935,0.02907,0.00000
254.50000,101.84000,0.03144,0.23263,0.03723,0.02347,0.00000
254.60000,101.88000,0.03485,0.23544,0.03485,0.01720,0.00000
254.70000,101.92000,0.03810,0.23826,0.03221,0.01030,-0.00000
254.80000,101.96000,0.04117,0.24105,0.02928,0.00281,0.00000
254.90000,102.00000,0.04405,0.24383,0.02606,-0.00513,0.00000
255.00000,102.04000,0.04674,0.24658,0.02257,-0.01339,0.00000
255.10000,102.08000,0.04921,0.24933,0.01884,-0.02175,0.00000
255.20000,102.12000,0.05145,0.25209,0.01489,-0.02999,0.00000
255.30000,102.16000,0.05346,0.25489,0.01077,-0.03784,0.00000
255.40000,102.20000,0.05521,0.25780,0.00655,-0.04503,0.00000
255.50000,102.24000,0.05671,0.26084,0.00228,-0.05129,0.00000
255.60000,102.28000,0.05793,0.26408,-0.00197,-0.05637,0.00000
255.70000,102.32000,0.05887,0.26759,-0.00616,-0.06004,0.00000
255.80000,102.36000,0.05951,0.27142,-0.01021,-0.06213,0.00000
255.90000,102.40000,0.05987,0.27564,-0.01411,-0.06251,0.00000
256.00000,102.44000,0.05992,0.28030,-0.01782,-0.06114,0.00000
256.10000,102.48000,0.05967,0.28547,-0.02132,-0.05802,0.00000
256.20000,102.52000,0.05913,0.29119,-0.02461,-0.05323,0.00000
256.30000,102.56000,0.05829,0.29750,-0.02772,-0.04692,0.00000
256.40000,102.60000,0.05717,0.30442,-0.03066,-0.03929,0.00000
256.50000,102.64000,0.05578,0.31197,-0.03346,-0.03061,0.00000
256.60000,102.68000,0.05413,0.32015,-0.03616,-0.02116,0.00000
256.70000,102.72000,0.05224,0.32893,-0.03878,-0.01126,0.00000
256.80000,102.76000,0.05014,0.33827,-0.04134,-0.00123,0.00000
256.90000,102.80000,0.04784,0.34813,-0.04386,0.00861,-0.00000
257.00000,102.84000,0.04538,0.35844,-0.04633,0.01797,0.00000
257.10000,102.88000,0.04276,0.36911,-0.04874,0.02658,0.00000
257.20000,102.92000,0.04003,0.38004,-0.05105,0.03422,0.00000
257.30000,102.96000,0.03719,0.39112,-0.05320,0.04074,0.00000
257.40000,103.00000,0.03428,0.40222,-0.05513,0.04600,0.00000
257.50000,103.04000,0.03131,0.41322,-0.05677,0.04996,0.00000
257.60000,103.08000,0.02831,0.42398,-0.05804,0.05261,0.00000
257.70000,103.12000,0.02528,0.43435,-0.05885,0.05399,0.00000
257.80000,103.16000,0.02224,0.44420,-0.05914,0.05419,0.00000
257.90000,103.20000,0.01921,0.45338,-0.05884,0.05333,0.00000
258.00000,103.24000,0.01617,0.46175,-0.05793,0.05156,0.00000
258.10000,103.28000,0.01315,0.46919,-0.05638,0.04905,-0.00000
258.20000,103.32000,0.01014,0.47557,-0.05420,0.04597,0.00000
258.30000,103.36000,0.00715,0.48077,-0.05144,0.04248,0.00000
258.40000,103.40000,0.00416,0.48469,-0.04816,0.03875,0.00000
258.50000,103.44000,0.00119,0.48725,-0.04446,0.03492,-0.00000
258.60000,103.48000,-0.00178,0.48838,-0.04044,0.03112,0.00000
258.70000,103.52000,-0.00474,0.48800,-0.03625,0.02744,0.00000
258.80000,103.56000,-0.00769,0.48609,-0.03201,0.02397,0.00000
258.90000,103.60000,-0.01064,0.48262,-0.02787,0.02074,0.00000
259.00000,103.64000,-0.01359,0.47757,-0.02396,0.01778,0.00000
259.10000,103.68000,-0.01653,0.47097,-0.02042,0.01510,-0.00000
259.20000,103.72000,-0.01945,0.46283,-0.01733,0.01267,0.00000
259.30000,103.76000,-0.02235,0.45319,-0.01478,0.01046,0.00000
259.40000,103.80000,-0.02522,0.44212,-0.01282,0.00842,0.00000
259.50000,103.84000,-0.02805,0.42969,-0.01146,0.00649,0.00000
259.60000,103.88000,-0.03082,0.41599,-0.01069,0.00461,0.00000
259.70000,103.92000,-0.03353,0.40112,-0.01048,0.00273,-0.00000
259.80000,103.96000,-0.03615,0.38520,-0.01075,0.00077,0.00000
259.90000,104.00000,-0.03868,0.36835,-0.01142,-0.00132,-0.00000
260.00000,104.04000,-0.04109,0.35069,-0.01238,-0.00358,0.00000
260.10000,104.08000,-0.04337,0.33238,-0.01353,-0.00604,0.00000
260.20000,104.12000,-0.04550,0.31355,-0.01476,-0.00873,0.00000
260.30000,104.16000,-0.04746,0.29435,-0.01596,-0.01165,-0.00000
260.40000,104.20000,-0.04924,0.27494,-0.01703,-0.01479,-0.00000
260.50000,104.24000,-0.05083,0.25547,-0.01789,-0.01812,0.00000
260.60000,104.28000,-0.05219,0.23608,-0.01846,-0.02161,0.00000
260.70000,104.32000,-0.05333,0.21692,-0.01870,-0.02518,-0.00000
260.80000,104.36000,-0.05423,0.19814,-0.01857,-0.02877,0.00000
260.90000,104.40000,-0.05486,0.17988,-0.01804,-0.03230,0.00000
261.00000,104.44000,-0.05524,0.16226,-0.01710,-0.03568,0.00000
261.10000,104.48000,-0.05533,0.14543,-0.01576,-0.03880,0.00000
261.20000,104.52000,-0.05514,0.12949,-0.01400,-0.04157,0.00000
261.30000,104.56000,-0.05465,0.11458,-0.01183,-0.04391,-0.00000
261.40000,104.60000,-0.05386,0.10078,-0.00924,-0.04574,-0.00000
261.50000,104.64000,-0.05275,0.08822,-0.00623,-0.04698,0.00000
261.60000,104.68000,-0.05134,0.07698,-0.00278,-0.04759,0.00000
261.70000,104.72000,-0.04961,0.06715,0.00112,-0.04754,-0.00000
261.80000,104.76000,-0.04756,0.05881,0.00551,-0.04682,0.00000
261.90000,104.80000,-0.04519,0.05204,0.01040,-0.04545,0.00000
262.00000,104.84000,-0.04252,0.04691,0.01582,-0.04346,0.00000
262.10000,104.88000,-0.03953,0.04346,0.02179,-0.04091,0.00000
262.20000,104.92000,-0.03623,0.04175,0.02831,-0.03788,-0.00000
262.30000,104.96000,-0.03265,0.04181,0.03537,-0.03445,0.00000
262.40000,105.00000,-0.02878,0.04366,0.04294,-0.03073,0.00000
262.50000,105.04000,-0.02465,0.04732,0.05096,-0.02682,0.00000
262.60000,105.08000,-0.02026,0.05277,0.05936,-0.02280,-0.00000
262.70000,105.12000,-0.01565,0.06000,0.06804,-0.01878,0.00000
262.80000,105.16000,-0.01083,0.06898,0.07686,-0.01482,0.00000
262.90000,105.20000,-0.00584,0.07964,0.08568,-0.01099,0.00000
263.00000,105.24000,-0.00069,0.09192,0.09432,-0.00733,0.00000
263.10000,105.28000,0.00457,0.10574,0.10263,-0.00386,0.00000
263.20000,105.32000,0.00990,0.12098,0.11042,-0.00057,0.00000
263.30000,105.36000,0.01528,0.13753,0.11752,0.00255,0.00000
263.40000,105.40000,0.02066,0.15525,0.12375,0.00553,0.00000
263.50000,105.44000,0.02600,0.17399,0.12898,0.00842,0.00000
263.60000,105.48000,0.03125,0.19361,0.13307,0.01127,0.00000
263.70000,105.52000,0.03636,0.21392,0.13594,0.01412,0.00000
263.80000,105.56000,0.04130,0.23475,0.13751,0.01702,0.00000
263.90000,105.60000,0.04601,0.25593,0.13773,0.01999,0.00000
264.00000,105.64000,0.05044,0.27727,0.13661,0.02305,-0.00000
264.10000,105.68000,0.05457,0.29860,0.13416,0.02619,0.00000
264.20000,105.72000,0.05833,0.31975,0.13041,0.02939,0.00000
264.30000,105.76000,0.06170,0.34053,0.12544,0.03260,0.00000
264.40000,105.80000,0.06464,0.36079,0.11931,0.03575,0.00000
264.50000,105.84000,0.06712,0.38038,0.11211,0.03875,0.00000
264.60000,105.88000,0.06911,0.39915,0.10391,0.04151,0.00000
264.70000,105.92000,0.07059,0.41697,0.09481,0.04394,0.00000
264.80000,105.96000,0.07154,0.43373,0.08487,0.04592,0.00000
264.90000,106.00000,0.07196,0.44931,0.07416,0.04736,0.00000
265.00000,106.04000,0.07184,0.46362,0.06274,0.04819,0.00000
265.10000,106.08000,0.07117,0.47659,0.05065,0.04833,-0.00000
265.20000,106.12000,0.06997,0.48815,0.03794,0.04774,0.00000
265.30000,106.16000,0.06825,0.49825,0.02465,0.04642,0.00000
265.40000,106.20000,0.06602,0.50684,0.01080,0.04436,-0.00000
265.50000,106.24000,0.06331,0.51390,-0.00357,0.04162,0.00000
265.60000,106.28000,0.06013,0.51941,-0.01840,0.03826,0.00000
265.70000,106.32000,0.05652,0.52339,-0.03364,0.03437,0.00000
265.80000,106.36000,0.05251,0.52583,-0.04920,0.03005,-0.00000
265.90000,106.40000,0.04813,0.52676,-0.06500,0.02541,0.00000
266.00000,106.44000,0.04341,0.52622,-0.08090,0.02059,0.00000
266.10000,106.48000,0.03839,0.52425,-0.09677,0.01569,0.00000
266.20000,106.52000,0.03312,0.52091,-0.11244,0.01084,0.00000
266.30000,106.56000,0.02762,0.51629,-0.12774,0.00612,0.00000
266.40000,106.60000,0.02193,0.51044,-0.14246,0.00164,0.00000
266.50000,106.64000,0.01608,0.50347,-0.15641,-0.00257,0.00000
266.60000,106.68000,0.01012,0.49547,-0.16937,-0.00645,0.00000
266.70000,106.72000,0.00407,0.48654,-0.18113,-0.01000,-0.00000
266.80000,106.76000,-0.00203,0.47679,-0.19150,-0.01321,0.00000
266.90000,106.80000,-0.00815,0.46634,-0.20029,-0.01611,0.00000
267.00000,106.84000,-0.01426,0.45529,-0.20733,-0.01875,0.00000
267.10000,106.88000,-0.02033,0.44375,-0.21249,-0.02117,0.00000
267.20000,106.92000,-0.02633,0.43184,-0.21565,-0.02342,0.00000
267.30000,106.96000,-0.03224,0.41967,-0.21673,-0.02556,0.00000
267.40000,107.00000,-0.03802,0.40732,-0.21569,-0.02763,-0.00000
267.50000,107.04000,-0.04365,0.39491,-0.21252,-0.02967,-0.00000
267.60000,107.08000,-0.04911,0.38250,-0.20724,-0.03169,0.00000
267.70000,107.12000,-0.05436,0.37018,-0.19991,-0.03370,0.00000
267.80000,107.16000,-0.05938,0.35802,-0.19063,-0.03569,0.00000
267.90000,107.20000,-0.06415,0.34607,-0.17951,-0.03762,-0.00000
268.00000,107.24000,-0.06863,0.33439,-0.16670,-0.03943,0.00000
268.10000,107.28000,-0.07280,0.32301,-0.15237,-0.04107,-0.00000
268.20000,107.32000,-0.07664,0.31197,-0.13671,-0.04245,0.00000
268.30000,107.36000,-0.08011,0.30129,-0.11993,-0.04349,0.00000
268.40000,107.40000,-0.08319,0.29099,-0.10224,-0.04411,0.00000
268.50000,107.44000,-0.08585,0.28108,-0.08388,-0.04422,0.00000
268.60000,107.48000,-0.08806,0.27158,-0.06506,-0.04374,0.00000
268.70000,107.52000,-0.08980,0.26250,-0.04603,-0.04263,0.00000
268.80000,107.56000,-0.09105,0.25383,-0.02700,-0.04083,0.00000
268.90000,107.60000,-0.09177,0.24558,-0.00820,-0.03831,0.00000
269.00000,107.64000,-0.09196,0.23775,0.01018,-0.03509,0.00000
269.10000,107.68000,-0.09158,0.23035,0.02794,-0.03119,0.00000
269.20000,107.72000,-0.09063,0.22338,0.04492,-0.02664,0.00000
269.30000,107.76000,-0.08909,0.21684,0.06098,-0.02152,-0.00000
269.40000,107.80000,-0.08695,0.21072,0.07598,-0.01592,0.00000
269.50000,107.84000,-0.08421,0.20505,0.08985,-0.00994,0.00000
269.60000,107.88000,-0.08086,0.19980,0.10251,-0.00369,0.00000
269.70000,107.92000,-0.07691,0.19500,0.11393,0.00270,0.00000
269.80000,107.96000,-0.07237,0.19063,0.12410,0.00912,0.00000
269.90000,108.00000,-0.06725,0.18669,0.13304,0.01545,0.00000
270.00000,108.04000,-0.06158,0.18320,0.14078,0.02157,0.00000
270.10000,108.08000,-0.05536,0.18013,0.14738,0.02738,-0.00000
270.20000,108.12000,-0.04865,0.17749,0.15292,0.03281,0.00000
270.30000,108.16000,-0.04146,0.17528,0.15746,0.03779,0.00000
270.40000,108.20000,-0.03385,0.17349,0.16109,0.04226,0.00000
270.50000,108.24000,-0.02584,0.17211,0.16388,0.04619,0.00000
270.60000,108.28000,-0.01751,0.17114,0.16592,0.04957,-0.00000
270.70000,108.32000,-0.00889,0.17058,0.16725,0.05239,0.00000
270.80000,108.36000,-0.00005,0.17042,0.16793,0.05465,0.00000
270.90000,108.40000,0.00895,0.17067,0.16797,0.05637,0.00000
271.00000,108.44000,0.01806,0.17132,0.16740,0.05754,0.00000
271.10000,108.48000,0.02720,0.17238,0.16621,0.05818,-0.00000
271.20000,108.52000,0.03631,0.17385,0.16437,0.05828,0.00000
271.30000,108.56000,0.04533,0.17573,0.16186,0.05782,0.00000
271.40000,108.60000,0.05418,0.17804,0.15862,0.05678,0.00000
271.50000,108.64000,0.06279,0.18078,0.15461,0.05510,0.00000
271.60000,108.68000,0.07112,0.18396,0.14979,0.05275,0.00000
271.70000,108.72000,0.07908,0.18759,0.14411,0.04964,0.00000
271.80000,108.76000,0.08663,0.19167,0.13753,0.04573,0.00000
271.90000,108.80000,0.09370,0.19621,0.13004,0.04094,0.00000
272.00000,108.84000,0.10023,0.20119,0.12164,0.03522,0.00000
272.10000,108.88000,0.10619,0.20663,0.11233,0.02854,-0.00000
272.20000,108.92000,0.11152,0.21251,0.10215,0.02089,0.00000
272.30000,108.96000,0.11618,0.21881,0.09114,0.01230,0.00000
272.40000,109.00000,0.12014,0.22551,0.07938,0.00283,0.00000
272.50000,109.04000,0.12337,0.23259,0.06694,-0.00741,0.00000
272.60000,109.08000,0.12585,0.24000,0.05392,-0.01825,-0.00000
272.70000,109.12000,0.12756,0.24771,0.04042,-0.02950,0.00000
272.80000,109.16000,0.12849,0.25566,0.02654,-0.04090,0.00000
272.90000,109.20000,0.12864,0.26381,0.01240,-0.05216,0.00000
273.00000,109.24000,0.12800,0.27209,-0.00188,-0.06297,-0.00000
273.10000,109.28000,0.12659,0.28045,-0.01622,-0.07300,0.00000
273.20000,109.32000,0.12441,0.28881,-0.03048,-0.08193,0.00000
273.30000,109.36000,0.12149,0.29711,-0.04458,-0.08942,0.00000
273.40000,109.40000,0.11785,0.30529,-0.05841,-0.09520,0.00000
273.50000,109.44000,0.11352,0.31328,-0.07188,-0.09903,0.00000
273.60000,109.48000,0.10853,0.32102,-0.08489,-0.10073,0.00000
273.70000,109.52000,0.10292,0.32845,-0.09734,-0.10019,0.00000
273.80000,109.56000,0.09674,0.33551,-0.10914,-0.09738,0.00000
273.90000,109.60000,0.09001,0.34217,-0.12019,-0.09235,0.00000
274.00000,109.64000,0.08281,0.34838,-0.13038,-0.08525,0.00000
274.10000,109.68000,0.07516,0.35411,-0.13961,-0.07629,0.00000
274.20000,109.72000,0.06712,0.35934,-0.14778,-0.06576,0.00000
274.30000,109.76000,0.05875,0.36405,-0.15478,-0.05400,0.00000
274.40000,109.80000,0.05009,0.36825,-0.16052,-0.04140,0.00000
274.50000,109.84000,0.04120,0.37192,-0.16491,-0.02835,0.00000
274.60000,109.88000,0.03213,0.37508,-0.16788,-0.01526,0.00000
274.70000,109.92000,0.02293,0.37775,-0.16936,-0.00251,0.00000
274.80000,109.96000,0.01366,0.37995,-0.16932,0.00956,0.00000
274.90000,110.00000,0.00435,0.38170,-0.16774,0.02066,0.00000
275.00000,110.04000,-0.00495,0.38303,-0.16463,0.03058,-0.00000
275.10000,110.08000,-0.01417,0.38398,-0.16004,0.03916,0.00000
275.20000,110.12000,-0.02330,0.38458,-0.15405,0.04637,0.00000
275.30000,110.16000,-0.03227,0.38485,-0.14674,0.05220,0.00000
275.40000,110.20000,-0.04106,0.38484,-0.13824,0.05676,0.00000
275.50000,110.24000,-0.04963,0.38456,-0.12870,0.06019,0.00000
275.60000,110.28000,-0.05794,0.38405,-0.11829,0.06269,0.00000
275.70000,110.32000,-0.06596,0.38333,-0.10717,0.06448,0.00000
275.80000,110.36000,-0.07365,0.38241,-0.09554,0.06578,-0.00000
275.90000,110.40000,-0.08100,0.38132,-0.08356,0.06681,0.00000
276.00000,110.44000,-0.08797,0.38007,-0.07142,0.06777,-0.00000
276.10000,110.48000,-0.09454,0.37865,-0.05928,0.06878,0.00000
276.20000,110.52000,-0.10068,0.37709,-0.04728,0.06992,-0.00000
276.30000,110.56000,-0.10638,0.37538,-0.03554,0.07122,0.00000
276.40000,110.60000,-0.11162,0.37351,-0.02419,0.07263,0.00000
276.50000,110.64000,-0.11638,0.37151,-0.01328,0.07404,0.00000
276.60000,110.68000,-0.12063,0.36935,-0.00290,0.07527,0.00000
276.70000,110.72000,-0.12438,0.36705,0.00692,0.07614,0.00000
276.80000,110.76000,-0.12760,0.36459,0.01616,0.07640,0.00000
276.90000,110.80000,-0.13029,0.36199,0.02481,0.07583,0.00000
277.00000,110.84000,-0.13244,0.35924,0.03286,0.07421,-0.00000
277.10000,110.88000,-0.13404,0.35635,0.04034,0.07134,0.00000
277.20000,110.92000,-0.13508,0.35332,0.04724,0.06710,0.00000
277.30000,110.96000,-0.13557,0.35015,0.05360,0.06142,-0.00000
277.40000,111.00000,-0.13551,0.34686,0.05941,0.05428,-0.00000
277.50000,111.04000,-0.13489,0.34344,0.06471,0.04578,0.00000
277.60000,111.08000,-0.13372,0.33991,0.06950,0.03605,0.00000
277.70000,111.12000,-0.13200,0.33628,0.07380,0.02533,0.00000
277.80000,111.16000,-0.12974,0.33254,0.07763,0.01390,0.00000
277.90000,111.20000,-0.12694,0.32871,0.08099,0.00206,-0.00000
278.00000,111.24000,-0.12362,0.32480,0.08391,-0.00982,0.00000
278.10000,111.28000,-0.11977,0.32080,0.08641,-0.02141,0.00000
278.20000,111.32000,-0.11541,0.31674,0.08852,-0.03237,0.00000
278.30000,111.36000,-0.11055,0.31261,0.09028,-0.04240,0.00000
278.40000,111.40000,-0.10519,0.30842,0.09170,-0.05126,0.00000
278.50000,111.44000,-0.09934,0.30419,0.09285,-0.05877,0.00000
278.60000,111.48000,-0.09300,0.29992,0.09374,-0.06481,0.00000
278.70000,111.52000,-0.08620,0.29564,0.09442,-0.06936,-0.00000
278.80000,111.56000,-0.07892,0.29135,0.09492,-0.07244,0.00000
278.90000,111.60000,-0.07118,0.28707,0.09525,-0.07417,0.00000
279.00000,111.64000,-0.06300,0.28284,0.09542,-0.07470,-0.00000
279.10000,111.68000,-0.05438,0.27868,0.09543,-0.07424,0.00000
279.20000,111.72000,-0.04533,0.27463,0.09524,-0.07301,0.00000
279.30000,111.76000,-0.03588,0.27072,0.09482,-0.07126,0.00000
279.40000,111.80000,-0.02604,0.26699,0.09411,-0.06920,-0.00000
279.50000,111.84000,-0.01585,0.26349,0.09303,-0.06705,-0.00000
279.60000,111.88000,-0.00533,0.26027,0.09152,-0.06497,-0.00000
279.70000,111.92000,0.00548,0.25736,0.08947,-0.06307,0.00000
279.80000,111.96000,0.01653,0.25482,0.08681,-0.06145,0.00000
279.90000,112.00000,0.02779,0.25268,0.08345,-0.06011,0.00000
280.00000,112.04000,0.03917,0.25099,0.07932,-0.05903,-0.00000
280.10000,112.08000,0.05064,0.24979,0.07439,-0.05815,0.00000
280.20000,112.12000,0.06210,0.24908,0.06862,-0.05736,0.00000
280.30000,112.16000,0.07350,0.24890,0.06202,-0.05655,0.00000
280.40000,112.20000,0.08474,0.24924,0.05462,-0.05559,0.00000
280.50000,112.24000,0.09575,0.25011,0.04649,-0.05436,0.00000
280.60000,112.28000,0.10643,0.25149,0.03771,-0.05275,0.00000
280.70000,112.32000,0.11669,0.25334,0.02841,-0.05067,0.00000
280.80000,112.36000,0.12645,0.25563,0.01872,-0.04807,0.00000
280.90000,112.40000,0.13561,0.25830,0.00880,-0.04493,0.00000
281.00000,112.44000,0.14409,0.26128,-0.00119,-0.04124,0.00000
281.10000,112.48000,0.15179,0.26451,-0.01109,-0.03705,-0.00000
281.20000,112.52000,0.15865,0.26790,-0.02074,-0.03243,0.00000
281.30000,112.56000,0.16458,0.27137,-0.03001,-0.02743,0.00000
281.40000,112.60000,0.16953,0.27482,-0.03878,-0.02216,0.00000
281.50000,112.64000,0.17343,0.27815,-0.04697,-0.01671,-0.00000
281.60000,112.68000,0.17622,0.28129,-0.05450,-0.01114,0.00000
281.70000,112.72000,0.17789,0.28414,-0.06134,-0.00554,0.00000
281.80000,112.76000,0.17838,0.28662,-0.06749,0.00004,0.00000
281.90000,112.80000,0.17768,0.28866,-0.07297,0.00558,0.00000
282.00000,112.84000,0.17580,0.29020,-0.07781,0.01104,0.00000
282.10000,112.88000,0.17272,0.29120,-0.08207,0.01643,0.00000
282.20000,112.92000,0.16846,0.29161,-0.08580,0.02174,0.00000
282.30000,112.96000,0.16305,0.29143,-0.08905,0.02699,0.00000
282.40000,113.00000,0.15652,0.29065,-0.09189,0.03216,-0.00000
282.50000,113.04000,0.14892,0.28928,-0.09433,0.03725,0.00000
282.60000,113.08000,0.14031,0.28736,-0.09641,0.04224,0.00000
282.70000,113.12000,0.13074,0.28492,-0.09812,0.04706,0.00000
282.80000,113.16000,0.12030,0.28203,-0.09944,0.05166,0.00000
282.90000,113.20000,0.10907,0.27876,-0.10032,0.05594,0.00000
283.00000,113.24000,0.09713,0.27518,-0.10070,0.05980,0.00000
283.10000,113.28000,0.08458,0.27138,-0.10052,0.06313,0.00000
283.20000,113.32000,0.07152,0.26746,-0.09970,0.06581,0.00000
283.30000,113.36000,0.05806,0.26350,-0.09816,0.06775,0.00000
283.40000,113.40000,0.04431,0.25961,-0.09583,0.06886,0.00000
283.50000,113.44000,0.03037,0.25589,-0.09266,0.06909,-0.00000
283.60000,113.48000,0.01637,0.25242,-0.08861,0.06844,0.00000
283.70000,113.52000,0.00241,0.24929,-0.08367,0.06695,-0.00000
283.80000,113.56000,-0.01140,0.24659,-0.07787,0.06470,0.00000
283.90000,113.60000,-0.02494,0.24439,-0.07124,0.06184,0.00000
284.00000,113.64000,-0.03812,0.24275,-0.06388,0.05854,0.00000
284.10000,113.68000,-0.05083,0.24173,-0.05587,0.05503,0.00000
284.20000,113.72000,-0.06298,0.24137,-0.04735,0.05155,0.00000
284.30000,113.76000,-0.07447,0.24171,-0.03845,0.04834,0.00000
284.40000,113.80000,-0.08524,0.24277,-0.02931,0.04566,-0.00000
284.50000,113.84000,-0.09521,0.24456,-0.02009,0.04373,0.00000
284.60000,113.88000,-0.10431,0.24708,-0.01093,0.04272,0.00000
284.70000,113.92000,-0.11249,0.25033,-0.00197,0.04275,0.00000
284.80000,113.96000,-0.11970,0.25428,0.00670,0.04388,0.00000
284.90000,114.00000,-0.12592,0.25891,0.01498,0.04608,0.00000
285.00000,114.04000,-0.13111,0.26418,0.02279,0.04924,0.00000
285.10000,114.08000,-0.13525,0.27005,0.03010,0.05318,0.00000
285.20000,114.12000,-0.13835,0.27647,0.03688,0.05764,0.00000
285.30000,114.16000,-0.14040,0.28337,0.04315,0.06230,0.00000
285.40000,114.20000,-0.14142,0.29069,0.04891,0.06682,0.00000
285.50000,114.24000,-0.14141,0.29837,0.05419,0.07079,-0.00000
285.60000,114.28000,-0.14042,0.30632,0.05902,0.07384,0.00000
285.70000,114.32000,-0.13847,0.31448,0.06345,0.07560,0.00000
285.80000,114.36000,-0.13561,0.32275,0.06749,0.07575,0.00000
285.90000,114.40000,-0.13188,0.33106,0.07116,0.07401,0.00000
286.00000,114.44000,-0.12734,0.33932,0.07448,0.07020,0.00000
286.10000,114.48000,-0.12206,0.34746,0.07743,0.06422,0.00000
286.20000,114.52000,-0.11608,0.35538,0.07998,0.05604,0.00000
286.30000,114.56000,-0.10950,0.36301,0.08211,0.04576,0.00000
286.40000,114.60000,-0.10237,0.37027,0.08376,0.03355,-0.00000
286.50000,114.64000,-0.09478,0.37708,0.08489,0.01966,0.00000
286.60000,114.68000,-0.08681,0.38339,0.08543,0.00440,0.00000
286.70000,114.72000,-0.07853,0.38911,0.08534,-0.01184,0.00000
286.80000,114.76000,-0.07005,0.39420,0.08457,-0.02868,0.00000
286.90000,114.80000,-0.06142,0.39860,0.08310,-0.04570,0.00000
287.00000,114.84000,-0.05275,0.40226,0.08090,-0.06249,-0.00000
287.10000,114.88000,-0.04411,0.40514,0.07798,-0.07866,0.00000
287.20000,114.92000,-0.03558,0.40722,0.07436,-0.09387,0.00000
287.30000,114.96000,-0.02723,0.40846,0.07010,-0.10783,0.00000
287.40000,115.00000,-0.01914,0.40885,0.06524,-0.12029,-0.00000
287.50000,115.04000,-0.01137,0.40837,0.05987,-0.13106,-0.00000
287.60000,115.08000,-0.00399,0.40703,0.05409,-0.14003,-0.00000
287.70000,115.12000,0.00297,0.40482,0.04797,-0.14712,0.00000
287.80000,115.16000,0.00944,0.40175,0.04163,-0.15231,0.00000
287.90000,115.20000,0.01539,0.39785,0.03515,-0.15562,0.00000
288.00000,115.24000,0.02079,0.39313,0.02862,-0.15711,0.00000
288.10000,115.28000,0.02562,0.38764,0.02212,-0.15684,0.00000
288.20000,115.32000,0.02987,0.38141,0.01570,-0.15489,0.00000
288.30000,115.36000,0.03352,0.37450,0.00941,-0.15137,0.00000
288.40000,115.40000,0.03658,0.36695,0.00328,-0.14636,0.00000
288.50000,115.44000,0.03906,0.35883,-0.00267,-0.13996,0.00000
288.60000,115.48000,0.04098,0.35022,-0.00846,-0.13227,0.00000
288.70000,115.52000,0.04235,0.34118,-0.01409,-0.12337,0.00000
288.80000,115.56000,0.04320,0.33181,-0.01957,-0.11335,0.00000
288.90000,115.60000,0.04358,0.32219,-0.02492,-0.10234,0.00000
289.00000,115.64000,0.04350,0.31241,-0.03015,-0.09042,0.00000
289.10000,115.68000,0.04302,0.30257,-0.03527,-0.07775,0.00000
289.20000,115.72000,0.04218,0.29277,-0.04027,-0.06446,0.00000
289.30000,115.76000,0.04102,0.28309,-0.04514,-0.05072,-0.00000
289.40000,115.80000,0.03958,0.27365,-0.04983,-0.03672,-0.00000
289.50000,115.84000,0.03791,0.26452,-0.05430,-0.02266,-0.00000
289.60000,115.88000,0.03607,0.25579,-0.05848,-0.00876,0.00000
289.70000,115.92000,0.03409,0.24755,-0.06230,0.00475,0.00000
289.80000,115.96000,0.03201,0.23987,-0.06568,0.01767,0.00000
289.90000,116.00000,0.02989,0.23282,-0.06852,0.02977,0.00000
290.00000,116.04000,0.02776,0.22645,-0.07074,0.04088,0.00000
290.10000,116.08000,0.02565,0.22080,-0.07226,0.05084,0.00000
290.20000,116.12000,0.02362,0.21592,-0.07301,0.05950,0.00000
290.30000,116.16000,0.02169,0.21182,-0.07294,0.06681,0.00000
290.40000,116.20000,0.01989,0.20854,-0.07200,0.07271,0.00000
290.50000,116.24000,0.01826,0.20606,-0.07019,0.07722,-0.00000
290.60000,116.28000,0.01681,0.20439,-0.06752,0.08039,0.00000
290.70000,116.32000,0.01558,0.20352,-0.06402,0.08231,0.00000
290.80000,116.36000,0.01459,0.20342,-0.05975,0.08310,-0.00000
290.90000,116.40000,0.01384,0.20409,-0.05479,0.08292,-0.00000
291.00000,116.44000,0.01336,0.20548,-0.04923,0.08194,0.00000
291.10000,116.48000,0.01315,0.20756,-0.04320,0.08033,0.00000
291.20000,116.52000,0.01323,0.21029,-0.03680,0.07826,0.00000
291.30000,116.56000,0.01359,0.21364,-0.03018,0.07590,0.00000
291.40000,116.60000,0.01424,0.21756,-0.02346,0.07337,0.00000
291.50000,116.64000,0.01516,0.22200,-0.01676,0.07081,0.00000
291.60000,116.68000,0.01635,0.22693,-0.01019,0.06830,-0.00000
291.70000,116.72000,0.01780,0.23229,-0.00386,0.06589,0.00000
291.80000,116.76000,0.01947,0.23803,0.00215,0.06362,0.00000
291.90000,116.80000,0.02135,0.24410,0.00778,0.06149,0.00000
292.00000,116.84000,0.02341,0.25045,0.01298,0.05948,0.00000
292.10000,116.88000,0.02562,0.25703,0.01772,0.05757,0.00000
292.20000,116.92000,0.02793,0.26379,0.02200,0.05569,0.00000
292.30000,116.96000,0.03032,0.27066,0.02582,0.05382,0.00000
292.40000,117.00000,0.03272,0.27759,0.02921,0.05189,0.00000
292.50000,117.04000,0.03510,0.28453,0.03220,0.04987,0.00000
292.60000,117.08000,0.03741,0.29142,0.03484,0.04773,-0.00000
292.70000,117.12000,0.03960,0.29820,0.03717,0.04543,-0.00000
292.80000,117.16000,0.04163,0.30483,0.03923,0.04299,0.00000
292.90000,117.20000,0.04344,0.31125,0.04107,0.04038,0.00000
293.00000,117.24000,0.04500,0.31742,0.04272,0.03764,-0.00000
293.10000,117.28000,0.04627,0.32328,0.04419,0.03478,-0.00000
293.20000,117.32000,0.04720,0.32881,0.04551,0.03184,0.00000
293.30000,117.36000,0.04778,0.33398,0.04667,0.02884,0.00000
293.40000,117.40000,0.04797,0.33874,0.04765,0.02581,-0.00000
293.50000,117.44000,0.04775,0.34307,0.04841,0.02279,0.00000
293.60000,117.48000,0.04712,0.34697,0.04891,0.01982,0.00000
293.70000,117.52000,0.04607,0.35041,0.04910,0.01691,-0.00000
293.80000,117.56000,0.04459,0.35338,0.04891,0.01408,0.00000
293.90000,117.60000,0.04270,0.35589,0.04828,0.01137,-0.00000
294.00000,117.64000,0.04041,0.35794,0.04713,0.00878,0.00000
294.10000,117.68000,0.03774,0.35952,0.04540,0.00634,0.00000
294.20000,117.72000,0.03471,0.36065,0.04304,0.00406,0.00000
294.30000,117.76000,0.03135,0.36134,0.04000,0.00196,0.00000
294.40000,117.80000,0.02768,0.36159,0.03625,0.00004,-0.00000
294.50000,117.84000,0.02375,0.36143,0.03179,-0.00167,0.00000
294.60000,117.88000,0.01959,0.36086,0.02663,-0.00318,0.00000
294.70000,117.92000,0.01522,0.35990,0.02082,-0.00447,0.00000
294.80000,117.96000,0.01070,0.35858,0.01442,-0.00556,0.00000
294.90000,118.00000,0.00605,0.35691,0.00751,-0.00647,0.00000
295.00000,118.04000,0.00130,0.35491,0.00022,-0.00721,0.00000
295.10000,118.08000,-0.00350,0.35260,-0.00733,-0.00785,-0.00000
295.20000,118.12000,-0.00833,0.35001,-0.01500,-0.00843,0.00000
295.30000,118.16000,-0.01316,0.34717,-0.02262,-0.00904,0.00000
295.40000,118.20000,-0.01795,0.34410,-0.03002,-0.00976,-0.00000
295.50000,118.24000,-0.02269,0.34084,-0.03705,-0.01069,0.00000
295.60000,118.28000,-0.02735,0.33740,-0.04353,-0.01193,0.00000
295.70000,118.32000,-0.03191,0.33383,-0.04934,-0.01359,0.00000
295.80000,118.36000,-0.03634,0.33017,-0.05432,-0.01575,0.00000
295.90000,118.40000,-0.04063,0.32643,-0.05839,-0.01849,0.00000
296.00000,118.44000,-0.04477,0.32266,-0.06144,-0.02184,0.00000
296.10000,118.48000,-0.04872,0.31889,-0.06344,-0.02584,-0.00000
296.20000,118.52000,-0.05248,0.31516,-0.06435,-0.03045,-0.00000
296.30000,118.56000,-0.05604,0.31149,-0.06417,-0.03562,0.00000
296.40000,118.60000,-0.05937,0.30791,-0.06296,-0.04125,0.00000
296.50000,118.64000,-0.06248,0.30444,-0.06076,-0.04719,0.00000
296.60000,118.68000,-0.06533,0.30110,-0.05767,-0.05326,0.00000
296.70000,118.72000,-0.06793,0.29792,-0.05379,-0.05927,0.00000
296.80000,118.76000,-0.07026,0.29491,-0.04924,-0.06497,0.00000
296.90000,118.80000,-0.07231,0.29207,-0.04415,-0.07014,-0.00000
297.00000,118.84000,-0.07407,0.28942,-0.03865,-0.07455,0.00000
297.10000,118.88000,-0.07552,0.28695,-0.03287,-0.07797,0.00000
297.20000,118.92000,-0.07666,0.28467,-0.02694,-0.08022,-0.00000
297.30000,118.96000,-0.07748,0.28258,-0.02096,-0.08116,-0.00000
297.40000,119.00000,-0.07795,0.28066,-0.01504,-0.08068,0.00000
297.50000,119.04000,-0.07808,0.27892,-0.00926,-0.07875,-0.00000
297.60000,119.08000,-0.07784,0.27735,-0.00367,-0.07538,0.00000
297.70000,119.12000,-0.07723,0.27594,0.00167,-0.07064,-0.00000
297.80000,119.16000,-0.07623,0.27469,0.00675,-0.06467,0.00000
297.90000,119.20000,-0.07484,0.27357,0.01154,-0.05764,0.00000
298.00000,119.24000,-0.07304,0.27259,0.01606,-0.04978,0.00000
298.10000,119.28000,-0.07082,0.27173,0.02032,-0.04133,-0.00000
298.20000,119.32000,-0.06819,0.27098,0.02433,-0.03255,0.00000
298.30000,119.36000,-0.06513,0.27034,0.02813,-0.02373,-0.00000
298.40000,119.40000,-0.06164,0.26978,0.03172,-0.01510,0.00000
298.50000,119.44000,-0.05774,0.26931,0.03514,-0.00691,0.00000
298.60000,119.48000,-0.05342,0.26889,0.03840,0.00065,0.00000
298.70000,119.52000,-0.04869,0.26853,0.04148,0.00741,0.00000
298.80000,119.56000,-0.04358,0.26821,0.04440,0.01326,0.00000
298.90000,119.60000,-0.03810,0.26791,0.04713,0.01814,0.00000
299.00000,119.64000,-0.03229,0.26761,0.04964,0.02201,0.00000
299.10000,119.68000,-0.02618,0.26732,0.05189,0.02490,0.00000
299.20000,119.72000,-0.01980,0.26701,0.05383,0.02688,0.00000
299.30000,119.76000,-0.01320,0.26668,0.05540,0.02803,0.00000
299.40000,119.80000,-0.00643,0.26631,0.05657,0.02846,0.00000
299.50000,119.84000,0.00046,0.26591,0.05725,0.02831,0.00000
299.60000,119.88000,0.00742,0.26548,0.05741,0.02770,0.00000
299.70000,119.92000,0.01439,0.26501,0.05699,0.02676,-0.00000
299.80000,119.96000,0.02132,0.26453,0.05597,0.02563,0.00000
299.90000,120.00000,0.02813,0.26403,0.05431,0.02442,-0.00000
300.00000,120.04000,0.03478,0.26354,0.05202,0.02323,0.00000
300.10000,120.08000,0.04121,0.26308,0.04910,0.02215,0.00000
300.20000,120.12000,0.04736,0.26267,0.04559,0.02125,0.00000
300.30000,120.16000,0.05319,0.26234,0.04153,0.02061,-0.00000
300.40000,120.20000,0.05865,0.26212,0.03698,0.02027,0.00000
300.50000,120.24000,0.06369,0.26205,0.03204,0.02028,0.00000
300.60000,120.28000,0.06829,0.26216,0.02678,0.02067,0.00000
300.70000,120.32000,0.07240,0.26248,0.02132,0.02148,0.00000
300.80000,120.36000,0.07600,0.26304,0.01577,0.02274,0.00000
300.90000,120.40000,0.07908,0.26388,0.01025,0.02446,0.00000
301.00000,120.44000,0.08161,0.26502,0.00485,0.02664,-0.00000
301.10000,120.48000,0.08360,0.26649,-0.00031,0.02929,0.00000
301.20000,120.52000,0.08504,0.26830,-0.00514,0.03236,-0.00000
301.30000,120.56000,0.08593,0.27048,-0.00956,0.03583,0.00000
301.40000,120.60000,0.08628,0.27303,-0.01352,0.03960,0.00000
301.50000,120.64000,0.08610,0.27597,-0.01697,0.04359,0.00000
301.60000,120.68000,0.08542,0.27928,-0.01991,0.04765,0.00000
301.70000,120.72000,0.08426,0.28297,-0.02233,0.05165,0.00000
301.80000,120.76000,0.08264,0.28702,-0.02427,0.05539,-0.00000
301.90000,120.80000,0.08059,0.29142,-0.02577,0.05869,0.00000
302.00000,120.84000,0.07815,0.29614,-0.02691,0.06133,0.00000
302.10000,120.88000,0.07535,0.30115,-0.02774,0.06312,0.00000
302.20000,120.92000,0.07222,0.30642,-0.02838,0.06387,-0.00000
302.30000,120.96000,0.06880,0.31191,-0.02889,0.06339,0.00000
302.40000,121.00000,0.06513,0.31758,-0.02938,0.06157,-0.00000
302.50000,121.04000,0.06124,0.32338,-0.02991,0.05832,-0.00000
302.60000,121.08000,0.05717,0.32925,-0.03057,0.05359,0.00000
302.70000,121.12000,0.05295,0.33514,-0.03141,0.04743,0.00000
302.80000,121.16000,0.04861,0.34099,-0.03245,0.03991,0.00000
302.90000,121.20000,0.04418,0.34674,-0.03371,0.03119,0.00000
303.00000,121.24000,0.03968,0.35231,-0.03519,0.02147,0.00000
303.10000,121.28000,0.03515,0.35766,-0.03685,0.01102,0.00000
303.20000,121.32000,0.03060,0.36272,-0.03865,0.00011,0.00000
303.30000,121.36000,0.02605,0.36742,-0.04052,-0.01092,0.00000
303.40000,121.40000,0.02151,0.37171,-0.04239,-0.02175,-0.00000
303.50000,121.44000,0.01699,0.37553,-0.04417,-0.03207,-0.00000
303.60000,121.48000,0.01251,0.37884,-0.04578,-0.04158,0.00000
303.70000,121.52000,0.00807,0.38158,-0.04714,-0.05002,-0.00000
303.80000,121.56000,0.00369,0.38373,-0.04818,-0.05718,0.00000
303.90000,121.60000,-0.00064,0.38525,-0.04882,-0.06292,0.00000
304.00000,121.64000,-0.00490,0.38613,-0.04904,-0.06714,0.00000
304.10000,121.68000,-0.00910,0.38636,-0.04880,-0.06982,0.00000
304.20000,121.72000,-0.01322,0.38593,-0.04808,-0.07100,-0.00000
304.30000,121.76000,-0.01725,0.38485,-0.04691,-0.07078,0.00000
304.40000,121.80000,-0.02119,0.38316,-0.04531,-0.06928,0.00000
304.50000,121.84000,-0.02502,0.38086,-0.04332,-0.06667,-0.00000
304.60000,121.88000,-0.02875,0.37801,-0.04099,-0.06315,0.00000
304.70000,121.92000,-0.03234,0.37465,-0.03838,-0.05891,0.00000
304.80000,121.96000,-0.03580,0.37083,-0.03556,-0.05413,0.00000
304.90000,122.00000,-0.03910,0.36660,-0.03258,-0.04898,-0.00000
305.00000,122.04000,-0.04224,0.36203,-0.02950,-0.04360,0.00000
305.10000,122.08000,-0.04520,0.35718,-0.02636,-0.03808,0.00000
305.20000,122.12000,-0.04797,0.35212,-0.02320,-0.03250,0.00000
305.30000,122.16000,-0.05053,0.34691,-0.02003,-0.02689,0.00000
305.40000,122.20000,-0.05287,0.34161,-0.01687,-0.02124,0.00000
305.50000,122.24000,-0.05499,0.33628,-0.01370,-0.01555,0.00000
305.60000,122.28000,-0.05687,0.33097,-0.01052,-0.00977,0.00000
305.70000,122.32000,-0.05850,0.32573,-0.00731,-0.00387,0.00000
305.80000,122.36000,-0.05988,0.32060,-0.00404,0.00219,-0.00000
305.90000,122.40000,-0.06101,0.31560,-0.00068,0.00840,-0.00000
306.00000,122.44000,-0.06187,0.31075,0.00277,0.01476,0.00000
306.10000,122.48000,-0.06247,0.30607,0.00633,0.02120,0.00000
306.20000,122.52000,-0.06281,0.30154,0.01001,0.02763,0.00000
306.30000,122.56000,-0.06287,0.29717,0.01378,0.03393,-0.00000
306.40000,122.60000,-0.06267,0.29292,0.01763,0.03992,0.00000
306.50000,122.64000,-0.06220,0.28878,0.02151,0.04542,0.00000
306.60000,122.68000,-0.06146,0.28469,0.02539,0.05020,0.00000
306.70000,122.72000,-0.06045,0.28063,0.02920,0.05407,0.00000
306.80000,122.76000,-0.05918,0.27654,0.03289,0.05681,0.00000
306.90000,122.80000,-0.05765,0.27238,0.03640,0.05823,0.00000
307.00000,122.84000,-0.05585,0.26809,0.03968,0.05820,0.00000
307.10000,122.88000,-0.05381,0.26362,0.04267,0.05660,0.00000
307.20000,122.92000,-0.05152,0.25895,0.04534,0.05340,0.00000
307.30000,122.96000,-0.04899,0.25401,0.04766,0.04862,0.00000
307.40000,123.00000,-0.04624,0.24880,0.04963,0.04234,0.00000
307.50000,123.04000,-0.04329,0.24328,0.05125,0.03472,0.00000
307.60000,123.08000,-0.04014,0.23746,0.05253,0.02597,0.00000
307.70000,123.12000,-0.03681,0.23133,0.05352,0.01634,-0.00000
307.80000,123.16000,-0.03334,0.22493,0.05423,0.00614,0.00000
307.90000,123.20000,-0.02974,0.21829,0.05471,-0.00431,0.00000
308.00000,123.24000,-0.02604,0.21146,0.05500,-0.01466,0.00000
308.10000,123.28000,-0.02226,0.20450,0.05513,-0.02460,0.00000
308.20000,123.32000,-0.01844,0.19750,0.05512,-0.03380,0.00000
308.30000,123.36000,-0.01460,0.19055,0.05499,-0.04200,0.00000
308.40000,123.40000,-0.01077,0.18374,0.05474,-0.04896,0.00000
308.50000,123.44000,-0.00697,0.17720,0.05434,-0.05451,0.00000
308.60000,123.48000,-0.00323,0.17104,0.05377,-0.05854,0.00000
308.70000,123.52000,0.00043,0.16539,0.05299,-0.06100,0.00000
308.80000,123.56000,0.00399,0.16035,0.05193,-0.06190,-0.00000
308.90000,123.60000,0.00744,0.15607,0.05055,-0.06130,0.00000
309.00000,123.64000,0.01076,0.15265,0.04879,-0.05933,0.00000
309.10000,123.68000,0.01395,0.15020,0.04660,-0.05614,0.00000
309.20000,123.72000,0.01699,0.14883,0.04395,-0.05194,-0.00000
309.30000,123.76000,0.01989,0.14863,0.04083,-0.04694,0.00000
309.40000,123.80000,0.02265,0.14967,0.03723,-0.04135,0.00000
309.50000,123.84000,0.02527,0.15201,0.03318,-0.03539,0.00000
309.60000,123.88000,0.02776,0.15571,0.02874,-0.02928,0.00000
309.70000,123.92000,0.03011,0.16078,0.02398,-0.02321,0.00000
309.80000,123.96000,0.03233,0.16724,0.01900,-0.01733,-0.00000
309.90000,124.00000,0.03443,0.17509,0.01393,-0.01177,0.00000
310.00000,124.04000,0.03642,0.18429,0.00888,-0.00664,0.00000
310.10000,124.08000,0.03830,0.19481,0.00399,-0.00200,0.00000
310.20000,124.12000,0.04007,0.20659,-0.00061,0.00212,0.00000
310.30000,124.16000,0.04173,0.21955,-0.00480,0.00571,-0.00000
310.40000,124.20000,0.04328,0.23360,-0.00847,0.00880,0.00000
310.50000,124.24000,0.04472,0.24863,-0.01155,0.01143,0.00000
310.60000,124.28000,0.04604,0.26453,-0.01398,0.01366,-0.00000
310.70000,124.32000,0.04723,0.28117,-0.01574,0.01556,0.00000
310.80000,124.36000,0.04829,0.29841,-0.01684,0.01721,0.00000
310.90000,124.40000,0.04921,0.31611,-0.01732,0.01869,-0.00000
311.00000,124.44000,0.04998,0.33411,-0.01724,0.02006,0.00000
311.10000,124.48000,0.05057,0.35225,-0.01671,0.02140,0.00000
311.20000,124.52000,0.05099,0.37038,-0.01582,0.02276,0.00000
311.30000,124.56000,0.05123,0.38834,-0.01472,0.02419,0.00000
311.40000,124.60000,0.05126,0.40597,-0.01352,0.02571,0.00000
311.50000,124.64000,0.05108,0.42311,-0.01235,0.02734,0.00000
311.60000,124.68000,0.05068,0.43962,-0.01132,0.02909,0.00000
311.70000,124.72000,0.05005,0.45535,-0.01055,0.03092,0.00000
311.80000,124.76000,0.04919,0.47016,-0.01012,0.03281,-0.00000
311.90000,124.80000,0.04808,0.48393,-0.01009,0.03471,0.00000
312.00000,124.84000,0.04673,0.49654,-0.01050,0.03656,0.00000
312.10000,124.88000,0.04513,0.50790,-0.01138,0.03829,0.00000
312.20000,124.92000,0.04328,0.51789,-0.01273,0.03983,-0.00000
312.30000,124.96000,0.04119,0.52645,-0.01454,0.04109,0.00000
312.40000,125.00000,0.03885,0.53349,-0.01677,0.04200,0.00000
312.50000,125.04000,0.03627,0.53898,-0.01940,0.04248,0.00000
312.60000,125.08000,0.03345,0.54285,-0.02240,0.04247,-0.00000
312.70000,125.12000,0.03041,0.54507,-0.02572,0.04191,0.00000
312.80000,125.16000,0.02715,0.54562,-0.02932,0.04077,0.00000
312.90000,125.20000,0.02368,0.54450,-0.03320,0.03901,0.00000
313.00000,125.24000,0.02001,0.54168,-0.03731,0.03665,0.00000
313.10000,125.28000,0.01616,0.53720,-0.04165,0.03370,0.00000
313.20000,125.32000,0.01215,0.53105,-0.04621,0.03021,0.00000
313.30000,125.36000,0.00798,0.52327,-0.05096,0.02623,0.00000
313.40000,125.40000,0.00368,0.51390,-0.05590,0.02185,0.00000
313.50000,125.44000,-0.00074,0.50298,-0.06100,0.01716,0.00000
313.60000,125.48000,-0.00524,0.49058,-0.06623,0.01228,-0.00000
313.70000,125.52000,-0.00981,0.47675,-0.07154,0.00730,0.00000
313.80000,125.56000,-0.01442,0.46159,-0.07685,0.00234,-0.00000
313.90000,125.60000,-0.01905,0.44518,-0.08210,-0.00250,0.00000
314.00000,125.64000,-0.02366,0.42763,-0.08716,-0.00713,0.00000
314.10000,125.68000,-0.02823,0.40905,-0.09193,-0.01146,-0.00000
314.20000,125.72000,-0.03272,0.38957,-0.09628,-0.01545,0.00000
314.30000,125.76000,-0.03709,0.36933,-0.10005,-0.01904,0.00000
314.40000,125.80000,-0.04132,0.34848,-0.10310,-0.02223,-0.00000
314.50000,125.84000,-0.04537,0.32717,-0.10528,-0.02503,0.00000
314.60000,125.88000,-0.04920,0.30558,-0.10648,-0.02745,0.00000
314.70000,125.92000,-0.05277,0.28388,-0.10655,-0.02954,0.00000
314.80000,125.96000,-0.05606,0.26224,-0.10542,-0.03135,0.00000
314.90000,126.00000,-0.05902,0.24085,-0.10300,-0.03293,-0.00000
315.00000,126.04000,-0.06161,0.21988,-0.09927,-0.03433,0.00000
315.10000,126.08000,-0.06382,0.19951,-0.09421,-0.03562,0.00000
315.20000,126.12000,-0.06560,0.17990,-0.08785,-0.03683,0.00000
315.30000,126.16000,-0.06693,0.16123,-0.08024,-0.03798,0.00000
315.40000,126.20000,-0.06779,0.14364,-0.07148,-0.03908,0.00000
315.50000,126.24000,-0.06816,0.12728,-0.06167,-0.04011,0.00000
315.60000,126.28000,-0.06802,0.11226,-0.05094,-0.04105,0.00000
315.70000,126.32000,-0.06737,0.09870,-0.03942,-0.04183,0.00000
315.80000,126.36000,-0.06619,0.08670,-0.02726,-0.04241,0.00000
315.90000,126.40000,-0.06449,0.07632,-0.01460,-0.04269,0.00000
316.00000,126.44000,-0.06227,0.06763,-0.00159,-0.04261,0.00000
316.10000,126.48000,-0.05956,0.06066,0.01167,-0.04208,0.00000
316.20000,126.52000,-0.05635,0.05544,0.02504,-0.04103,0.00000
316.30000,126.56000,-0.05269,0.05198,0.03843,-0.03941,0.00000
316.40000,126.60000,-0.04859,0.05027,0.05176,-0.03718,0.00000
316.50000,126.64000,-0.04409,0.05028,0.06496,-0.03432,-0.00000
316.60000,126.68000,-0.03923,0.05197,0.07796,-0.03085,0.00000
316.70000,126.72000,-0.03404,0.05530,0.09070,-0.02681,-0.00000
316.80000,126.76000,-0.02857,0.06020,0.10315,-0.02226,0.00000
316.90000,126.80000,-0.02287,0.06659,0.11523,-0.01729,-0.00000
317.00000,126.84000,-0.01697,0.07440,0.12690,-0.01200,0.00000
317.10000,126.88000,-0.01094,0.08354,0.13806,-0.00651,0.00000
317.20000,126.92000,-0.00480,0.09389,0.14865,-0.00096,-0.00000
317.30000,126.96000,0.00138,0.10536,0.15856,0.00452,0.00000
317.40000,127.00000,0.00756,0.11782,0.16768,0.00982,0.00000
317.50000,127.04000,0.01370,0.13116,0.17587,0.01481,-0.00000
317.60000,127.08000,0.01976,0.14526,0.18300,0.01940,0.00000
317.70000,127.12000,0.02570,0.15999,0.18893,0.02352,0.00000
317.80000,127.16000,0.03147,0.17521,0.19351,0.02711,0.00000
317.90000,127.20000,0.03705,0.19080,0.19659,0.03015,-0.00000
318.00000,127.24000,0.04240,0.20662,0.19805,0.03263,-0.00000
318.10000,127.28000,0.04750,0.22255,0.19778,0.03459,0.00000
318.20000,127.32000,0.05232,0.23847,0.19566,0.03605,0.00000
318.30000,127.36000,0.05684,0.25425,0.19165,0.03708,0.00000
318.40000,127.40000,0.06103,0.26978,0.18570,0.03775,0.00000
318.50000,127.44000,0.06488,0.28496,0.17781,0.03811,-0.00000
318.60000,127.48000,0.06836,0.29969,0.16802,0.03824,0.00000
318.70000,127.52000,0.07147,0.31389,0.15638,0.03820,0.00000
318.80000,127.56000,0.07419,0.32747,0.14300,0.03805,0.00000
318.90000,127.60000,0.07651,0.34039,0.12801,0.03780,0.00000
319.00000,127.64000,0.07841,0.35259,0.11159,0.03749,-0.00000
319.10000,127.68000,0.07989,0.36404,0.09391,0.03710,-0.00000
319.20000,127.72000,0.08093,0.37470,0.07520,0.03662,0.00000
319.30000,127.76000,0.08153,0.38456,0.05567,0.03602,0.00000
319.40000,127.80000,0.08167,0.39362,0.03557,0.03523,0.00000
319.50000,127.84000,0.08136,0.40188,0.01515,0.03420,0.00000
319.60000,127.88000,0.08058,0.40936,-0.00536,0.03287,-0.00000
319.70000,127.92000,0.07932,0.41606,-0.02569,0.03117,0.00000
319.80000,127.96000,0.07758,0.42201,-0.04562,0.02905,0.00000
319.90000,128.00000,0.07537,0.42724,-0.06490,0.02645,0.00000
320.00000,128.04000,0.07267,0.43176,-0.08334,0.02334,-0.00000
320.10000,128.08000,0.06949,0.43562,-0.10072,0.01971,0.00000
320.20000,128.12000,0.06583,0.43883,-0.11689,0.01556,-0.00000
320.30000,128.16000,0.06169,0.44143,-0.13167,0.01092,0.00000
320.40000,128.20000,0.05709,0.44343,-0.14496,0.00585,0.00000
320.50000,128.24000,0.05203,0.44486,-0.15664,0.00040,0.00000
320.60000,128.28000,0.04654,0.44575,-0.16666,-0.00532,0.00000
320.70000,128.32000,0.04062,0.44611,-0.17496,-0.01122,0.00000
320.80000,128.36000,0.03431,0.44596,-0.18154,-0.01717,0.00000
320.90000,128.40000,0.02763,0.44532,-0.18641,-0.02305,0.00000
321.00000,128.44000,0.02060,0.44422,-0.18963,-0.02873,0.00000
321.10000,128.48000,0.01327,0.44265,-0.19126,-0.03409,0.00000
321.20000,128.52000,0.00568,0.44065,-0.19139,-0.03903,0.00000
321.30000,128.56000,-0.00214,0.43823,-0.19014,-0.04343,-0.00000
321.40000,128.60000,-0.01014,0.43540,-0.18763,-0.04721,0.00000
321.50000,128.64000,-0.01826,0.43219,-0.18398,-0.05032,0.00000
321.60000,128.68000,-0.02645,0.42861,-0.17934,-0.05269,0.00000
321.70000,128.72000,-0.03466,0.42469,-0.17383,-0.05432,0.00000
321.80000,128.76000,-0.04284,0.42042,-0.16758,-0.05519,0.00000
321.90000,128.80000,-0.05091,0.41585,-0.16071,-0.05532,0.00000
322.00000,128.84000,-0.05882,0.41097,-0.15332,-0.05473,0.00000
322.10000,128.88000,-0.06651,0.40581,-0.14547,-0.05348,0.00000
322.20000,128.92000,-0.07391,0.40038,-0.13724,-0.05160,0.00000
322.30000,128.96000,-0.08098,0.39470,-0.12866,-0.04914,0.00000
322.40000,129.00000,-0.08764,0.38877,-0.11976,-0.04615,-0.00000
322.50000,129.04000,-0.09384,0.38260,-0.11053,-0.04267,0.00000
322.60000,129.08000,-0.09953,0.37620,-0.10098,-0.03873,-0.00000
322.70000,129.12000,-0.10466,0.36959,-0.09108,-0.03436,0.00000
322.80000,129.16000,-0.10919,0.36276,-0.08081,-0.02955,0.00000
322.90000,129.20000,-0.11306,0.35572,-0.07015,-0.02432,0.00000
323.00000,129.24000,-0.11624,0.34849,-0.05908,-0.01865,0.00000
323.10000,129.28000,-0.11871,0.34107,-0.04760,-0.01254,-0.00000
323.20000,129.32000,-0.12043,0.33348,-0.03570,-0.00597,0.00000
323.30000,129.36000,-0.12138,0.32573,-0.02341,0.00106,0.00000
323.40000,129.40000,-0.12156,0.31784,-0.01077,0.00853,-0.00000
323.50000,129.44000,-0.12094,0.30984,0.00216,0.01641,0.00000
323.60000,129.48000,-0.11954,0.30175,0.01532,0.02465,0.00000
323.70000,129.52000,-0.11736,0.29362,0.02860,0.03314,-0.00000
323.80000,129.56000,-0.11440,0.28548,0.04191,0.04178,0.00000
323.90000,129.60000,-0.11069,0.27736,0.05514,0.05039,-0.00000
324.00000,129.64000,-0.10625,0.26933,0.06817,0.05878,0.00000
324.10000,129.68000,-0.10111,0.26144,0.08087,0.06674,-0.00000
324.20000,129.72000,-0.09530,0.25373,0.09313,0.07402,0.00000
324.30000,129.76000,-0.08887,0.24626,0.10484,0.08036,0.00000
324.40000,129.80000,-0.08185,0.23910,0.11589,0.08550,-0.00000
324.50000,129.84000,-0.07430,0.23229,0.12619,0.08919,-0.00000
324.60000,129.88000,-0.06628,0.22590,0.13564,0.09122,0.00000
324.70000,129.92000,-0.05782,0.21997,0.14418,0.09139,-0.00000
324.80000,129.96000,-0.04901,0.21455,0.15173,0.08957,0.00000
324.90000,130.00000,-0.03988,0.20968,0.15824,0.08569,0.00000
325.00000,130.04000,-0.03051,0.20540,0.16365,0.07975,0.00000
325.10000,130.08000,-0.02096,0.20174,0.16792,0.07183,0.00000
325.20000,130.12000,-0.01128,0.19870,0.17101,0.06207,0.00000
325.30000,130.16000,-0.00155,0.19632,0.17288,0.05070,0.00000
325.40000,130.20000,0.00818,0.19457,0.17350,0.03801,-0.00000
325.50000,130.24000,0.01785,0.19347,0.17283,0.02436,0.00000
325.60000,130.28000,0.02741,0.19298,0.17086,0.01014,0.00000
325.70000,130.32000,0.03679,0.19310,0.16756,-0.00425,-0.00000
325.80000,130.36000,0.04594,0.19378,0.16293,-0.01839,0.00000
325.90000,130.40000,0.05482,0.19499,0.15697,-0.03186,-0.00000
326.00000,130.44000,0.06337,0.19669,0.14970,-0.04431,0.00000
326.10000,130.48000,0.07156,0.19884,0.14117,-0.05542,0.00000
326.20000,130.52000,0.07935,0.20137,0.13142,-0.06493,0.00000
326.30000,130.56000,0.08669,0.20426,0.12055,-0.07268,0.00000
326.40000,130.60000,0.09357,0.20744,0.10867,-0.07858,-0.00000
326.50000,130.64000,0.09995,0.21086,0.09589,-0.08263,0.00000
326.60000,130.68000,0.10580,0.21449,0.08238,-0.08490,0.00000
326.70000,130.72000,0.11111,0.21828,0.06830,-0.08555,0.00000
326.80000,130.76000,0.11586,0.22220,0.05383,-0.08478,0.00000
326.90000,130.80000,0.12004,0.22620,0.03916,-0.08286,0.00000
327.00000,130.84000,0.12363,0.23027,0.02450,-0.08005,0.00000
327.10000,130.88000,0.12663,0.23439,0.01004,-0.07665,0.00000
327.20000,130.92000,0.12903,0.23852,-0.00405,-0.07290,0.00000
327.30000,130.96000,0.13083,0.24267,-0.01760,-0.06904,0.00000
327.40000,131.00000,0.13203,0.24683,-0.03045,-0.06525,0.00000
327.50000,131.04000,0.13263,0.25098,-0.04248,-0.06165,0.00000
327.60000,131.08000,0.13264,0.25512,-0.05359,-0.05829,0.00000
327.70000,131.12000,0.13205,0.25927,-0.06371,-0.05516,0.00000
327.80000,131.16000,0.13089,0.26341,-0.07280,-0.05217,0.00000
327.90000,131.20000,0.12916,0.26755,-0.08083,-0.04921,-0.00000
328.00000,131.24000,0.12687,0.27169,-0.08782,-0.04610,0.00000
328.10000,131.28000,0.12403,0.27583,-0.09379,-0.04264,0.00000
328.20000,131.32000,0.12065,0.27998,-0.09878,-0.03863,0.00000
328.30000,131.36000,0.11676,0.28412,-0.10285,-0.03390,0.00000
328.40000,131.40000,0.11237,0.28826,-0.10606,-0.02828,0.00000
328.50000,131.44000,0.10749,0.29238,-0.10847,-0.02168,0.00000
328.60000,131.48000,0.10216,0.29650,-0.11014,-0.01405,0.00000
328.70000,131.52000,0.09638,0.30058,-0.11115,-0.00543,0.00000
328.80000,131.56000,0.09019,0.30464,-0.11154,0.00408,0.00000
328.90000,131.60000,0.08361,0.30865,-0.11136,0.01432,0.00000
329.00000,131.64000,0.07666,0.31261,-0.11067,0.02505,0.00000
329.10000,131.68000,0.06936,0.31651,-0.10950,0.03597,0.00000
329.20000,131.72000,0.06175,0.32033,-0.10789,0.04678,0.00000
329.30000,131.76000,0.05385,0.32407,-0.10587,0.05714,0.00000
329.40000,131.80000,0.04568,0.32772,-0.10349,0.06672,0.00000
329.50000,131.84000,0.03727,0.33127,-0.10078,0.07521,0.00000
329.60000,131.88000,0.02866,0.33471,-0.09777,0.08234,0.00000
329.70000,131.92000,0.01985,0.33803,-0.09450,0.08792,0.00000
329.80000,131.96000,0.01089,0.34122,-0.09101,0.09180,-0.00000
329.90000,132.00000,0.00178,0.34427,-0.08734,0.09394,0.00000
330.00000,132.04000,-0.00744,0.34716,-0.08352,0.09435,0.00000
330.10000,132.08000,-0.01674,0.34989,-0.07958,0.09314,0.00000
330.20000,132.12000,-0.02611,0.35243,-0.07554,0.09045,0.00000
330.30000,132.16000,-0.03552,0.35477,-0.07142,0.08653,0.00000
330.40000,132.20000,-0.04493,0.35688,-0.06721,0.08162,0.00000
330.50000,132.24000,-0.05433,0.35874,-0.06290,0.07600,0.00000
330.60000,132.28000,-0.06368,0.36032,-0.05846,0.06997,0.00000
330.70000,132.32000,-0.07294,0.36161,-0.05386,0.06378,-0.00000
330.80000,132.36000,-0.08208,0.36256,-0.04904,0.05767,0.00000
330.90000,132.40000,-0.09106,0.36316,-0.04395,0.05185,0.00000
331.00000,132.44000,-0.09983,0.36337,-0.03853,0.04644,0.00000
331.10000,132.48000,-0.10834,0.36318,-0.03272,0.04155,0.00000
331.20000,132.52000,-0.11654,0.36257,-0.02648,0.03718,0.00000
331.30000,132.56000,-0.12438,0.36153,-0.01976,0.03332,-0.00000
331.40000,132.60000,-0.13178,0.36004,-0.01255,0.02990,0.00000
331.50000,132.64000,-0.13870,0.35811,-0.00486,0.02680,0.00000
331.60000,132.68000,-0.14505,0.35576,0.00329,0.02388,-0.00000
331.70000,132.72000,-0.15079,0.35299,0.01183,0.02102,-0.00000
331.80000,132.76000,-0.15584,0.34985,0.02069,0.01807,0.00000
331.90000,132.80000,-0.16013,0.34637,0.02976,0.01491,-0.00000
332.00000,132.84000,-0.16360,0.34260,0.03891,0.01144,0.00000
332.10000,132.88000,-0.16621,0.33861,0.04798,0.00760,-0.00000
332.20000,132.92000,-0.16788,0.33446,0.05683,0.00337,0.00000
332.30000,132.96000,-0.16857,0.33023,0.06530,-0.00126,0.00000
332.40000,133.00000,-0.16825,0.32599,0.07323,-0.00624,0.00000
332.50000,133.04000,-0.16689,0.32183,0.08049,-0.01149,0.00000
332.60000,133.08000,-0.16445,0.31784,0.08696,-0.01692,0.00000
332.70000,133.12000,-0.16093,0.31409,0.09253,-0.02244,0.00000
332.80000,133.16000,-0.15632,0.31067,0.09715,-0.02792,-0.00000
332.90000,133.20000,-0.15064,0.30764,0.10079,-0.03328,-0.00000
333.00000,133.24000,-0.14391,0.30507,0.10343,-0.03841,0.00000
333.10000,133.28000,-0.13615,0.30301,0.10510,-0.04326,0.00000
333.20000,133.32000,-0.12741,0.30151,0.10586,-0.04776,0.00000
333.30000,133.36000,-0.11773,0.30058,0.10579,-0.05190,0.00000
333.40000,133.40000,-0.10719,0.30024,0.10496,-0.05565,0.00000
333.50000,133.44000,-0.09586,0.30048,0.10347,-0.05903,0.00000
333.60000,133.48000,-0.08381,0.30128,0.10141,-0.06205,0.00000
333.70000,133.52000,-0.07112,0.30261,0.09888,-0.06473,-0.00000
333.80000,133.56000,-0.05791,0.30441,0.09593,-0.06707,0.00000
333.90000,133.60000,-0.04425,0.30662,0.09264,-0.06909,-0.00000
334.00000,133.64000,-0.03027,0.30918,0.08902,-0.07076,0.00000
334.10000,133.68000,-0.01606,0.31198,0.08510,-0.07207,-0.00000
334.20000,133.72000,-0.00174,0.31494,0.08086,-0.07297,0.00000
334.30000,133.76000,0.01258,0.31797,0.07628,-0.07340,-0.00000
334.40000,133.80000,0.02679,0.32096,0.07132,-0.07330,0.00000
334.50000,133.84000,0.04077,0.32381,0.06593,-0.07259,0.00000
334.60000,133.88000,0.05442,0.32643,0.06008,-0.07123,0.00000
334.70000,133.92000,0.06763,0.32873,0.05371,-0.06916,0.00000
334.80000,133.96000,0.08029,0.33062,0.04681,-0.06636,0.00000
334.90000,134.00000,0.09231,0.33203,0.03937,-0.06286,0.00000
335.00000,134.04000,0.10360,0.33289,0.03140,-0.05870,0.00000
335.10000,134.08000,0.11406,0.33315,0.02295,-0.05398,0.00000
335.20000,134.12000,0.12363,0.33277,0.01408,-0.04883,0.00000
335.30000,134.16000,0.13224,0.33171,0.00489,-0.04341,0.00000
335.40000,134.20000,0.13982,0.32997,-0.00450,-0.03793,0.00000
335.50000,134.24000,0.14632,0.32753,-0.01397,-0.03260,0.00000
335.60000,134.28000,0.15172,0.32442,-0.02336,-0.02764,0.00000
335.70000,134.32000,0.15597,0.32065,-0.03253,-0.02325,-0.00000
335.80000,134.36000,0.15907,0.31626,-0.04132,-0.01960,0.00000
335.90000,134.40000,0.16101,0.31128,-0.04961,-0.01685,0.00000
336.00000,134.44000,0.16179,0.30578,-0.05727,-0.01506,0.00000
336.10000,134.48000,0.16143,0.29980,-0.06420,-0.01425,0.00000
336.20000,134.52000,0.15995,0.29343,-0.07033,-0.01438,0.00000
336.30000,134.56000,0.15739,0.28672,-0.07561,-0.01531,0.00000
336.40000,134.60000,0.15379,0.27975,-0.08002,-0.01684,0.00000
336.50000,134.64000,0.14920,0.27262,-0.08358,-0.01873,0.00000
336.60000,134.68000,0.14368,0.26539,-0.08631,-0.02066,-0.00000
336.70000,134.72000,0.13730,0.25815,-0.08827,-0.02231,0.00000
336.80000,134.76000,0.13012,0.25099,-0.08952,-0.02332,0.00000
336.90000,134.80000,0.12223,0.24399,-0.09012,-0.02336,-0.00000
337.00000,134.84000,0.11371,0.23723,-0.09015,-0.02212,-0.00000
337.10000,134.88000,0.10463,0.23080,-0.08966,-0.01934,-0.00000
337.20000,134.92000,0.09508,0.22477,-0.08873,-0.01484,0.00000
337.30000,134.96000,0.08516,0.21921,-0.08737,-0.00851,0.00000
337.40000,135.00000,0.07494,0.21418,-0.08563,-0.00033,-0.00000
337.50000,135.04000,0.06453,0.20977,-0.08351,0.00961,0.00000
337.60000,135.08000,0.05400,0.20601,-0.08100,0.02116,0.00000
337.70000,135.12000,0.04345,0.20295,-0.07810,0.03406,0.00000
337.80000,135.16000,0.03297,0.20065,-0.07478,0.04797,0.00000
337.90000,135.20000,0.02263,0.19913,-0.07101,0.06252,-0.00000
338.00000,135.24000,0.01252,0.19842,-0.06677,0.07729,0.00000
338.10000,135.28000,0.00272,0.19854,-0.06204,0.09184,0.00000
338.20000,135.32000,-0.00670,0.19950,-0.05681,0.10573,0.00000
338.30000,135.36000,-0.01567,0.20129,-0.05109,0.11856,-0.00000
338.40000,135.40000,-0.02414,0.20392,-0.04490,0.12996,0.00000
338.50000,135.44000,-0.03204,0.20736,-0.03829,0.13961,0.00000
338.60000,135.48000,-0.03932,0.21160,-0.03132,0.14727,0.00000
338.70000,135.52000,-0.04595,0.21660,-0.02407,0.15277,0.00000
338.80000,135.56000,-0.05188,0.22233,-0.01663,0.15601,0.00000
338.90000,135.60000,-0.05711,0.22875,-0.00909,0.15697,0.00000
339.00000,135.64000,-0.06160,0.23580,-0.00157,0.15568,0.00000
339.10000,135.68000,-0.06535,0.24343,0.00584,0.15225,0.00000
339.20000,135.72000,-0.06837,0.25157,0.01303,0.14682,0.00000
339.30000,135.76000,-0.07066,0.26018,0.01991,0.13957,0.00000
339.40000,135.80000,-0.07223,0.26916,0.02641,0.13069,0.00000
339.50000,135.84000,-0.07312,0.27846,0.03248,0.12040,-0.00000
339.60000,135.88000,-0.07336,0.28799,0.03808,0.10891,0.00000
339.70000,135.92000,-0.07298,0.29767,0.04317,0.09642,0.00000
339.80000,135.96000,-0.07203,0.30741,0.04777,0.08312,0.00000
339.90000,136.00000,-0.07055,0.31714,0.05189,0.06919,0.00000
340.00000,136.04000,-0.06861,0.32676,0.05554,0.05480,0.00000
340.10000,136.08000,-0.06626,0.33618,0.05875,0.04010,0.00000
340.20000,136.12000,-0.06355,0.34531,0.06156,0.02523,0.00000
340.30000,136.16000,-0.06055,0.35408,0.06401,0.01033,0.00000
340.40000,136.20000,-0.05731,0.36239,0.06611,-0.00445,-0.00000
340.50000,136.24000,-0.05389,0.37016,0.06788,-0.01898,0.00000
340.60000,136.28000,-0.05036,0.37731,0.06932,-0.03310,0.00000
340.70000,136.32000,-0.04676,0.38379,0.07043,-0.04665,0.00000
340.80000,136.36000,-0.04314,0.38951,0.07117,-0.05946,0.00000
340.90000,136.40000,-0.03956,0.39444,0.07152,-0.07138,0.00000
341.00000,136.44000,-0.03606,0.39852,0.07143,-0.08224,0.00000
341.10000,136.48000,-0.03268,0.40173,0.07084,-0.09189,0.00000
341.20000,136.52000,-0.02946,0.40403,0.06970,-0.10017,-0.00000
341.30000,136.56000,-0.02643,0.40542,0.06796,-0.10699,0.00000
341.40000,136.60000,-0.02362,0.40590,0.06558,-0.11225,0.00000
341.50000,136.64000,-0.02106,0.40548,0.06251,-0.11590,0.00000
341.60000,136.68000,-0.01876,0.40418,0.05874,-0.11795,0.00000
341.70000,136.72000,-0.01674,0.40203,0.05428,-0.11842,0.00000
341.80000,136.76000,-0.01501,0.39908,0.04915,-0.11740,-0.00000
341.90000,136.80000,-0.01358,0.39537,0.04339,-0.11500,0.00000
342.00000,136.84000,-0.01245,0.39095,0.03706,-0.11139,0.00000
342.10000,136.88000,-0.01163,0.38590,0.03027,-0.10675,0.00000
342.20000,136.92000,-0.01110,0.38026,0.02311,-0.10128,0.00000
342.30000,136.96000,-0.01086,0.37412,0.01571,-0.09520,0.00000
342.40000,137.00000,-0.01090,0.36753,0.00818,-0.08873,0.00000
342.50000,137.04000,-0.01121,0.36057,0.00068,-0.08206,0.00000
342.60000,137.08000,-0.01177,0.35331,-0.00667,-0.07539,0.00000
342.70000,137.12000,-0.01256,0.34581,-0.01374,-0.06887,0.00000
342.80000,137.16000,-0.01354,0.33813,-0.02041,-0.06262,0.00000
342.90000,137.20000,-0.01471,0.33035,-0.02658,-0.05674,-0.00000
343.00000,137.24000,-0.01602,0.32252,-0.03217,-0.05129,0.00000
343.10000,137.28000,-0.01744,0.31470,-0.03710,-0.04627,-0.00000
343.20000,137.32000,-0.01893,0.30696,-0.04135,-0.04169,-0.00000
343.30000,137.36000,-0.02047,0.29933,-0.04489,-0.03750,0.00000
343.40000,137.40000,-0.02200,0.29189,-0.04772,-0.03365,0.00000
343.50000,137.44000,-0.02348,0.28467,-0.04986,-0.03007,0.00000
343.60000,137.48000,-0.02488,0.27773,-0.05136,-0.02670,0.00000
343.70000,137.52000,-0.02615,0.27111,-0.05226,-0.02346,-0.00000
343.80000,137.56000,-0.02724,0.26485,-0.05263,-0.02030,0.00000
343.90000,137.60000,-0.02813,0.25900,-0.05254,-0.01715,0.00000
344.00000,137.64000,-0.02876,0.25359,-0.05205,-0.01399,0.00000
344.10000,137.68000,-0.02911,0.24866,-0.05123,-0.01079,0.00000
344.20000,137.72000,-0.02914,0.24424,-0.05014,-0.00756,-0.00000
344.30000,137.76000,-0.02882,0.24034,-0.04884,-0.00429,0.00000
344.40000,137.80000,-0.02814,0.23699,-0.04736,-0.00102,0.00000
344.50000,137.84000,-0.02708,0.23420,-0.04572,0.00223,0.00000
344.60000,137.88000,-0.02563,0.23198,-0.04394,0.00543,0.00000
344.70000,137.92000,-0.02379,0.23033,-0.04202,0.00854,0.00000
344.80000,137.96000,-0.02156,0.22925,-0.03993,0.01152,-0.00000
344.90000,138.00000,-0.01895,0.22872,-0.03766,0.01435,0.00000
345.00000,138.04000,-0.01598,0.22873,-0.03515,0.01700,0.00000
345.10000,138.08000,-0.01268,0.22927,-0.03239,0.01945,-0.00000
345.20000,138.12000,-0.00908,0.23030,-0.02931,0.02169,0.00000
345.30000,138.16000,-0.00520,0.23180,-0.02587,0.02371,0.00000
345.40000,138.20000,-0.00109,0.23375,-0.02205,0.02550,0.00000
345.50000,138.24000,0.00321,0.23609,-0.01781,0.02708,-0.00000
345.60000,138.28000,0.00765,0.23882,-0.01313,0.02843,0.00000
345.70000,138.32000,0.01220,0.24188,-0.00804,0.02957,0.00000
345.80000,138.36000,0.01681,0.24525,-0.00254,0.03050,0.00000
345.90000,138.40000,0.02143,0.24888,0.00332,0.03124,0.00000
346.00000,138.44000,0.02601,0.25275,0.00948,0.03178,0.00000
346.10000,138.48000,0.03053,0.25683,0.01585,0.03215,0.00000
346.20000,138.52000,0.03493,0.26107,0.02232,0.03238,0.00000
346.30000,138.56000,0.03919,0.26544,0.02878,0.03248,0.00000
346.40000,138.60000,0.04327,0.26992,0.03510,0.03251,0.00000
346.50000,138.64000,0.04714,0.27447,0.04112,0.03252,0.00000
346.60000,138.68000,0.05078,0.27906,0.04672,0.03255,0.00000
346.70000,138.72000,0.05417,0.28366,0.05173,0.03268,-0.00000
346.80000,138.76000,0.05728,0.28823,0.05604,0.03298,-0.00000
346.90000,138.80000,0.06011,0.29274,0.05950,0.03352,0.00000
347.00000,138.84000,0.06263,0.29717,0.06202,0.03436,0.00000
347.10000,138.88000,0.06485,0.30147,0.06352,0.03556,0.00000
347.20000,138.92000,0.06675,0.30563,0.06394,0.03716,0.00000
347.30000,138.96000,0.06833,0.30962,0.06325,0.03918,0.00000
347.40000,139.00000,0.06958,0.31340,0.06146,0.04161,0.00000
347.50000,139.04000,0.07050,0.31696,0.05859,0.04441,0.00000
347.60000,139.08000,0.07109,0.32028,0.05472,0.04750,0.00000
347.70000,139.12000,0.07135,0.32334,0.04994,0.05078,0.00000
347.80000,139.16000,0.07128,0.32612,0.04436,0.05411,-0.00000
347.90000,139.20000,0.07088,0.32863,0.03811,0.05732,0.00000
348.00000,139.24000,0.07016,0.33084,0.03134,0.06023,0.00000
348.10000,139.28000,0.06911,0.33277,0.02421,0.06264,0.00000
348.20000,139.32000,0.06774,0.33442,0.01688,0.06435,0.00000
348.30000,139.36000,0.06605,0.33580,0.00950,0.06517,0.00000
348.40000,139.40000,0.06404,0.33691,0.00221,0.06495,0.00000
348.50000,139.44000,0.06172,0.33776,-0.00485,0.06355,0.00000
348.60000,139.48000,0.05909,0.33838,-0.01157,0.06089,0.00000
348.70000,139.52000,0.05616,0.33878,-0.01786,0.05692,0.00000
348.80000,139.56000,0.05293,0.33898,-0.02363,0.05167,-0.00000
348.90000,139.60000,0.04941,0.33899,-0.02886,0.04521,0.00000
349.00000,139.64000,0.04560,0.33883,-0.03350,0.03766,0.00000
349.10000,139.68000,0.04150,0.33852,-0.03756,0.02921,0.00000
349.20000,139.72000,0.03713,0.33808,-0.04104,0.02007,0.00000
349.30000,139.76000,0.03249,0.33753,-0.04397,0.01051,0.00000
349.40000,139.80000,0.02759,0.33687,-0.04640,0.00080,0.00000
349.50000,139.84000,0.02245,0.33612,-0.04836,-0.00879,0.00000
349.60000,139.88000,0.01709,0.33530,-0.04991,-0.01799,0.00000
349.70000,139.92000,0.01151,0.33443,-0.05108,-0.02653,0.00000
349.80000,139.96000,0.00574,0.33350,-0.05192,-0.03422,-0.00000
349.90000,140.00000,-0.00020,0.33254,-0.05247,-0.04086,0.00000
350.00000,140.04000,-0.00627,0.33156,-0.05274,-0.04634,0.00000
350.10000,140.08000,-0.01244,0.33057,-0.05276,-0.05059,0.00000
350.20000,140.12000,-0.01869,0.32957,-0.05251,-0.05357,0.00000
350.30000,140.16000,-0.02497,0.32859,-0.05199,-0.05533,0.00000
350.40000,140.20000,-0.03123,0.32761,-0.05119,-0.05595,0.00000
350.50000,140.24000,-0.03743,0.32666,-0.05007,-0.05554,0.00000
350.60000,140.28000,-0.04353,0.32574,-0.04860,-0.05425,0.00000
350.70000,140.32000,-0.04946,0.32484,-0.04676,-0.05225,-0.00000
350.80000,140.36000,-0.05519,0.32397,-0.04451,-0.04971,0.00000
350.90000,140.40000,-0.06065,0.32312,-0.04181,-0.04682,0.00000
351.00000,140.44000,-0.06580,0.32228,-0.03866,-0.04375,0.00000
351.10000,140.48000,-0.07059,0.32145,-0.03505,-0.04064,0.00000
351.20000,140.52000,-0.07497,0.32059,-0.03097,-0.03764,0.00000
351.30000,140.56000,-0.07890,0.31971,-0.02646,-0.03485,-0.00000
351.40000,140.60000,-0.08234,0.31877,-0.02154,-0.03236,0.00000
351.50000,140.64000,-0.08526,0.31775,-0.01627,-0.03023,0.00000
351.60000,140.68000,-0.08762,0.31663,-0.01071,-0.02851,-0.00000
351.70000,140.72000,-0.08941,0.31538,-0.00494,-0.02721,0.00000
351.80000,140.76000,-0.09061,0.31398,0.00094,-0.02635,-0.00000
351.90000,140.80000,-0.09122,0.31240,0.00683,-0.02592,0.00000
352.00000,140.84000,-0.09122,0.31061,0.01263,-0.02590,0.00000
352.10000,140.88000,-0.09063,0.30861,0.01823,-0.02628,-0.00000
352.20000,140.92000,-0.08945,0.30636,0.02353,-0.02703,0.00000
352.30000,140.96000,-0.08770,0.30387,0.02843,-0.02810,0.00000
352.40000,141.00000,-0.08541,0.30111,0.03284,-0.02946,0.00000
352.50000,141.04000,-0.08260,0.29810,0.03670,-0.03105,0.00000
352.60000,141.08000,-0.07931,0.29483,0.03995,-0.03280,0.00000
352.70000,141.12000,-0.07557,0.29131,0.04256,-0.03462,0.00000
352.80000,141.16000,-0.07142,0.28756,0.04452,-0.03643,0.00000
352.90000,141.20000,-0.06690,0.28360,0.04585,-0.03809,0.00000
353.00000,141.24000,-0.06207,0.27945,0.04657,-0.03949,-0.00000
353.10000,141.28000,-0.05695,0.27515,0.04674,-0.04048,0.00000
353.20000,141.32000,-0.05161,0.27072,0.04643,-0.04090,0.00000
353.30000,141.36000,-0.04609,0.26621,0.04572,-0.04061,0.00000
353.40000,141.40000,-0.04043,0.26167,0.04472,-0.03947,-0.00000
353.50000,141.44000,-0.03468,0.25713,0.04351,-0.03734,0.00000
353.60000,141.48000,-0.02889,0.25266,0.04220,-0.03414,0.00000
353.70000,141.52000,-0.02309,0.24829,0.04088,-0.02978,0.00000
353.80000,141.56000,-0.01733,0.24408,0.03962,-0.02427,0.00000
353.90000,141.60000,-0.01164,0.24009,0.03850,-0.01762,0.00000
354.00000,141.64000,-0.00605,0.23636,0.03757,-0.00991,-0.00000
354.10000,141.68000,-0.00059,0.23296,0.03686,-0.00130,0.00000
354.20000,141.72000,0.00470,0.22992,0.03637,0.00804,0.00000
354.30000,141.76000,0.00982,0.22731,0.03608,0.01786,0.00000
354.40000,141.80000,0.01475,0.22516,0.03596,0.02790,0.00000
354.50000,141.84000,0.01946,0.22353,0.03596,0.03784,-0.00000
354.60000,141.88000,0.02395,0.22243,0.03602,0.04739,0.00000
354.70000,141.92000,0.02822,0.22192,0.03604,0.05622,0.00000
354.80000,141.96000,0.03225,0.22201,0.03596,0.06406,0.00000
354.90000,142.00000,0.03605,0.22272,0.03568,0.07064,0.00000
355.00000,142.04000,0.03962,0.22405,0.03514,0.07575,0.00000
355.10000,142.08000,0.04296,0.22603,0.03426,0.07925,0.00000
355.20000,142.12000,0.04607,0.22862,0.03300,0.08104,0.00000
355.30000,142.16000,0.04895,0.23183,0.03132,0.08111,0.00000
355.40000,142.20000,0.05161,0.23562,0.02920,0.07950,0.00000
355.50000,142.24000,0.05404,0.23996,0.02666,0.07633,0.00000
355.60000,142.28000,0.05626,0.24481,0.02372,0.07175,0.00000
355.70000,142.32000,0.05824,0.25012,0.02041,0.06598,0.00000
355.80000,142.36000,0.06001,0.25583,0.01681,0.05925,-0.00000
355.90000,142.40000,0.06155,0.26188,0.01297,0.05181,0.00000
356.00000,142.44000,0.06285,0.26820,0.00897,0.04393,0.00000
356.10000,142.48000,0.06392,0.27472,0.00489,0.03583,0.00000
356.20000,142.52000,0.06475,0.28137,0.00080,0.02774,-0.00000
356.30000,142.56000,0.06534,0.28808,-0.00324,0.01983,0.00000
356.40000,142.60000,0.06568,0.29479,-0.00718,0.01224,0.00000
356.50000,142.64000,0.06576,0.30141,-0.01097,0.00506,0.00000
356.60000,142.68000,0.06558,0.30789,-0.01458,-0.00166,0.00000
356.70000,142.72000,0.06515,0.31418,-0.01800,-0.00790,0.00000
356.80000,142.76000,0.06445,0.32021,-0.02124,-0.01369,0.00000
356.90000,142.80000,0.06350,0.32596,-0.02431,-0.01906,0.00000
357.00000,142.84000,0.06229,0.33140,-0.02722,-0.02407,0.00000
357.10000,142.88000,0.06083,0.33648,-0.03001,-0.02876,-0.00000
357.20000,142.92000,0.05913,0.34122,-0.03269,-0.03316,0.00000
357.30000,142.96000,0.05719,0.34559,-0.03530,-0.03729,-0.00000
357.40000,143.00000,0.05501,0.34962,-0.03784,-0.04114,0.00000
357.50000,143.04000,0.05262,0.35330,-0.04033,-0.04466,-0.00000
357.60000,143.08000,0.05002,0.35668,-0.04276,-0.04776,0.00000
357.70000,143.12000,0.04722,0.35978,-0.04512,-0.05034,0.00000
357.80000,143.16000,0.04423,0.36264,-0.04737,-0.05226,0.00000
357.90000,143.20000,0.04107,0.36530,-0.04948,-0.05338,0.00000
358.00000,143.24000,0.03774,0.36781,-0.05141,-0.05356,0.00000
358.10000,143.28000,0.03426,0.37022,-0.05310,-0.05265,0.00000
358.20000,143.32000,0.03065,0.37256,-0.05452,-0.05054,0.00000
358.30000,143.36000,0.02691,0.37488,-0.05560,-0.04715,0.00000
358.40000,143.40000,0.02306,0.37722,-0.05632,-0.04245,0.00000
358.50000,143.44000,0.01912,0.37960,-0.05665,-0.03647,0.00000
358.60000,143.48000,0.01511,0.38205,-0.05657,-0.02928,0.00000
358.70000,143.52000,0.01104,0.38458,-0.05608,-0.02102,0.00000
358.80000,143.56000,0.00693,0.38719,-0.05519,-0.01189,0.00000
358.90000,143.60000,0.00281,0.38987,-0.05394,-0.00213,-0.00000
359.00000,143.64000,-0.00130,0.39258,-0.05235,0.00796,-0.00000
359.10000,143.68000,-0.00538,0.39530,-0.05049,0.01807,0.00000
359.20000,143.72000,-0.00941,0.39796,-0.04839,0.02789,-0.00000
359.30000,143.76000,-0.01335,0.40050,-0.04610,0.03707,0.00000
359.40000,143.80000,-0.01719,0.40286,-0.04368,0.04532,0.00000
359.50000,143.84000,-0.02089,0.40495,-0.04116,0.05237,0.00000
359.60000,143.88000,-0.02444,0.40667,-0.03857,0.05798,-0.00000
359.70000,143.92000,-0.02780,0.40793,-0.03592,0.06200,0.00000
359.80000,143.96000,-0.03098,0.40863,-0.03322,0.06430,-0.00000
359.90000,144.00000,-0.03393,0.40868,-0.03044,0.06487,0.00000
360.00000,144.04000,-0.03666,0.40797,-0.02757,0.06372,0.00000
360.10000,144.08000,-0.03915,0.40643,-0.02457,0.06095,0.00000
360.20000,144.12000,-0.04140,0.40397,-0.02140,0.05671,0.00000
360.30000,144.16000,-0.04339,0.40051,-0.01803,0.05120,-0.00000
360.40000,144.20000,-0.04514,0.39601,-0.01442,0.04465,0.00000
360.50000,144.24000,-0.04664,0.39042,-0.01056,0.03732,0.00000
360.60000,144.28000,-0.04791,0.38371,-0.00643,0.02949,0.00000
360.70000,144.32000,-0.04895,0.37587,-0.00205,0.02142,0.00000
360.80000,144.36000,-0.04977,0.36692,0.00254,0.01336,0.00000
360.90000,144.40000,-0.05039,0.35687,0.00729,0.00555,0.00000
361.00000,144.44000,-0.05082,0.34578,0.01214,-0.00182,0.00000
361.10000,144.48000,-0.05106,0.33370,0.01697,-0.00859,0.00000
361.20000,144.52000,-0.05114,0.32072,0.02169,-0.01463,0.00000
361.30000,144.56000,-0.05107,0.30693,0.02618,-0.01987,0.00000
361.40000,144.60000,-0.05085,0.29244,0.03033,-0.02428,-0.00000
361.50000,144.64000,-0.05049,0.27737,0.03403,-0.02786,-0.00000
361.60000,144.68000,-0.05000,0.26185,0.03717,-0.03064,0.00000
361.70000,144.72000,-0.04938,0.24603,0.03969,-0.03268,0.00000
361.80000,144.76000,-0.04864,0.23006,0.04152,-0.03408,0.00000
361.90000,144.80000,-0.04776,0.21408,0.04264,-0.03492,0.00000
362.00000,144.84000,-0.04675,0.19826,0.04307,-0.03531,0.00000
362.10000,144.88000,-0.04561,0.18276,0.04282,-0.03537,0.00000
362.20000,144.92000,-0.04433,0.16772,0.04198,-0.03518,0.00000
362.30000,144.96000,-0.04290,0.15331,0.04063,-0.03485,0.00000
362.40000,145.00000,-0.04132,0.13967,0.03889,-0.03445,0.00000
362.50000,145.04000,-0.03958,0.12695,0.03690,-0.03406,0.00000
362.60000,145.08000,-0.03768,0.11527,0.03477,-0.03370,0.00000
362.70000,145.12000,-0.03561,0.10477,0.03267,-0.03342,0.00000
362.80000,145.16000,-0.03337,0.09555,0.03071,-0.03323,0.00000
362.90000,145.20000,-0.03097,0.08773,0.02901,-0.03312,0.00000
363.00000,145.24000,-0.02839,0.08137,0.02768,-0.03307,-0.00000
363.10000,145.28000,-0.02565,0.07656,0.02679,-0.03304,0.00000
363.20000,145.32000,-0.02274,0.07335,0.02639,-0.03298,0.00000
363.30000,145.36000,-0.01968,0.07178,0.02650,-0.03285,0.00000
363.40000,145.40000,-0.01647,0.07188,0.02713,-0.03256,0.00000
363.50000,145.44000,-0.01312,0.07367,0.02824,-0.03207,0.00000
363.60000,145.48000,-0.00965,0.07714,0.02980,-0.03130,0.00000
363.70000,145.52000,-0.00606,0.08226,0.03174,-0.03018,-0.00000
363.80000,145.56000,-0.00237,0.08902,0.03400,-0.02868,0.00000
363.90000,145.60000,0.00140,0.09735,0.03651,-0.02674,0.00000
364.00000,145.64000,0.00523,0.10722,0.03919,-0.02434,0.00000
364.10000,145.68000,0.00912,0.11855,0.04199,-0.02146,0.00000
364.20000,145.72000,0.01303,0.13126,0.04483,-0.01811,-0.00000
364.30000,145.76000,0.01695,0.14527,0.04767,-0.01430,0.00000
364.40000,145.80000,0.02086,0.16049,0.05047,-0.01010,0.00000
364.50000,145.84000,0.02474,0.17682,0.05319,-0.00555,0.00000
364.60000,145.88000,0.02856,0.19415,0.05579,-0.00074,0.00000
364.70000,145.92000,0.03231,0.21236,0.05827,0.00425,0.00000
364.80000,145.96000,0.03595,0.23135,0.06057,0.00929,0.00000
364.90000,146.00000,0.03947,0.25098,0.06268,0.01429,-0.00000
365.00000,146.04000,0.04285,0.27113,0.06455,0.01913,0.00000
365.10000,146.08000,0.04604,0.29166,0.06612,0.02372,0.00000
365.20000,146.12000,0.04904,0.31245,0.06732,0.02794,-0.00000
365.30000,146.16000,0.05182,0.33333,0.06809,0.03172,-0.00000
365.40000,146.20000,0.05435,0.35417,0.06834,0.03499,0.00000
365.50000,146.24000,0.05660,0.37482,0.06796,0.03771,0.00000
365.60000,146.28000,0.05855,0.39512,0.06686,0.03986,0.00000
365.70000,146.32000,0.06018,0.41492,0.06494,0.04143,0.00000
365.80000,146.36000,0.06147,0.43406,0.06210,0.04245,0.00000
365.90000,146.40000,0.06238,0.45238,0.05828,0.04297,0.00000
366.00000,146.44000,0.06291,0.46974,0.05340,0.04303,-0.00000
366.10000,146.48000,0.06303,0.48598,0.04744,0.04271,0.00000
366.20000,146.52000,0.06273,0.50097,0.04037,0.04208,0.00000
366.30000,146.56000,0.06199,0.51456,0.03224,0.04121,-0.00000
366.40000,146.60000,0.06081,0.52666,0.02308,0.04017,0.00000
366.50000,146.64000,0.05917,0.53713,0.01298,0.03901,0.00000
366.60000,146.68000,0.05708,0.54590,0.00207,0.03778,0.00000
366.70000,146.72000,0.05454,0.55289,-0.00952,0.03649,-0.00000
366.80000,146.76000,0.05156,0.55804,-0.02164,0.03515,0.00000
366.90000,146.80000,0.04814,0.56131,-0.03411,0.03375,-0.00000
367.00000,146.84000,0.04430,0.56268,-0.04675,0.03224,0.00000
367.10000,146.88000,0.04006,0.56217,-0.05938,0.03059,-0.00000
367.20000,146.92000,0.03546,0.55978,-0.07184,0.02874,0.00000
367.30000,146.96000,0.03052,0.55556,-0.08395,0.02662,0.00000
367.40000,147.00000,0.02527,0.54956,-0.09559,0.02418,0.00000
367.50000,147.04000,0.01976,0.54186,-0.10662,0.02138,0.00000
367.60000,147.08000,0.01403,0.53256,-0.11695,0.01816,0.00000
367.70000,147.12000,0.00813,0.52174,-0.12649,0.01453,0.00000
367.80000,147.16000,0.00210,0.50953,-0.13518,0.01047,0.00000
367.90000,147.20000,-0.00401,0.49605,-0.14299,0.00602,0.00000
368.00000,147.24000,-0.01014,0.48142,-0.14988,0.00124,0.00000
368.10000,147.28000,-0.01624,0.46580,-0.15583,-0.00381,0.00000
368.20000,147.32000,-0.02225,0.44931,-0.16081,-0.00903,0.00000
368.30000,147.36000,-0.02814,0.43210,-0.16482,-0.01429,0.00000
368.40000,147.40000,-0.03385,0.41432,-0.16782,-0.01949,0.00000
368.50000,147.44000,-0.03933,0.39611,-0.16979,-0.02448,-0.00000
368.60000,147.48000,-0.04455,0.37763,-0.17067,-0.02916,0.00000
368.70000,147.52000,-0.04946,0.35900,-0.17043,-0.03339,-0.00000
368.80000,147.56000,-0.05402,0.34038,-0.16900,-0.03709,0.00000
368.90000,147.60000,-0.05822,0.32190,-0.16632,-0.04017,0.00000
369.00000,147.64000,-0.06201,0.30370,-0.16231,-0.04258,0.00000
369.10000,147.68000,-0.06538,0.28589,-0.15693,-0.04428,-0.00000
369.20000,147.72000,-0.06831,0.26861,-0.15010,-0.04528,0.00000
369.30000,147.76000,-0.07078,0.25197,-0.14179,-0.04560,-0.00000
369.40000,147.80000,-0.07279,0.23607,-0.13197,-0.04529,0.00000
369.50000,147.84000,-0.07433,0.22100,-0.12064,-0.04440,-0.00000
369.60000,147.88000,-0.07539,0.20686,-0.10784,-0.04304,-0.00000
369.70000,147.92000,-0.07598,0.19371,-0.09360,-0.04128,0.00000
369.80000,147.96000,-0.07609,0.18162,-0.07803,-0.03921,-0.00000
369.90000,148.00000,-0.07574,0.17063,-0.06125,-0.03693,0.00000
370.00000,148.04000,-0.07493,0.16078,-0.04340,-0.03452,0.00000
370.10000,148.08000,-0.07366,0.15209,-0.02467,-0.03203,0.00000
370.20000,148.12000,-0.07194,0.14457,-0.00526,-0.02953,-0.00000
370.30000,148.16000,-0.06980,0.13822,0.01460,-0.02704,-0.00000
370.40000,148.20000,-0.06722,0.13301,0.03468,-0.02457,-0.00000
370.50000,148.24000,-0.06424,0.12892,0.05471,-0.02212,0.00000
370.60000,148.28000,-0.06086,0.12591,0.07446,-0.01966,0.00000
370.70000,148.32000,-0.05710,0.12393,0.09366,-0.01715,0.00000
370.80000,148.36000,-0.05297,0.12294,0.11208,-0.01454,0.00000
370.90000,148.40000,-0.04847,0.12287,0.12948,-0.01179,0.00000
371.00000,148.44000,-0.04364,0.12365,0.14564,-0.00884,0.00000
371.10000,148.48000,-0.03849,0.12524,0.16039,-0.00565,-0.00000
371.20000,148.52000,-0.03303,0.12755,0.17353,-0.00220,0.00000
371.30000,148.56000,-0.02728,0.13054,0.18495,0.00155,0.00000
371.40000,148.60000,-0.02127,0.13413,0.19451,0.00558,0.00000
371.50000,148.64000,-0.01502,0.13828,0.20213,0.00988,0.00000
371.60000,148.68000,-0.00855,0.14292,0.20777,0.01440,-0.00000
371.70000,148.72000,-0.00190,0.14801,0.21139,0.01909,0.00000
371.80000,148.76000,0.00492,0.15351,0.21301,0.02386,0.00000
371.90000,148.80000,0.01186,0.15937,0.21266,0.02861,0.00000
372.00000,148.84000,0.01890,0.16556,0.21041,0.03325,-0.00000
372.10000,148.88000,0.02599,0.17204,0.20634,0.03765,0.00000
372.20000,148.92000,0.03309,0.17878,0.20058,0.04170,0.00000
372.30000,148.96000,0.04016,0.18575,0.19327,0.04528,0.00000
372.40000,149.00000,0.04717,0.19294,0.18455,0.04830,0.00000
372.50000,149.04000,0.05405,0.20031,0.17459,0.05066,-0.00000
372.60000,149.08000,0.06076,0.20783,0.16358,0.05229,0.00000
372.70000,149.12000,0.06726,0.21550,0.15170,0.05314,0.00000
372.80000,149.16000,0.07349,0.22328,0.13913,0.05316,0.00000
372.90000,149.20000,0.07940,0.23115,0.12605,0.05236,-0.00000
373.00000,149.24000,0.08495,0.23908,0.11262,0.05075,0.00000
373.10000,149.28000,0.09008,0.24707,0.09900,0.04837,0.00000
373.20000,149.32000,0.09474,0.25508,0.08533,0.04526,0.00000
373.30000,149.36000,0.09890,0.26310,0.07172,0.04150,0.00000
373.40000,149.40000,0.10250,0.27110,0.05825,0.03717,0.00000
373.50000,149.44000,0.10550,0.27908,0.04500,0.03236,0.00000
373.60000,149.48000,0.10788,0.28701,0.03201,0.02714,0.00000
373.70000,149.52000,0.10959,0.29487,0.01930,0.02161,0.00000
373.80000,149.56000,0.11061,0.30267,0.00688,0.01584,0.00000
373.90000,149.60000,0.11092,0.31038,-0.00526,0.00991,0.00000
374.00000,149.64000,0.11049,0.31799,-0.01715,0.00386,0.00000
374.10000,149.68000,0.10933,0.32550,-0.02880,-0.00225,0.00000
374.20000,149.72000,0.10742,0.33289,-0.04024,-0.00840,0.00000
374.30000,149.76000,0.10476,0.34014,-0.05148,-0.01456,0.00000
374.40000,149.80000,0.10137,0.34726,-0.06255,-0.02072,0.00000
374.50000,149.84000,0.09726,0.35422,-0.07343,-0.02686,0.00000
374.60000,149.88000,0.09244,0.36100,-0.08411,-0.03295,0.00000
374.70000,149.92000,0.08694,0.36758,-0.09456,-0.03899,0.00000
374.80000,149.96000,0.08079,0.37395,-0.10471,-0.04492,0.00000
374.90000,150.00000,0.07404,0.38007,-0.11450,-0.05070,0.00000
375.00000,150.04000,0.06673,0.38592,-0.12385,-0.05624,0.00000
375.10000,150.08000,0.05889,0.39145,-0.13267,-0.06143,-0.00000
375.20000,150.12000,0.05060,0.39664,-0.14086,-0.06616,-0.00000
375.30000,150.16000,0.04189,0.40145,-0.14832,-0.07028,0.00000
375.40000,150.20000,0.03283,0.40583,-0.15494,-0.07361,0.00000
375.50000,150.24000,0.02349,0.40975,-0.16064,-0.07599,0.00000
375.60000,150.28000,0.01393,0.41317,-0.16533,-0.07723,0.00000
375.70000,150.32000,0.00421,0.41605,-0.16894,-0.07717,-0.00000
375.80000,150.36000,-0.00560,0.41836,-0.17141,-0.07564,0.00000
375.90000,150.40000,-0.01542,0.42007,-0.17270,-0.07253,0.00000
376.00000,150.44000,-0.02520,0.42115,-0.17279,-0.06775,0.00000
376.10000,150.48000,-0.03487,0.42159,-0.17166,-0.06127,0.00000
376.20000,150.52000,-0.04436,0.42137,-0.16932,-0.05310,-0.00000
376.30000,150.56000,-0.05361,0.42050,-0.16577,-0.04335,-0.00000
376.40000,150.60000,-0.06256,0.41897,-0.16105,-0.03217,0.00000
376.50000,150.64000,-0.07115,0.41679,-0.15517,-0.01978,-0.00000
376.60000,150.68000,-0.07933,0.41400,-0.14818,-0.00646,-0.00000
376.70000,150.72000,-0.08705,0.41063,-0.14011,0.00745,-0.00000
376.80000,150.76000,-0.09427,0.40670,-0.13102,0.02157,0.00000
376.90000,150.80000,-0.10093,0.40227,-0.12094,0.03553,0.00000
377.00000,150.84000,-0.10702,0.39738,-0.10993,0.04889,-0.00000
377.10000,150.88000,-0.11250,0.39209,-0.09806,0.06129,0.00000
377.20000,150.92000,-0.11733,0.38647,-0.08540,0.07235,0.00000
377.30000,150.96000,-0.12151,0.38057,-0.07201,0.08175,-0.00000
377.40000,151.00000,-0.12501,0.37445,-0.05801,0.08926,0.00000
377.50000,151.04000,-0.12783,0.36817,-0.04348,0.09468,-0.00000
377.60000,151.08000,-0.12995,0.36180,-0.02856,0.09794,0.00000
377.70000,151.12000,-0.13138,0.35540,-0.01338,0.09903,0.00000
377.80000,151.16000,-0.13212,0.34901,0.00191,0.09802,-0.00000
377.90000,151.20000,-0.13218,0.34267,0.01714,0.09509,0.00000
378.00000,151.24000,-0.13156,0.33645,0.03214,0.09046,-0.00000
378.10000,151.28000,-0.13028,0.33035,0.04673,0.08443,0.00000
378.20000,151.32000,-0.12836,0.32442,0.06074,0.07730,0.00000
378.30000,151.36000,-0.12581,0.31868,0.07398,0.06943,0.00000
378.40000,151.40000,-0.12267,0.31314,0.08631,0.06114,0.00000
378.50000,151.44000,-0.11895,0.30781,0.09757,0.05274,0.00000
378.60000,151.48000,-0.11467,0.30269,0.10764,0.04450,0.00000
378.70000,151.52000,-0.10988,0.29778,0.11642,0.03664,-0.00000
378.80000,151.56000,-0.10459,0.29308,0.12383,0.02930,0.00000
378.90000,151.60000,-0.09883,0.28858,0.12985,0.02256,0.00000
379.00000,151.64000,-0.09264,0.28427,0.13446,0.01641,0.00000
379.10000,151.68000,-0.08605,0.28015,0.13768,0.01081,0.00000
379.20000,151.72000,-0.07908,0.27619,0.13956,0.00563,0.00000
379.30000,151.76000,-0.07178,0.27240,0.14017,0.00070,0.00000
379.40000,151.80000,-0.06417,0.26877,0.13961,-0.00414,0.00000
379.50000,151.84000,-0.05628,0.26528,0.13797,-0.00909,0.00000
379.60000,151.88000,-0.04816,0.26194,0.13538,-0.01433,0.00000
379.70000,151.92000,-0.03982,0.25875,0.13196,-0.02000,-0.00000
379.80000,151.96000,-0.03132,0.25571,0.12782,-0.02620,-0.00000
379.90000,152.00000,-0.02267,0.25281,0.12307,-0.03296,0.00000
380.00000,152.04000,-0.01392,0.25007,0.11781,-0.04025,-0.00000
380.10000,152.08000,-0.00509,0.24748,0.11214,-0.04798,-0.00000
380.20000,152.12000,0.00377,0.24507,0.10614,-0.05598,-0.00000
380.30000,152.16000,0.01263,0.24282,0.09988,-0.06403,-0.00000
380.40000,152.20000,0.02147,0.24076,0.09341,-0.07187,-0.00000
380.50000,152.24000,0.03025,0.23889,0.08679,-0.07920,0.00000
380.60000,152.28000,0.03893,0.23721,0.08006,-0.08573,0.00000
380.70000,152.32000,0.04749,0.23572,0.07324,-0.09115,-0.00000
380.80000,152.36000,0.05590,0.23445,0.06639,-0.09522,-0.00000
380.90000,152.40000,0.06412,0.23338,0.05952,-0.09772,0.00000
381.00000,152.44000,0.07213,0.23253,0.05267,-0.09851,0.00000
381.10000,152.48000,0.07991,0.23190,0.04586,-0.09750,0.00000
381.20000,152.52000,0.08743,0.23149,0.03912,-0.09471,-0.00000
381.30000,152.56000,0.09466,0.23130,0.03248,-0.09021,0.00000
381.40000,152.60000,0.10158,0.23135,0.02596,-0.08418,0.00000
381.50000,152.64000,0.10817,0.23165,0.01957,-0.07683,0.00000
381.60000,152.68000,0.11441,0.23219,0.01333,-0.06843,0.00000
381.70000,152.72000,0.12027,0.23298,0.00723,-0.05930,0.00000
381.80000,152.76000,0.12572,0.23404,0.00126,-0.04977,0.00000
381.90000,152.80000,0.13075,0.23538,-0.00460,-0.04014,0.00000
382.00000,152.84000,0.13533,0.23701,-0.01038,-0.03072,0.00000
382.10000,152.88000,0.13942,0.23893,-0.01610,-0.02177,0.00000
382.20000,152.92000,0.14301,0.24115,-0.02183,-0.01349,-0.00000
382.30000,152.96000,0.14606,0.24368,-0.02759,-0.00602,0.00000
382.40000,153.00000,0.14853,0.24653,-0.03342,0.00055,0.00000
382.50000,153.04000,0.15040,0.24968,-0.03936,0.00622,0.00000
382.60000,153.08000,0.15162,0.25312,-0.04544,0.01102,0.00000
382.70000,153.12000,0.15216,0.25685,-0.05164,0.01506,0.00000
382.80000,153.16000,0.15199,0.26085,-0.05795,0.01847,0.00000
382.90000,153.20000,0.15108,0.26507,-0.06434,0.02141,-0.00000
383.00000,153.24000,0.14938,0.26950,-0.07075,0.02404,0.00000
383.10000,153.28000,0.14687,0.27407,-0.07708,0.02655,0.00000
383.20000,153.32000,0.14352,0.27874,-0.08324,0.02906,0.00000
383.30000,153.36000,0.13932,0.28346,-0.08910,0.03170,0.00000
383.40000,153.40000,0.13424,0.28815,-0.09455,0.03456,0.00000
383.50000,153.44000,0.12829,0.29275,-0.09943,0.03767,0.00000
383.60000,153.48000,0.12146,0.29719,-0.10361,0.04104,0.00000
383.70000,153.52000,0.11377,0.30139,-0.10698,0.04461,-0.00000
383.80000,153.56000,0.10523,0.30529,-0.10942,0.04832,0.00000
383.90000,153.60000,0.09587,0.30882,-0.11086,0.05208,0.00000
384.00000,153.64000,0.08574,0.31192,-0.11123,0.05576,-0.00000
384.10000,153.68000,0.07488,0.31454,-0.11051,0.05926,0.00000
384.20000,153.72000,0.06336,0.31663,-0.10871,0.06245,0.00000
384.30000,153.76000,0.05123,0.31816,-0.10587,0.06525,0.00000
384.40000,153.80000,0.03858,0.31913,-0.10205,0.06757,0.00000
384.50000,153.84000,0.02550,0.31951,-0.09736,0.06936,0.00000
384.60000,153.88000,0.01207,0.31932,-0.09189,0.07059,0.00000
384.70000,153.92000,-0.00161,0.31860,-0.08579,0.07126,-0.00000
384.80000,153.96000,-0.01543,0.31737,-0.07919,0.07139,0.00000
384.90000,154.00000,-0.02929,0.31569,-0.07220,0.07100,0.00000
385.00000,154.04000,-0.04308,0.31363,-0.06495,0.07015,0.00000
385.10000,154.08000,-0.05670,0.31126,-0.05755,0.06887,0.00000
385.20000,154.12000,-0.07002,0.30868,-0.05008,0.06720,0.00000
385.30000,154.16000,-0.08295,0.30597,-0.04259,0.06518,0.00000
385.40000,154.20000,-0.09538,0.30323,-0.03513,0.06282,0.00000
385.50000,154.24000,-0.10721,0.30056,-0.02771,0.06013,0.00000
385.60000,154.28000,-0.11834,0.29807,-0.02031,0.05708,0.00000
385.70000,154.32000,-0.12868,0.29583,-0.01293,0.05365,0.00000
385.80000,154.36000,-0.13815,0.29395,-0.00553,0.04982,0.00000
385.90000,154.40000,-0.14667,0.29250,0.00193,0.04557,0.00000
386.00000,154.44000,-0.15417,0.29155,0.00947,0.04086,0.00000
386.10000,154.48000,-0.16059,0.29115,0.01710,0.03571,0.00000
386.20000,154.52000,-0.16589,0.29135,0.02484,0.03014,0.00000
386.30000,154.56000,-0.17002,0.29219,0.03266,0.02420,0.00000
386.40000,154.60000,-0.17295,0.29367,0.04053,0.01798,0.00000
386.50000,154.64000,-0.17467,0.29579,0.04836,0.01159,0.00000
386.60000,154.68000,-0.17516,0.29855,0.05609,0.00519,0.00000
386.70000,154.72000,-0.17444,0.30191,0.06359,-0.00107,-0.00000
386.80000,154.76000,-0.17251,0.30583,0.07075,-0.00700,0.00000
386.90000,154.80000,-0.16940,0.31026,0.07745,-0.01243,-0.00000
387.00000,154.84000,-0.16515,0.31514,0.08354,-0.01719,-0.00000
387.10000,154.88000,-0.15981,0.32040,0.08891,-0.02114,0.00000
387.20000,154.92000,-0.15343,0.32595,0.09344,-0.02419,0.00000
387.30000,154.96000,-0.14608,0.33173,0.09705,-0.02628,0.00000
387.40000,155.00000,-0.13783,0.33764,0.09967,-0.02743,-0.00000
387.50000,155.04000,-0.12876,0.34359,0.10126,-0.02771,0.00000
387.60000,155.08000,-0.11896,0.34949,0.10182,-0.02726,-0.00000
387.70000,155.12000,-0.10851,0.35527,0.10136,-0.02628,0.00000
387.80000,155.16000,-0.09752,0.36082,0.09994,-0.02501,0.00000
387.90000,155.20000,-0.08608,0.36606,0.09763,-0.02374,-0.00000
388.00000,155.24000,-0.07429,0.37093,0.09451,-0.02277,0.00000
388.10000,155.28000,-0.06226,0.37533,0.09070,-0.02240,0.00000
388.20000,155.32000,-0.05007,0.37922,0.08630,-0.02292,0.00000
388.30000,155.36000,-0.03784,0.38251,0.08143,-0.02457,0.00000
388.40000,155.40000,-0.02566,0.38517,0.07617,-0.02756,0.00000
388.50000,155.44000,-0.01363,0.38713,0.07062,-0.03200,0.00000
388.60000,155.48000,-0.00182,0.38837,0.06486,-0.03792,0.00000
388.70000,155.52000,0.00966,0.38884,0.05894,-0.04528,0.00000
388.80000,155.56000,0.02074,0.38854,0.05289,-0.05393,-0.00000
388.90000,155.60000,0.03134,0.38743,0.04674,-0.06365,0.00000
389.00000,155.64000,0.04139,0.38553,0.04050,-0.07413,0.00000
389.10000,155.68000,0.05082,0.38282,0.03415,-0.08501,0.00000
389.20000,155.72000,0.05959,0.37933,0.02768,-0.09588,0.00000
389.30000,155.76000,0.06763,0.37507,0.02109,-0.10632,0.00000
389.40000,155.80000,0.07490,0.37008,0.01436,-0.11589,0.00000
389.50000,155.84000,0.08137,0.36438,0.00749,-0.12417,0.00000
389.60000,155.88000,0.08701,0.35803,0.00050,-0.13081,0.00000
389.70000,155.92000,0.09180,0.35108,-0.00658,-0.13550,0.00000
389.80000,155.96000,0.09572,0.34358,-0.01372,-0.13798,0.00000
389.90000,156.00000,0.09877,0.33560,-0.02084,-0.13811,0.00000
390.00000,156.04000,0.10096,0.32720,-0.02789,-0.13582,-0.00000
390.10000,156.08000,0.10230,0.31846,-0.03476,-0.13112,0.00000
390.20000,156.12000,0.10281,0.30945,-0.04137,-0.12411,0.00000
390.30000,156.16000,0.10251,0.30025,-0.04763,-0.11494,0.00000
390.40000,156.20000,0.10146,0.29094,-0.05344,-0.10385,0.00000
390.50000,156.24000,0.09968,0.28160,-0.05871,-0.09110,0.00000
390.60000,156.28000,0.09723,0.27231,-0.06338,-0.07699,0.00000
390.70000,156.32000,0.09417,0.26315,-0.06738,-0.06184,-0.00000
390.80000,156.36000,0.09056,0.25420,-0.07069,-0.04595,0.00000
390.90000,156.40000,0.08646,0.24554,-0.07328,-0.02962,0.00000
391.00000,156.44000,0.08194,0.23725,-0.07515,-0.01314,0.00000
391.10000,156.48000,0.07707,0.22941,-0.07633,0.00326,0.00000
391.20000,156.52000,0.07192,0.22208,-0.07685,0.01933,0.00000
391.30000,156.56000,0.06657,0.21534,-0.07677,0.03491,-0.00000
391.40000,156.60000,0.06108,0.20925,-0.07614,0.04983,0.00000
391.50000,156.64000,0.05552,0.20387,-0.07502,0.06396,0.00000
391.60000,156.68000,0.04997,0.19926,-0.07346,0.07719,0.00000
391.70000,156.72000,0.04447,0.19546,-0.07154,0.08941,0.00000
391.80000,156.76000,0.03910,0.19252,-0.06928,0.10054,0.00000
391.90000,156.80000,0.03390,0.19047,-0.06671,0.11050,0.00000
392.00000,156.84000,0.02891,0.18934,-0.06387,0.11921,0.00000
392.10000,156.88000,0.02419,0.18914,-0.06074,0.12658,-0.00000
392.20000,156.92000,0.01977,0.18986,-0.05733,0.13254,0.00000
392.30000,156.96000,0.01567,0.19152,-0.05361,0.13702,0.00000
392.40000,157.00000,0.01192,0.19409,-0.04957,0.13997,0.00000
392.50000,157.04000,0.00854,0.19753,-0.04517,0.14133,-0.00000
392.60000,157.08000,0.00553,0.20183,-0.04038,0.14108,-0.00000
392.70000,157.12000,0.00291,0.20691,-0.03520,0.13923,0.00000
392.80000,157.16000,0.00068,0.21273,-0.02961,0.13582,0.00000
392.90000,157.20000,-0.00117,0.21922,-0.02362,0.13092,0.00000
393.00000,157.24000,-0.00265,0.22631,-0.01725,0.12463,0.00000
393.10000,157.28000,-0.00377,0.23391,-0.01055,0.11711,0.00000
393.20000,157.32000,-0.00454,0.24194,-0.00358,0.10854,0.00000
393.30000,157.36000,-0.00499,0.25032,0.00357,0.09911,0.00000
393.40000,157.40000,-0.00514,0.25895,0.01082,0.08907,0.00000
393.50000,157.44000,-0.00501,0.26776,0.01804,0.07864,0.00000
393.60000,157.48000,-0.00463,0.27664,0.02511,0.06807,0.00000
393.70000,157.52000,-0.00403,0.28553,0.03192,0.05759,0.00000
393.80000,157.56000,-0.00324,0.29433,0.03833,0.04740,0.00000
393.90000,157.60000,-0.00230,0.30298,0.04423,0.03769,0.00000
394.00000,157.64000,-0.00123,0.31141,0.04951,0.02862,0.00000
394.10000,157.68000,-0.00007,0.31955,0.05407,0.02028,-0.00000
394.20000,157.72000,0.00113,0.32735,0.05784,0.01276,0.00000
394.30000,157.76000,0.00235,0.33476,0.06077,0.00607,0.00000
394.40000,157.80000,0.00354,0.34172,0.06284,0.00021,-0.00000
394.50000,157.84000,0.00467,0.34821,0.06404,-0.00487,0.00000
394.60000,157.88000,0.00571,0.35418,0.06439,-0.00925,0.00000
394.70000,157.92000,0.00661,0.35961,0.06392,-0.01300,-0.00000
394.80000,157.96000,0.00734,0.36447,0.06272,-0.01625,0.00000
394.90000,158.00000,0.00786,0.36873,0.06084,-0.01909,-0.00000
395.00000,158.04000,0.00815,0.37239,0.05838,-0.02164,0.00000
395.10000,158.08000,0.00818,0.37543,0.05542,-0.02397,0.00000
395.20000,158.12000,0.00791,0.37784,0.05208,-0.02616,0.00000
395.30000,158.16000,0.00734,0.37962,0.04844,-0.02828,0.00000
395.40000,158.20000,0.00645,0.38076,0.04459,-0.03036,0.00000
395.50000,158.24000,0.00521,0.38127,0.04061,-0.03242,0.00000
395.60000,158.28000,0.00364,0.38116,0.03656,-0.03444,-0.00000
395.70000,158.32000,0.00173,0.38044,0.03250,-0.03643,0.00000
395.80000,158.36000,-0.00052,0.37913,0.02846,-0.03835,0.00000
395.90000,158.40000,-0.00308,0.37725,0.02447,-0.04016,0.00000
396.00000,158.44000,-0.00595,0.37484,0.02052,-0.04183,-0.00000
396.10000,158.48000,-0.00908,0.37193,0.01661,-0.04332,0.00000
396.20000,158.52000,-0.01246,0.36855,0.01272,-0.04461,0.00000
396.30000,158.56000,-0.01603,0.36475,0.00883,-0.04567,0.00000
396.40000,158.60000,-0.01978,0.36057,0.00490,-0.04648,0.00000
396.50000,158.64000,-0.02364,0.35606,0.00089,-0.04704,0.00000
396.60000,158.68000,-0.02756,0.35126,-0.00321,-0.04735,-0.00000
396.70000,158.72000,-0.03151,0.34623,-0.00744,-0.04741,-0.00000
396.80000,158.76000,-0.03544,0.34102,-0.01180,-0.04724,0.00000
396.90000,158.80000,-0.03928,0.33566,-0.01630,-0.04687,-0.00000
397.00000,158.84000,-0.04299,0.33021,-0.02091,-0.04629,0.00000
397.10000,158.88000,-0.04654,0.32472,-0.02562,-0.04555,-0.00000
397.20000,158.92000,-0.04987,0.31922,-0.03036,-0.04466,-0.00000
397.30000,158.96000,-0.05295,0.31376,-0.03506,-0.04363,0.00000
397.40000,159.00000,-0.05574,0.30837,-0.03966,-0.04250,0.00000
397.50000,159.04000,-0.05821,0.30308,-0.04404,-0.04130,0.00000
397.60000,159.08000,-0.06034,0.29793,-0.04810,-0.04004,0.00000
397.70000,159.12000,-0.06211,0.29295,-0.05172,-0.03876,0.00000
397.80000,159.16000,-0.06351,0.28816,-0.05479,-0.03751,0.00000
397.90000,159.20000,-0.06453,0.28358,-0.05720,-0.03631,0.00000
398.00000,159.24000,-0.06515,0.27925,-0.05884,-0.03522,0.00000
398.10000,159.28000,-0.06539,0.27517,-0.05961,-0.03428,-0.00000
398.20000,159.32000,-0.06524,0.27138,-0.05944,-0.03353,-0.00000
398.30000,159.36000,-0.06471,0.26788,-0.05829,-0.03302,0.00000
398.40000,159.40000,-0.06381,0.26470,-0.05611,-0.03278,-0.00000
398.50000,159.44000,-0.06254,0.26185,-0.05292,-0.03281,0.00000
398.60000,159.48000,-0.06093,0.25933,-0.04874,-0.03312,0.00000
398.70000,159.52000,-0.05899,0.25716,-0.04364,-0.03369,0.00000
398.80000,159.56000,-0.05672,0.25535,-0.03769,-0.03447,0.00000
398.90000,159.60000,-0.05415,0.25389,-0.03102,-0.03538,0.00000
399.00000,159.64000,-0.05129,0.25279,-0.02375,-0.03632,0.00000
399.10000,159.68000,-0.04817,0.25204,-0.01605,-0.03716,0.00000
399.20000,159.72000,-0.04478,0.25163,-0.00806,-0.03778,-0.00000
399.30000,159.76000,-0.04116,0.25154,0.00002,-0.03800,0.00000
399.40000,159.80000,-0.03731,0.25178,0.00804,-0.03769,-0.00000
399.50000,159.84000,-0.03326,0.25230,0.01583,-0.03667,0.00000
399.60000,159.88000,-0.02901,0.25310,0.02323,-0.03482,0.00000
399.70000,159.92000,-0.02459,0.25415,0.03010,-0.03203,0.00000
399.80000,159.96000,-0.02001,0.25542,0.03634,-0.02822,0.00000
399.90000,160.00000,-0.01529,0.25688,0.04185,-0.02335,0.00000
400.00000,160.04000,-0.01044,0.25852,0.04656,-0.01745,0.00000
400.10000,160.08000,-0.00548,0.26029,0.05043,-0.01056,0.00000
400.20000,160.12000,-0.00042,0.26218,0.05345,-0.00283,0.00000
400.30000,160.16000,0.00472,0.26416,0.05563,0.00560,0.00000
400.40000,160.20000,0.00992,0.26622,0.05701,0.01451,-0.00000
400.50000,160.24000,0.01516,0.26831,0.05763,0.02366,0.00000
400.60000,160.28000,0.02043,0.27044,0.05756,0.03279,-0.00000
400.70000,160.32000,0.02570,0.27259,0.05689,0.04162,-0.00000
400.80000,160.36000,0.03097,0.27473,0.05567,0.04989,0.00000
400.90000,160.40000,0.03619,0.27685,0.05401,0.05734,-0.00000
401.00000,160.44000,0.04135,0.27895,0.05197,0.06376,-0.00000
401.10000,160.48000,0.04643,0.28102,0.04962,0.06895,0.00000
401.20000,160.52000,0.05139,0.28304,0.04702,0.07281,0.00000
401.30000,160.56000,0.05620,0.28501,0.04422,0.07524,-0.00000
401.40000,160.60000,0.06083,0.28693,0.04125,0.07625,0.00000
401.50000,160.64000,0.06525,0.28879,0.03812,0.07586,0.00000
401.60000,160.68000,0.06942,0.29059,0.03486,0.07417,-0.00000
401.70000,160.72000,0.07330,0.29232,0.03146,0.07133,0.00000
401.80000,160.76000,0.07686,0.29399,0.02789,0.06752,0.00000
401.90000,160.80000,0.08005,0.29559,0.02416,0.06293,0.00000
402.00000,160.84000,0.08284,0.29714,0.02025,0.05778,-0.00000
402.10000,160.88000,0.08520,0.29863,0.01612,0.05231,0.00000
402.20000,160.92000,0.08708,0.30008,0.01179,0.04671,0.00000
402.30000,160.96000,0.08847,0.30150,0.00723,0.04118,0.00000
402.40000,161.00000,0.08932,0.30289,0.00246,0.03590,0.00000
402.50000,161.04000,0.08963,0.30429,-0.00250,0.03101,-0.00000
402.60000,161.08000,0.08937,0.30569,-0.00762,0.02660,0.00000
402.70000,161.12000,0.08853,0.30712,-0.01286,0.02275,0.00000
402.80000,161.16000,0.08710,0.30861,-0.01816,0.01949,0.00000
402.90000,161.20000,0.08510,0.31017,-0.02345,0.01684,-0.00000
403.00000,161.24000,0.08253,0.31181,-0.02865,0.01478,0.00000
403.10000,161.28000,0.07940,0.31356,-0.03368,0.01328,-0.00000
403.20000,161.32000,0.07573,0.31544,-0.03843,0.01227,0.00000
403.30000,161.36000,0.07157,0.31744,-0.04282,0.01171,0.00000
403.40000,161.40000,0.06693,0.31959,-0.04677,0.01151,0.00000
403.50000,161.44000,0.06185,0.32189,-0.05019,0.01162,-0.00000
403.60000,161.48000,0.05640,0.32433,-0.05300,0.01196,-0.00000
403.70000,161.52000,0.05060,0.32690,-0.05516,0.01246,0.00000
403.80000,161.56000,0.04451,0.32960,-0.05663,0.01303,0.00000
403.90000,161.60000,0.03819,0.33241,-0.05738,0.01362,0.00000
404.00000,161.64000,0.03169,0.33530,-0.05743,0.01412,-0.00000
404.10000,161.68000,0.02506,0.33825,-0.05678,0.01446,0.00000
404.20000,161.72000,0.01835,0.34122,-0.05549,0.01455,0.00000
404.30000,161.76000,0.01164,0.34418,-0.05362,0.01429,-0.00000
404.40000,161.80000,0.00495,0.34710,-0.05125,0.01357,0.00000
404.50000,161.84000,-0.00164,0.34992,-0.04847,0.01230,0.00000
404.60000,161.88000,-0.00811,0.35260,-0.04538,0.01038,-0.00000
404.70000,161.92000,-0.01440,0.35511,-0.04209,0.00773,0.00000
404.80000,161.96000,-0.02047,0.35739,-0.03871,0.00430,0.00000
404.90000,162.00000,-0.02628,0.35940,-0.03534,0.00002,0.00000
405.00000,162.04000,-0.03180,0.36110,-0.03207,-0.00509,0.00000
405.10000,162.08000,-0.03701,0.36244,-0.02899,-0.01101,0.00000
405.20000,162.12000,-0.04188,0.36339,-0.02615,-0.01766,0.00000
405.30000,162.16000,-0.04639,0.36391,-0.02360,-0.02492,0.00000
405.40000,162.20000,-0.05053,0.36397,-0.02135,-0.03264,0.00000
405.50000,162.24000,-0.05429,0.36354,-0.01939,-0.04060,0.00000
405.60000,162.28000,-0.05766,0.36260,-0.01772,-0.04857,0.00000
405.70000,162.32000,-0.06064,0.36112,-0.01628,-0.05628,0.00000
405.80000,162.36000,-0.06324,0.35911,-0.01500,-0.06345,-0.00000
405.90000,162.40000,-0.06546,0.35654,-0.01383,-0.06982,0.00000
406.00000,162.44000,-0.06732,0.35343,-0.01267,-0.07511,0.00000
406.10000,162.48000,-0.06882,0.34977,-0.01145,-0.07909,0.00000
406.20000,162.52000,-0.06997,0.34559,-0.01008,-0.08157,0.00000
406.30000,162.56000,-0.07080,0.34091,-0.00850,-0.08241,0.00000
406.40000,162.60000,-0.07132,0.33576,-0.00665,-0.08152,0.00000
406.50000,162.64000,-0.07154,0.33018,-0.00448,-0.07890,0.00000
406.60000,162.68000,-0.07148,0.32421,-0.00197,-0.07459,0.00000
406.70000,162.72000,-0.07115,0.31790,0.00088,-0.06873,0.00000
406.80000,162.76000,-0.07057,0.31133,0.00406,-0.06150,0.00000
406.90000,162.80000,-0.06975,0.30454,0.00752,-0.05313,0.00000
407.00000,162.84000,-0.06870,0.29760,0.01121,-0.04388,0.00000
407.10000,162.88000,-0.06743,0.29059,0.01506,-0.03406,-0.00000
407.20000,162.92000,-0.06594,0.28359,0.01899,-0.02396,-0.00000
407.30000,162.96000,-0.06424,0.27665,0.02293,-0.01387,0.00000
407.40000,163.00000,-0.06234,0.26986,0.02678,-0.00407,0.00000
407.50000,163.04000,-0.06024,0.26329,0.03047,0.00521,-0.00000
407.60000,163.08000,-0.05794,0.25699,0.03394,0.01378,0.00000
407.70000,163.12000,-0.05545,0.25104,0.03711,0.02150,0.00000
407.80000,163.16000,-0.05277,0.24548,0.03997,0.02828,0.00000
407.90000,163.20000,-0.04991,0.24036,0.04247,0.03410,0.00000
408.00000,163.24000,-0.04687,0.23572,0.04462,0.03895,-0.00000
408.10000,163.28000,-0.04367,0.23158,0.04642,0.04289,0.00000
408.20000,163.32000,-0.04031,0.22797,0.04789,0.04599,0.00000
408.30000,163.36000,-0.03680,0.22489,0.04906,0.04836,0.00000
408.40000,163.40000,-0.03316,0.22233,0.04997,0.05007,-0.00000
408.50000,163.44000,-0.02940,0.22030,0.05065,0.05122,-0.00000
408.60000,163.48000,-0.02553,0.21876,0.05114,0.05188,0.00000
408.70000,163.52000,-0.02158,0.21769,0.05147,0.05209,0.00000
408.80000,163.56000,-0.01756,0.21705,0.05166,0.05187,0.00000
408.90000,163.60000,-0.01348,0.21680,0.05171,0.05119,0.00000
409.00000,163.64000,-0.00936,0.21690,0.05164,0.05002,0.00000
409.10000,163.68000,-0.00522,0.21728,0.05142,0.04828,-0.00000
409.20000,163.72000,-0.00108,0.21791,0.05103,0.04589,0.00000
409.30000,163.76000,0.00305,0.21873,0.05044,0.04276,0.00000
409.40000,163.80000,0.00714,0.21969,0.04962,0.03882,-0.00000
409.50000,163.84000,0.01119,0.22076,0.04852,0.03401,-0.00000
409.60000,163.88000,0.01518,0.22188,0.04712,0.02829,0.00000
409.70000,163.92000,0.01909,0.22304,0.04539,0.02170,0.00000
409.80000,163.96000,0.02290,0.22421,0.04332,0.01427,0.00000
409.90000,164.00000,0.02660,0.22538,0.04089,0.00614,0.00000
410.00000,164.04000,0.03017,0.22654,0.03812,-0.00255,0.00000
410.10000,164.08000,0.03360,0.22772,0.03503,-0.01157,0.00000
410.20000,164.12000,0.03686,0.22893,0.03165,-0.02069,-0.00000
410.30000,164.16000,0.03994,0.23020,0.02804,-0.02963,0.00000
410.40000,164.20000,0.04283,0.23158,0.02425,-0.03808,0.00000
410.50000,164.24000,0.04549,0.23313,0.02033,-0.04576,0.00000
410.60000,164.28000,0.04793,0.23489,0.01635,-0.05238,-0.00000
410.70000,164.32000,0.05012,0.23695,0.01235,-0.05770,0.00000
410.80000,164.36000,0.05204,0.23937,0.00840,-0.06149,0.00000
410.90000,164.40000,0.05369,0.24222,0.00453,-0.06361,0.00000
411.00000,164.44000,0.05505,0.24559,0.00076,-0.06396,-0.00000
411.10000,164.48000,0.05611,0.24953,-0.00290,-0.06252,0.00000
411.20000,164.52000,0.05688,0.25412,-0.00646,-0.05934,-0.00000
411.30000,164.56000,0.05735,0.25941,-0.00992,-0.05453,0.00000
411.40000,164.60000,0.05752,0.26544,-0.01331,-0.04826,0.00000
411.50000,164.64000,0.05741,0.27225,-0.01666,-0.04076,0.00000
411.60000,164.68000,0.05701,0.27986,-0.02000,-0.03231,0.00000
411.70000,164.72000,0.05634,0.28827,-0.02336,-0.02318,0.00000
411.80000,164.76000,0.05542,0.29746,-0.02676,-0.01370,0.00000
411.90000,164.80000,0.05426,0.30740,-0.03020,-0.00417,0.00000
412.00000,164.84000,0.05289,0.31805,-0.03367,0.00512,0.00000
412.10000,164.88000,0.05133,0.32933,-0.03716,0.01391,0.00000
412.20000,164.92000,0.04959,0.34117,-0.04060,0.02196,0.00000
412.30000,164.96000,0.04770,0.35346,-0.04394,0.02910,-0.00000
412.40000,165.00000,0.04568,0.36610,-0.04710,0.03518,0.00000
412.50000,165.04000,0.04354,0.37895,-0.05000,0.04014,0.00000
412.60000,165.08000,0.04130,0.39190,-0.05254,0.04393,-0.00000
412.70000,165.12000,0.03899,0.40479,-0.05463,0.04658,0.00000
412.80000,165.16000,0.03660,0.41748,-0.05618,0.04814,0.00000
412.90000,165.20000,0.03415,0.42982,-0.05714,0.04870,0.00000
413.00000,165.24000,0.03164,0.44166,-0.05743,0.04838,0.00000
413.10000,165.28000,0.02908,0.45285,-0.05705,0.04732,0.00000
413.20000,165.32000,0.02647,0.46326,-0.05600,0.04566,0.00000
413.30000,165.36000,0.02382,0.47274,-0.05429,0.04355,0.00000
413.40000,165.40000,0.02111,0.48116,-0.05200,0.04114,-0.00000
413.50000,165.44000,0.01835,0.48841,-0.04921,0.03855,0.00000
413.60000,165.48000,0.01554,0.49437,-0.04604,0.03590,0.00000
413.70000,165.52000,0.01267,0.49895,-0.04260,0.03327,-0.00000
413.80000,165.56000,0.00974,0.50208,-0.03905,0.03075,0.00000
413.90000,165.60000,0.00676,0.50367,-0.03551,0.02838,0.00000
414.00000,165.64000,0.00371,0.50369,-0.03214,0.02619,0.00000
414.10000,165.68000,0.00061,0.50210,-0.02906,0.02418,0.00000
414.20000,165.72000,-0.00253,0.49888,-0.02637,0.02234,0.00000
414.30000,165.76000,-0.00573,0.49404,-0.02417,0.02064,0.00000
414.40000,165.80000,-0.00895,0.48758,-0.02251,0.01903,-0.00000
414.50000,165.84000,-0.01221,0.47954,-0.02141,0.01747,0.00000
414.60000,165.88000,-0.01548,0.46997,-0.02088,0.01590,0.00000
414.70000,165.92000,-0.01874,0.45893,-0.02089,0.01426,0.00000
414.80000,165.96000,-0.02200,0.44650,-0.02138,0.01248,0.00000
414.90000,166.00000,-0.02522,0.43277,-0.02229,0.01051,0.00000
415.00000,166.04000,-0.02839,0.41785,-0.02351,0.00830,0.00000
415.10000,166.08000,-0.03150,0.40184,-0.02496,0.00582,-0.00000
415.20000,166.12000,-0.03452,0.38487,-0.02654,0.00303,0.00000
415.30000,166.16000,-0.03744,0.36706,-0.02814,-0.00006,-0.00000
415.40000,166.20000,-0.04023,0.34856,-0.02968,-0.00347,0.00000
415.50000,166.24000,-0.04288,0.32949,-0.03107,-0.00715,-0.00000
415.60000,166.28000,-0.04538,0.30999,-0.03226,-0.01108,0.00000
415.70000,166.32000,-0.04769,0.29022,-0.03319,-0.01519,0.00000
415.80000,166.36000,-0.04981,0.27031,-0.03382,-0.01942,0.00000
415.90000,166.40000,-0.05171,0.25041,-0.03412,-0.02367,0.00000
416.00000,166.44000,-0.05338,0.23065,-0.03408,-0.02786,0.00000
416.10000,166.48000,-0.05480,0.21117,-0.03367,-0.03188,-0.00000
416.20000,166.52000,-0.05595,0.19212,-0.03288,-0.03562,0.00000
416.30000,166.56000,-0.05683,0.17362,-0.03170,-0.03900,0.00000
416.40000,166.60000,-0.05741,0.15581,-0.03010,-0.04192,-0.00000
416.50000,166.64000,-0.05769,0.13881,-0.02805,-0.04430,0.00000
416.60000,166.68000,-0.05765,0.12275,-0.02552,-0.04608,0.00000
416.70000,166.72000,-0.05728,0.10774,-0.02246,-0.04722,0.00000
416.80000,166.76000,-0.05656,0.09391,-0.01882,-0.04769,0.00000
416.90000,166.80000,-0.05550,0.08137,-0.01456,-0.04751,0.00000
417.00000,166.84000,-0.05408,0.07022,-0.00963,-0.04669,-0.00000
417.10000,166.88000,-0.05231,0.06055,-0.00398,-0.04529,0.00000
417.20000,166.92000,-0.05017,0.05247,0.00239,-0.04337,0.00000
417.30000,166.96000,-0.04768,0.04604,0.00951,-0.04100,0.00000
417.40000,167.00000,-0.04482,0.04135,0.01736,-0.03829,-0.00000
417.50000,167.04000,-0.04161,0.03844,0.02590,-0.03531,0.00000
417.60000,167.08000,-0.03806,0.03736,0.03506,-0.03216,0.00000
417.70000,167.12000,-0.03418,0.03815,0.04474,-0.02893,0.00000
417.80000,167.16000,-0.02998,0.04080,0.05483,-0.02568,-0.00000
417.90000,167.20000,-0.02549,0.04532,0.06517,-0.02246,0.00000
418.00000,167.24000,-0.02072,0.05169,0.07560,-0.01932,0.00000
418.10000,167.28000,-0.01571,0.05984,0.08595,-0.01626,-0.00000
418.20000,167.32000,-0.01049,0.06974,0.09603,-0.01328,0.00000
418.30000,167.36000,-0.00509,0.08129,0.10565,-0.01037,0.00000
418.40000,167.40000,0.00046,0.09439,0.11464,-0.00749,0.00000
418.50000,167.44000,0.00610,0.10894,0.12283,-0.00459,0.00000
418.60000,167.48000,0.01180,0.12480,0.13008,-0.00162,0.00000
418.70000,167.52000,0.01751,0.14184,0.13628,0.00147,0.00000
418.80000,167.56000,0.02318,0.15989,0.14132,0.00471,0.00000
418.90000,167.60000,0.02876,0.17880,0.14514,0.00814,-0.00000
419.00000,167.64000,0.03421,0.19840,0.14771,0.01175,0.00000
419.10000,167.68000,0.03947,0.21852,0.14901,0.01556,0.00000
419.20000,167.72000,0.04449,0.23899,0.14905,0.01951,0.00000
419.30000,167.76000,0.04923,0.25964,0.14786,0.02357,-0.00000
419.40000,167.80000,0.05365,0.28030,0.14548,0.02765,0.00000
419.50000,167.84000,0.05769,0.30081,0.14196,0.03166,0.00000
419.60000,167.88000,0.06134,0.32102,0.13733,0.03549,0.00000
419.70000,167.92000,0.06454,0.34076,0.13166,0.03905,0.00000
419.80000,167.96000,0.06728,0.35991,0.12497,0.04221,0.00000
419.90000,168.00000,0.06953,0.37832,0.11730,0.04486,0.00000
420.00000,168.04000,0.07127,0.39589,0.10867,0.04692,0.00000
420.10000,168.08000,0.07249,0.41249,0.09910,0.04831,-0.00000
420.20000,168.12000,0.07318,0.42803,0.08860,0.04897,-0.00000
420.30000,168.16000,0.07335,0.44241,0.07718,0.04887,0.00000
420.40000,168.20000,0.07298,0.45557,0.06484,0.04802,0.00000
420.50000,168.24000,0.07209,0.46743,0.05160,0.04645,0.00000
420.60000,168.28000,0.07070,0.47794,0.03750,0.04420,0.00000
420.70000,168.32000,0.06881,0.48706,0.02256,0.04136,0.00000
420.80000,168.36000,0.06644,0.49477,0.00687,0.03801,0.00000
420.90000,168.40000,0.06363,0.50103,-0.00950,0.03427,0.00000
421.00000,168.44000,0.06039,0.50586,-0.02643,0.03025,0.00000
421.10000,168.48000,0.05675,0.50927,-0.04378,0.02606,-0.00000
421.20000,168.52000,0.05273,0.51127,-0.06140,0.02181,0.00000
421.30000,168.56000,0.04837,0.51189,-0.07909,0.01758,0.00000
421.40000,168.60000,0.04370,0.51120,-0.09664,0.01347,0.00000
421.50000,168.64000,0.03874,0.50925,-0.11385,0.00953,-0.00000
421.60000,168.68000,0.03352,0.50610,-0.13047,0.00579,-0.00000
421.70000,168.72000,0.02807,0.50183,-0.14628,0.00227,0.00000
421.80000,168.76000,0.02243,0.49654,-0.16105,-0.00103,0.00000
421.90000,168.80000,0.01661,0.49031,-0.17455,-0.00414,0.00000
422.00000,168.84000,0.01065,0.48323,-0.18659,-0.00709,0.00000
422.10000,168.88000,0.00458,0.47541,-0.19698,-0.00992,0.00000
422.20000,168.92000,-0.00157,0.46695,-0.20557,-0.01269,0.00000
422.30000,168.96000,-0.00779,0.45794,-0.21221,-0.01545,0.00000
422.40000,169.00000,-0.01404,0.44847,-0.21682,-0.01822,0.00000
422.50000,169.04000,-0.02029,0.43864,-0.21933,-0.02106,0.00000
422.60000,169.08000,-0.02652,0.42853,-0.21969,-0.02396,0.00000
422.70000,169.12000,-0.03270,0.41822,-0.21793,-0.02693,0.00000
422.80000,169.16000,-0.03879,0.40777,-0.21406,-0.02995,0.00000
422.90000,169.20000,-0.04477,0.39726,-0.20816,-0.03297,0.00000
423.00000,169.24000,-0.05061,0.38674,-0.20032,-0.03594,-0.00000
423.10000,169.28000,-0.05627,0.37625,-0.19066,-0.03878,0.00000
423.20000,169.32000,-0.06172,0.36584,-0.17933,-0.04141,0.00000
423.30000,169.36000,-0.06693,0.35554,-0.16650,-0.04372,-0.00000
423.40000,169.40000,-0.07186,0.34538,-0.15234,-0.04564,0.00000
423.50000,169.44000,-0.07647,0.33539,-0.13707,-0.04705,0.00000
423.60000,169.48000,-0.08074,0.32558,-0.12088,-0.04788,0.00000
423.70000,169.52000,-0.08463,0.31598,-0.10400,-0.04804,-0.00000
423.80000,169.56000,-0.08809,0.30659,-0.08665,-0.04748,0.00000
423.90000,169.60000,-0.09110,0.29744,-0.06904,-0.04616,0.00000
424.00000,169.64000,-0.09363,0.28854,-0.05137,-0.04407,0.00000
424.10000,169.68000,-0.09563,0.27990,-0.03385,-0.04121,0.00000
424.20000,169.72000,-0.09709,0.27153,-0.01666,-0.03761,-0.00000
424.30000,169.76000,-0.09796,0.26345,0.00004,-0.03333,0.00000
424.40000,169.80000,-0.09824,0.25566,0.01610,-0.02844,0.00000
424.50000,169.84000,-0.09790,0.24819,0.03142,-0.02303,0.00000
424.60000,169.88000,-0.09691,0.24103,0.04589,-0.01720,-0.00000
424.70000,169.92000,-0.09528,0.23420,0.05946,-0.01107,0.00000
424.80000,169.96000,-0.09298,0.22771,0.07209,-0.00475,0.00000
424.90000,170.00000,-0.09003,0.22155,0.08377,0.00165,-0.00000
425.00000,170.04000,-0.08641,0.21575,0.09451,0.00802,0.00000
425.10000,170.08000,-0.08215,0.21031,0.10434,0.01426,0.00000
425.20000,170.12000,-0.07725,0.20522,0.11330,0.02030,0.00000
425.30000,170.16000,-0.07174,0.20049,0.12144,0.02605,0.00000
425.40000,170.20000,-0.06564,0.19612,0.12883,0.03148,0.00000
425.50000,170.24000,-0.05898,0.19212,0.13551,0.03653,0.00000
425.60000,170.28000,-0.05180,0.18849,0.14154,0.04119,0.00000
425.70000,170.32000,-0.04414,0.18522,0.14695,0.04544,-0.00000
425.80000,170.36000,-0.03605,0.18233,0.15177,0.04927,-0.00000
425.90000,170.40000,-0.02758,0.17983,0.15601,0.05268,0.00000
426.00000,170.44000,-0.01879,0.17771,0.15966,0.05566,0.00000
426.10000,170.48000,-0.00973,0.17600,0.16269,0.05818,0.00000
426.20000,170.52000,-0.00047,0.17470,0.16507,0.06023,0.00000
426.30000,170.56000,0.00892,0.17384,0.16674,0.06176,0.00000
426.40000,170.60000,0.01839,0.17342,0.16765,0.06272,-0.00000
426.50000,170.64000,0.02786,0.17346,0.16772,0.06303,0.00000
426.60000,170.68000,0.03726,0.17398,0.16689,0.06261,0.00000
426.70000,170.72000,0.04653,0.17501,0.16510,0.06136,0.00000
426.80000,170.76000,0.05560,0.17655,0.16231,0.05917,0.00000
426.90000,170.80000,0.06440,0.17863,0.15846,0.05596,0.00000
427.00000,170.84000,0.07287,0.18124,0.15353,0.05163,0.00000
427.10000,170.88000,0.08094,0.18440,0.14752,0.04612,0.00000
427.20000,170.92000,0.08857,0.18812,0.14044,0.03939,0.00000
427.30000,170.96000,0.09569,0.19238,0.13232,0.03143,-0.00000
427.40000,171.00000,0.10226,0.19717,0.12319,0.02229,0.00000
427.50000,171.04000,0.10823,0.20248,0.11313,0.01206,0.00000
427.60000,171.08000,0.11355,0.20827,0.10220,0.00090,0.00000
427.70000,171.12000,0.11820,0.21453,0.09049,-0.01099,0.00000
427.80000,171.16000,0.12215,0.22120,0.07809,-0.02336,0.00000
427.90000,171.20000,0.12537,0.22824,0.06508,-0.03592,0.00000
428.00000,171.24000,0.12784,0.23560,0.05157,-0.04833,0.00000
428.10000,171.28000,0.12955,0.24321,0.03765,-0.06023,0.00000
428.20000,171.32000,0.13050,0.25102,0.02342,-0.07127,0.00000
428.30000,171.36000,0.13068,0.25896,0.00897,-0.08108,0.00000
428.40000,171.40000,0.13010,0.26696,-0.00560,-0.08935,0.00000
428.50000,171.44000,0.12878,0.27496,-0.02018,-0.09579,-0.00000
428.60000,171.48000,0.12672,0.28289,-0.03469,-0.10017,0.00000
428.70000,171.52000,0.12394,0.29068,-0.04901,-0.10234,0.00000
428.80000,171.56000,0.12049,0.29828,-0.06303,-0.10222,-0.00000
428.90000,171.60000,0.11637,0.30563,-0.07664,-0.09983,-0.00000
429.00000,171.64000,0.11162,0.31268,-0.08971,-0.09525,0.00000
429.10000,171.68000,0.10629,0.31939,-0.10211,-0.08866,0.00000
429.20000,171.72000,0.10041,0.32574,-0.11370,-0.08032,-0.00000
429.30000,171.76000,0.09401,0.33168,-0.12436,-0.07055,0.00000
429.40000,171.80000,0.08715,0.33721,-0.13396,-0.05968,0.00000
429.50000,171.84000,0.07987,0.34231,-0.14236,-0.04812,-0.00000
429.60000,171.88000,0.07220,0.34698,-0.14945,-0.03624,-0.00000
429.70000,171.92000,0.06421,0.35123,-0.15514,-0.02442,0.00000
429.80000,171.96000,0.05593,0.35506,-0.15936,-0.01300,0.00000
429.90000,172.00000,0.04740,0.35850,-0.16204,-0.00225,0.00000
430.00000,172.04000,0.03868,0.36155,-0.16316,0.00760,0.00000
430.10000,172.08000,0.02981,0.36424,-0.16273,0.01640,-0.00000
430.20000,172.12000,0.02084,0.36660,-0.16079,0.02409,0.00000
430.30000,172.16000,0.01179,0.36865,-0.15740,0.03067,0.00000
430.40000,172.20000,0.00272,0.37041,-0.15266,0.03622,0.00000
430.50000,172.24000,-0.00633,0.37190,-0.14668,0.04087,0.00000
430.60000,172.28000,-0.01533,0.37315,-0.13961,0.04479,0.00000
430.70000,172.32000,-0.02424,0.37417,-0.13159,0.04820,0.00000
430.80000,172.36000,-0.03302,0.37497,-0.12279,0.05130,0.00000
430.90000,172.40000,-0.04164,0.37558,-0.11338,0.05429,0.00000
431.00000,172.44000,-0.05006,0.37599,-0.10351,0.05732,0.00000
431.10000,172.48000,-0.05826,0.37622,-0.09334,0.06051,0.00000
431.20000,172.52000,-0.06619,0.37626,-0.08301,0.06393,-0.00000
431.30000,172.56000,-0.07384,0.37612,-0.07265,0.06757,0.00000
431.40000,172.60000,-0.08118,0.37580,-0.06236,0.07136,0.00000
431.50000,172.64000,-0.08817,0.37529,-0.05224,0.07515,0.00000
431.60000,172.68000,-0.09480,0.37460,-0.04234,0.07878,-0.00000
431.70000,172.72000,-0.10103,0.37371,-0.03274,0.08200,0.00000
431.80000,172.76000,-0.10685,0.37263,-0.02345,0.08457,0.00000
431.90000,172.80000,-0.11224,0.37136,-0.01452,0.08622,-0.00000
432.00000,172.84000,-0.11717,0.36990,-0.00595,0.08673,0.00000
432.10000,172.88000,-0.12163,0.36824,0.00224,0.08589,0.00000
432.20000,172.92000,-0.12561,0.36639,0.01005,0.08353,-0.00000
432.30000,172.96000,-0.12909,0.36436,0.01747,0.07957,-0.00000
432.40000,173.00000,-0.13205,0.36214,0.02451,0.07399,0.00000
432.50000,173.04000,-0.13450,0.35974,0.03115,0.06686,-0.00000
432.60000,173.08000,-0.13642,0.35716,0.03740,0.05830,0.00000
432.70000,173.12000,-0.13781,0.35441,0.04326,0.04854,0.00000
432.80000,173.16000,-0.13865,0.35149,0.04873,0.03785,-0.00000
432.90000,173.20000,-0.13895,0.34840,0.05382,0.02652,0.00000
433.00000,173.24000,-0.13870,0.34515,0.05853,0.01492,0.00000
433.10000,173.28000,-0.13789,0.34174,0.06288,0.00337,-0.00000
433.20000,173.32000,-0.13653,0.33817,0.06690,-0.00778,0.00000
433.30000,173.36000,-0.13460,0.33445,0.07062,-0.01823,0.00000
433.40000,173.40000,-0.13211,0.33058,0.07407,-0.02773,0.00000
433.50000,173.44000,-0.12905,0.32656,0.07728,-0.03609,-0.00000
433.60000,173.48000,-0.12540,0.32241,0.08031,-0.04318,0.00000
433.70000,173.52000,-0.12118,0.31814,0.08317,-0.04895,0.00000
433.80000,173.56000,-0.11637,0.31376,0.08590,-0.05343,-0.00000
433.90000,173.60000,-0.11096,0.30929,0.08851,-0.05669,0.00000
434.00000,173.64000,-0.10496,0.30476,0.09101,-0.05888,0.00000
434.10000,173.68000,-0.09836,0.30019,0.09339,-0.06017,0.00000
434.20000,173.72000,-0.09116,0.29563,0.09560,-0.06077,-0.00000
434.30000,173.76000,-0.08336,0.29111,0.09760,-0.06089,0.00000
434.40000,173.80000,-0.07498,0.28667,0.09932,-0.06073,0.00000
434.50000,173.84000,-0.06602,0.28238,0.10068,-0.06048,0.00000
434.60000,173.88000,-0.05651,0.27827,0.10158,-0.06028,0.00000
434.70000,173.92000,-0.04646,0.27441,0.10192,-0.06024,0.00000
434.80000,173.96000,-0.03592,0.27085,0.10159,-0.06042,0.00000
434.90000,174.00000,-0.02492,0.26764,0.10050,-0.06084,0.00000
435.00000,174.04000,-0.01350,0.26484,0.09856,-0.06145,0.00000
435.10000,174.08000,-0.00173,0.26249,0.09571,-0.06219,0.00000
435.20000,174.12000,0.01033,0.26063,0.09190,-0.06295,0.00000
435.30000,174.16000,0.02261,0.25930,0.08712,-0.06364,0.00000
435.40000,174.20000,0.03503,0.25850,0.08139,-0.06411,0.00000
435.50000,174.24000,0.04751,0.25826,0.07477,-0.06426,0.00000
435.60000,174.28000,0.05996,0.25857,0.06732,-0.06397,0.00000
435.70000,174.32000,0.07228,0.25942,0.05915,-0.06317,0.00000
435.80000,174.36000,0.08437,0.26077,0.05040,-0.06181,0.00000
435.90000,174.40000,0.09615,0.26258,0.04121,-0.05986,0.00000
436.00000,174.44000,0.10750,0.26481,0.03174,-0.05732,0.00000
436.10000,174.48000,0.11833,0.26737,0.02214,-0.05424,0.00000
436.20000,174.52000,0.12855,0.27020,0.01256,-0.05067,0.00000
436.30000,174.56000,0.13805,0.27322,0.00313,-0.04666,0.00000
436.40000,174.60000,0.14676,0.27632,-0.00601,-0.04231,0.00000
436.50000,174.64000,0.15459,0.27942,-0.01479,-0.03768,0.00000
436.60000,174.68000,0.16146,0.28242,-0.02313,-0.03283,0.00000
436.70000,174.72000,0.16732,0.28522,-0.03101,-0.02783,0.00000
436.80000,174.76000,0.17209,0.28775,-0.03839,-0.02270,0.00000
436.90000,174.80000,0.17574,0.28991,-0.04530,-0.01748,0.00000
437.00000,174.84000,0.17822,0.29163,-0.05176,-0.01217,0.00000
437.10000,174.88000,0.17951,0.29284,-0.05780,-0.00676,0.00000
437.20000,174.92000,0.17958,0.29351,-0.06348,-0.00125,0.00000
437.30000,174.96000,0.17844,0.29359,-0.06884,0.00436,0.00000
437.40000,175.00000,0.17607,0.29306,-0.07390,0.01007,0.00000
437.50000,175.04000,0.17251,0.29192,-0.07869,0.01586,0.00000
437.60000,175.08000,0.16778,0.29018,-0.08321,0.02169,0.00000
437.70000,175.12000,0.16190,0.28787,-0.08744,0.02750,0.00000
437.80000,175.16000,0.15494,0.28502,-0.09134,0.03318,0.00000
437.90000,175.20000,0.14694,0.28169,-0.09484,0.03864,-0.00000
438.00000,175.24000,0.13797,0.27794,-0.09787,0.04374,-0.00000
438.10000,175.28000,0.12811,0.27386,-0.10034,0.04835,0.00000
438.20000,175.32000,0.11744,0.26952,-0.10215,0.05234,-0.00000
438.30000,175.36000,0.10605,0.26501,-0.10320,0.05558,0.00000
438.40000,175.40000,0.09403,0.26043,-0.10342,0.05797,0.00000
438.50000,175.44000,0.08149,0.25587,-0.10272,0.05945,0.00000
438.60000,175.48000,0.06854,0.25143,-0.10105,0.06001,0.00000
438.70000,175.52000,0.05527,0.24719,-0.09840,0.05968,0.00000
438.80000,175.56000,0.04180,0.24325,-0.09476,0.05854,0.00000
438.90000,175.60000,0.02825,0.23969,-0.09017,0.05675,0.00000
439.00000,175.64000,0.01471,0.23659,-0.08469,0.05448,0.00000
439.10000,175.68000,0.00130,0.23401,-0.07841,0.05198,0.00000
439.20000,175.72000,-0.01188,0.23202,-0.07144,0.04950,0.00000
439.30000,175.76000,-0.02472,0.23066,-0.06391,0.04730,0.00000
439.40000,175.80000,-0.03714,0.22999,-0.05595,0.04566,0.00000
439.50000,175.84000,-0.04903,0.23004,-0.04771,0.04480,-0.00000
439.60000,175.88000,-0.06033,0.23082,-0.03931,0.04494,-0.00000
439.70000,175.92000,-0.07095,0.23236,-0.03090,0.04620,0.00000
439.80000,175.96000,-0.08082,0.23465,-0.02257,0.04865,-0.00000
439.90000,176.00000,-0.08989,0.23769,-0.01441,0.05228,0.00000
440.00000,176.04000,-0.09810,0.24147,-0.00650,0.05699,0.00000
440.10000,176.08000,-0.10541,0.24596,0.00113,0.06260,0.00000
440.20000,176.12000,-0.11178,0.25113,0.00845,0.06885,0.00000
440.30000,176.16000,-0.11720,0.25694,0.01544,0.07543,0.00000
440.40000,176.20000,-0.12164,0.26334,0.02213,0.08196,0.00000
440.50000,176.24000,-0.12509,0.27028,0.02852,0.08805,0.00000
440.60000,176.28000,-0.12755,0.27769,0.03464,0.09329,0.00000
440.70000,176.32000,-0.12904,0.28551,0.04052,0.09729,0.00000
440.80000,176.36000,-0.12956,0.29367,0.04615,0.09969,0.00000
440.90000,176.40000,-0.12915,0.30210,0.05155,0.10019,0.00000
441.00000,176.44000,-0.12783,0.31070,0.05670,0.09857,0.00000
441.10000,176.48000,-0.12564,0.31941,0.06158,0.09468,0.00000
441.20000,176.52000,-0.12262,0.32814,0.06615,0.08847,-0.00000
441.30000,176.56000,-0.11883,0.33680,0.07036,0.07998,0.00000
441.40000,176.60000,-0.11433,0.34532,0.07414,0.06933,-0.00000
441.50000,176.64000,-0.10918,0.35361,0.07743,0.05673,0.00000
441.60000,176.68000,-0.10345,0.36159,0.08015,0.04247,0.00000
441.70000,176.72000,-0.09721,0.36919,0.08224,0.02687,0.00000
441.80000,176.76000,-0.09053,0.37634,0.08364,0.01030,0.00000
441.90000,176.80000,-0.08349,0.38297,0.08431,-0.00685,0.00000
442.00000,176.84000,-0.07618,0.38900,0.08422,-0.02419,-0.00000
442.10000,176.88000,-0.06868,0.39440,0.08335,-0.04136,0.00000
442.20000,176.92000,-0.06105,0.39910,0.08173,-0.05801,0.00000
442.30000,176.96000,-0.05339,0.40305,0.07939,-0.07384,-0.00000
442.40000,177.00000,-0.04578,0.40621,0.07636,-0.08860,0.00000
442.50000,177.04000,-0.03827,0.40856,0.07273,-0.10207,0.00000
442.60000,177.08000,-0.03095,0.41005,0.06857,-0.11412,0.00000
442.70000,177.12000,-0.02387,0.41067,0.06397,-0.12461,-0.00000
442.80000,177.16000,-0.01710,0.41041,0.05901,-0.13350,0.00000
442.90000,177.20000,-0.01069,0.40926,0.05377,-0.14074,0.00000
443.00000,177.24000,-0.00468,0.40722,0.04834,-0.14632,0.00000
443.10000,177.28000,0.00089,0.40429,0.04279,-0.15028,0.00000
443.20000,177.32000,0.00598,0.40051,0.03716,-0.15261,-0.00000
443.30000,177.36000,0.01059,0.39589,0.03149,-0.15337,0.00000
443.40000,177.40000,0.01468,0.39047,0.02581,-0.15257,0.00000
443.50000,177.44000,0.01826,0.38430,0.02013,-0.15026,0.00000
443.60000,177.48000,0.02132,0.37742,0.01444,-0.14648,0.00000
443.70000,177.52000,0.02387,0.36991,0.00874,-0.14128,0.00000
443.80000,177.56000,0.02592,0.36183,0.00301,-0.13470,-0.00000
443.90000,177.60000,0.02749,0.35326,-0.00277,-0.12681,0.00000
444.00000,177.64000,0.02860,0.34429,-0.00860,-0.11771,0.00000
444.10000,177.68000,0.02928,0.33499,-0.01448,-0.10749,0.00000
444.20000,177.72000,0.02956,0.32548,-0.02040,-0.09630,0.00000
444.30000,177.76000,0.02947,0.31584,-0.02634,-0.08428,0.00000
444.40000,177.80000,0.02905,0.30616,-0.03225,-0.07163,0.00000
444.50000,177.84000,0.02834,0.29655,-0.03807,-0.05856,0.00000
444.60000,177.88000,0.02738,0.28710,-0.04373,-0.04528,-0.00000
444.70000,177.92000,0.02620,0.27791,-0.04913,-0.03204,0.00000
444.80000,177.96000,0.02485,0.26904,-0.05419,-0.01907,0.00000
444.90000,178.00000,0.02337,0.26059,-0.05879,-0.00659,0.00000
445.00000,178.04000,0.02180,0.25262,-0.06284,0.00518,-0.00000
445.10000,178.08000,0.02018,0.24520,-0.06624,0.01606,0.00000
445.20000,178.12000,0.01854,0.23838,-0.06890,0.02590,0.00000
445.30000,178.16000,0.01692,0.23221,-0.07074,0.03459,0.00000
445.40000,178.20000,0.01537,0.22672,-0.07172,0.04206,0.00000
445.50000,178.24000,0.01390,0.22193,-0.07180,0.04829,0.00000
445.60000,178.28000,0.01257,0.21787,-0.07097,0.05331,-0.00000
445.70000,178.32000,0.01138,0.21455,-0.06925,0.05718,0.00000
445.80000,178.36000,0.01039,0.21197,-0.06668,0.06000,0.00000
445.90000,178.40000,0.00960,0.21012,-0.06331,0.06189,0.00000
446.00000,178.44000,0.00905,0.20901,-0.05925,0.06300,0.00000
446.10000,178.48000,0.00875,0.20861,-0.05457,0.06348,0.00000
446.20000,178.52000,0.00872,0.20891,-0.04939,0.06347,0.00000
446.30000,178.56000,0.00897,0.20988,-0.04384,0.06312,0.00000
446.40000,178.60000,0.00952,0.21151,-0.03802,0.06255,0.00000
446.50000,178.64000,0.01036,0.21375,-0.03207,0.06187,0.00000
446.60000,178.68000,0.01150,0.21659,-0.02608,0.06115,0.00000
446.70000,178.72000,0.01292,0.21998,-0.02016,0.06045,0.00000
446.80000,178.76000,0.01463,0.22390,-0.01440,0.05979,-0.00000
446.90000,178.80000,0.01660,0.22829,-0.00886,0.05918,0.00000
447.00000,178.84000,0.01881,0.23312,-0.00359,0.05860,0.00000
447.10000,178.88000,0.02123,0.23834,0.00137,0.05802,0.00000
447.20000,178.92000,0.02384,0.24391,0.00601,0.05739,0.00000
447.30000,178.96000,0.02659,0.24976,0.01033,0.05669,0.00000
447.40000,179.00000,0.02945,0.25586,0.01434,0.05587,0.00000
447.50000,179.04000,0.03237,0.26214,0.01807,0.05488,0.00000
447.60000,179.08000,0.03531,0.26855,0.02156,0.05372,0.00000
447.70000,179.12000,0.03821,0.27503,0.02483,0.05235,0.00000
447.80000,179.16000,0.04103,0.28153,0.02793,0.05077,-0.00000
447.90000,179.20000,0.04371,0.28800,0.03090,0.04900,-0.00000
448.00000,179.24000,0.04622,0.29437,0.03375,0.04703,-0.00000
448.10000,179.28000,0.04850,0.30061,0.03650,0.04490,0.00000
448.20000,179.32000,0.05051,0.30667,0.03916,0.04262,0.00000
448.30000,179.36000,0.05221,0.31250,0.04171,0.04024,-0.00000
448.40000,179.40000,0.05357,0.31806,0.04412,0.03778,-0.00000
448.50000,179.44000,0.05456,0.32333,0.04637,0.03526,-0.00000
448.60000,179.48000,0.05516,0.32827,0.04838,0.03273,0.00000
448.70000,179.52000,0.05535,0.33286,0.05009,0.03020,0.00000
448.80000,179.56000,0.05512,0.33708,0.05143,0.02769,0.00000
448.90000,179.60000,0.05447,0.34091,0.05232,0.02525,0.00000
449.00000,179.64000,0.05340,0.34435,0.05266,0.02287,0.00000
449.10000,179.68000,0.05191,0.34738,0.05238,0.02060,0.00000
449.20000,179.72000,0.05002,0.35001,0.05140,0.01845,0.00000
449.30000,179.76000,0.04775,0.35222,0.04967,0.01645,0.00000
449.40000,179.80000,0.04512,0.35402,0.04713,0.01462,0.00000
449.50000,179.84000,0.04214,0.35541,0.04376,0.01298,0.00000
449.60000,179.88000,0.03886,0.35640,0.03956,0.01156,-0.00000
449.70000,179.92000,0.03529,0.35698,0.03455,0.01036,0.00000
449.80000,179.96000,0.03146,0.35718,0.02878,0.00937,-0.00000
449.90000,180.00000,0.02741,0.35698,0.02232,0.00860,0.00000
450.00000,180.04000,0.02316,0.35642,0.01528,0.00800,0.00000
450.10000,180.08000,0.01874,0.35550,0.00777,0.00753,0.00000
450.20000,180.12000,0.01418,0.35424,-0.00005,0.00711,0.00000
450.30000,180.16000,0.00951,0.35266,-0.00803,0.00668,0.00000
450.40000,180.20000,0.00476,0.35077,-0.01601,0.00611,0.00000
450.50000,180.24000,-0.00006,0.34861,-0.02380,0.00531,0.00000
450.60000,180.28000,-0.00490,0.34621,-0.03125,0.00415,0.00000
450.70000,180.32000,-0.00977,0.34358,-0.03820,0.00251,0.00000
450.80000,180.36000,-0.01462,0.34077,-0.04448,0.00029,-0.00000
450.90000,180.40000,-0.01944,0.33780,-0.04998,-0.00261,-0.00000
451.00000,180.44000,-0.02422,0.33470,-0.05460,-0.00624,0.00000
451.10000,180.48000,-0.02892,0.33152,-0.05825,-0.01065,0.00000
451.20000,180.52000,-0.03354,0.32827,-0.06089,-0.01582,0.00000
451.30000,180.56000,-0.03805,0.32500,-0.06249,-0.02170,-0.00000
451.40000,180.60000,-0.04245,0.32174,-0.06307,-0.02819,0.00000
451.50000,180.64000,-0.04670,0.31850,-0.06266,-0.03516,0.00000
451.60000,180.68000,-0.05080,0.31532,-0.06133,-0.04241,0.00000
451.70000,180.72000,-0.05473,0.31221,-0.05916,-0.04975,0.00000
451.80000,180.76000,-0.05847,0.30919,-0.05625,-0.05692,-0.00000
451.90000,180.80000,-0.06200,0.30628,-0.05269,-0.06368,0.00000
452.00000,180.84000,-0.06532,0.30349,-0.04862,-0.06978,0.00000
452.10000,180.88000,-0.06840,0.30082,-0.04415,-0.07499,-0.00000
452.20000,180.92000,-0.07122,0.29829,-0.03938,-0.07909,0.00000
452.30000,180.96000,-0.07377,0.29589,-0.03443,-0.08191,0.00000
452.40000,181.00000,-0.07603,0.29363,-0.02937,-0.08333,0.00000
452.50000,181.04000,-0.07797,0.29151,-0.02430,-0.08327,0.00000
452.60000,181.08000,-0.07959,0.28952,-0.01926,-0.08173,0.00000
452.70000,181.12000,-0.08085,0.28767,-0.01430,-0.07876,-0.00000
452.80000,181.16000,-0.08173,0.28594,-0.00945,-0.07446,0.00000
452.90000,181.20000,-0.08223,0.28434,-0.00473,-0.06899,0.00000
453.00000,181.24000,-0.08231,0.28285,-0.00013,-0.06254,0.00000
453.10000,181.28000,-0.08195,0.28147,0.00436,-0.05535,0.00000
453.20000,181.32000,-0.08115,0.28020,0.00874,-0.04767,0.00000
453.30000,181.36000,-0.07988,0.27902,0.01304,-0.03975,0.00000
453.40000,181.40000,-0.07813,0.27793,0.01727,-0.03184,0.00000
453.50000,181.44000,-0.07590,0.27691,0.02144,-0.02417,-0.00000
453.60000,181.48000,-0.07317,0.27595,0.02557,-0.01695,0.00000
453.70000,181.52000,-0.06996,0.27503,0.02964,-0.01033,0.00000
453.80000,181.56000,-0.06625,0.27415,0.03363,-0.00445,-0.00000
453.90000,181.60000,-0.06208,0.27328,0.03753,0.00061,0.00000
454.00000,181.64000,-0.05744,0.27242,0.04129,0.00482,0.00000
454.10000,181.68000,-0.05238,0.27154,0.04486,0.00817,-0.00000
454.20000,181.72000,-0.04690,0.27063,0.04819,0.01070,0.00000
454.30000,181.76000,-0.04106,0.26969,0.05121,0.01248,0.00000
454.40000,181.80000,-0.03489,0.26869,0.05385,0.01359,-0.00000
454.50000,181.84000,-0.02844,0.26764,0.05604,0.01413,0.00000
454.60000,181.88000,-0.02175,0.26653,0.05771,0.01421,0.00000
454.70000,181.92000,-0.01489,0.26535,0.05882,0.01395,-0.00000
454.80000,181.96000,-0.00790,0.26413,0.05929,0.01346,0.00000
454.90000,182.00000,-0.00085,0.26286,0.05910,0.01283,-0.00000
455.00000,182.04000,0.00621,0.26157,0.05824,0.01215,0.00000
455.10000,182.08000,0.01322,0.26027,0.05668,0.01153,0.00000
455.20000,182.12000,0.02011,0.25898,0.05445,0.01102,0.00000
455.30000,182.16000,0.02685,0.25774,0.05159,0.01071,0.00000
455.40000,182.20000,0.03336,0.25658,0.04814,0.01066,0.00000
455.50000,182.24000,0.03960,0.25553,0.04419,0.01093,-0.00000
455.60000,182.28000,0.04552,0.25462,0.03981,0.01157,0.00000
455.70000,182.32000,0.05108,0.25390,0.03511,0.01265,0.00000
455.80000,182.36000,0.05625,0.25341,0.03019,0.01422,0.00000
455.90000,182.40000,0.06099,0.25317,0.02518,0.01631,0.00000
456.00000,182.44000,0.06528,0.25322,0.02017,0.01895,-0.00000
456.10000,182.48000,0.06909,0.25360,0.01528,0.02215,0.00000
456.20000,182.52000,0.07241,0.25434,0.01061,0.02592,0.00000
456.30000,182.56000,0.07523,0.25546,0.00624,0.03020,0.00000
456.40000,182.60000,0.07754,0.25698,0.00223,0.03494,0.00000
456.50000,182.64000,0.07934,0.25892,-0.00136,0.04004,0.00000
456.60000,182.68000,0.08065,0.26129,-0.00451,0.04536,0.00000
456.70000,182.72000,0.08146,0.26410,-0.00722,0.05074,0.00000
456.80000,182.76000,0.08180,0.26735,-0.00950,0.05599,0.00000
456.90000,182.80000,0.08167,0.27104,-0.01140,0.06089,0.00000
457.00000,182.84000,0.08112,0.27514,-0.01298,0.06522,0.00000
457.10000,182.88000,0.08015,0.27965,-0.01430,0.06874,0.00000
457.20000,182.92000,0.07879,0.28454,-0.01545,0.07122,0.00000
457.30000,182.96000,0.07708,0.28979,-0.01651,0.07248,-0.00000
457.40000,183.00000,0.07504,0.29535,-0.01757,0.07234,0.00000
457.50000,183.04000,0.07270,0.30119,-0.01872,0.07069,0.00000
457.60000,183.08000,0.07010,0.30725,-0.02000,0.06745,0.00000
457.70000,183.12000,0.06725,0.31349,-0.02149,0.06263,0.00000
457.80000,183.16000,0.06420,0.31985,-0.02321,0.05629,0.00000
457.90000,183.20000,0.06096,0.32627,-0.02519,0.04855,-0.00000
458.00000,183.24000,0.05756,0.33269,-0.02741,0.03960,-0.00000
458.10000,183.28000,0.05402,0.33903,-0.02984,0.02968,0.00000
458.20000,183.32000,0.05036,0.34523,-0.03245,0.01908,0.00000
458.30000,183.36000,0.04660,0.35122,-0.03516,0.00810,0.00000
458.40000,183.40000,0.04275,0.35694,-0.03791,-0.00293,-0.00000
458.50000,183.44000,0.03883,0.36231,-0.04060,-0.01370,0.00000
458.60000,183.48000,0.03484,0.36729,-0.04316,-0.02390,0.00000
458.70000,183.52000,0.03080,0.37181,-0.04550,-0.03327,0.00000
458.80000,183.56000,0.02671,0.37582,-0.04755,-0.04158,0.00000
458.90000,183.60000,0.02258,0.37928,-0.04924,-0.04866,0.00000
459.00000,183.64000,0.01842,0.38215,-0.05052,-0.05442,-0.00000
459.10000,183.68000,0.01424,0.38441,-0.05137,-0.05879,0.00000
459.20000,183.72000,0.01004,0.38604,-0.05176,-0.06179,0.00000
459.30000,183.76000,0.00583,0.38704,-0.05170,-0.06349,0.00000
459.40000,183.80000,0.00163,0.38741,-0.05121,-0.06398,0.00000
459.50000,183.84000,-0.00256,0.38715,-0.05032,-0.06340,0.00000
459.60000,183.88000,-0.00671,0.38630,-0.04909,-0.06192,0.00000
459.70000,183.92000,-0.01082,0.38489,-0.04756,-0.05968,0.00000
459.80000,183.96000,-0.01488,0.38295,-0.04579,-0.05684,0.00000
459.90000,184.00000,-0.01885,0.38054,-0.04382,-0.05353,-0.00000
460.00000,184.04000,-0.02274,0.37770,-0.04170,-0.04987,-0.00000
460.10000,184.08000,-0.02652,0.37449,-0.03948,-0.04591,0.00000
460.20000,184.12000,-0.03018,0.37097,-0.03717,-0.04172,-0.00000
460.30000,184.16000,-0.03370,0.36720,-0.03479,-0.03729,0.00000
460.40000,184.20000,-0.03706,0.36324,-0.03233,-0.03260,0.00000
460.50000,184.24000,-0.04026,0.35915,-0.02980,-0.02763,-0.00000
460.60000,184.28000,-0.04327,0.35497,-0.02717,-0.02233,-0.00000
460.70000,184.32000,-0.04608,0.35077,-0.02441,-0.01664,0.00000
460.80000,184.36000,-0.04870,0.34657,-0.02151,-0.01056,0.00000
460.90000,184.40000,-0.05109,0.34241,-0.01843,-0.00406,0.00000
461.00000,184.44000,-0.05326,0.33831,-0.01516,0.00282,0.00000
461.10000,184.48000,-0.05519,0.33429,-0.01169,0.01002,0.00000
461.20000,184.52000,-0.05689,0.33035,-0.00802,0.01742,0.00000
461.30000,184.56000,-0.05833,0.32649,-0.00416,0.02488,0.00000
461.40000,184.60000,-0.05951,0.32268,-0.00014,0.03220,0.00000
461.50000,184.64000,-0.06044,0.31890,0.00400,0.03917,0.00000
461.60000,184.68000,-0.06109,0.31511,0.00822,0.04555,0.00000
461.70000,184.72000,-0.06146,0.31128,0.01245,0.05109,0.00000
461.80000,184.76000,-0.06156,0.30734,0.01663,0.05555,0.00000
461.90000,184.80000,-0.06138,0.30326,0.02071,0.05872,0.00000
462.00000,184.84000,-0.06090,0.29896,0.02463,0.06040,0.00000
462.10000,184.88000,-0.06014,0.29440,0.02833,0.06048,0.00000
462.20000,184.92000,-0.05910,0.28953,0.03178,0.05887,0.00000
462.30000,184.96000,-0.05777,0.28430,0.03496,0.05557,0.00000
462.40000,185.00000,-0.05617,0.27866,0.03784,0.05062,0.00000
462.50000,185.04000,-0.05430,0.27259,0.04044,0.04416,0.00000
462.60000,185.08000,-0.05218,0.26606,0.04277,0.03636,0.00000
462.70000,185.12000,-0.04981,0.25907,0.04486,0.02748,0.00000
462.80000,185.16000,-0.04723,0.25164,0.04673,0.01779,0.00000
462.90000,185.20000,-0.04445,0.24377,0.04842,0.00762,0.00000
463.00000,185.24000,-0.04148,0.23552,0.04996,-0.00272,0.00000
463.10000,185.28000,-0.03837,0.22693,0.05139,-0.01288,-0.00000
463.20000,185.32000,-0.03513,0.21808,0.05271,-0.02255,-0.00000
463.30000,185.36000,-0.03179,0.20905,0.05393,-0.03146,0.00000
463.40000,185.40000,-0.02837,0.19994,0.05503,-0.03934,0.00000
463.50000,185.44000,-0.02491,0.19086,0.05600,-0.04601,0.00000
463.60000,185.48000,-0.02143,0.18193,0.05678,-0.05132,-0.00000
463.70000,185.52000,-0.01794,0.17328,0.05732,-0.05520,0.00000
463.80000,185.56000,-0.01447,0.16504,0.05755,-0.05763,-0.00000
463.90000,185.60000,-0.01104,0.15734,0.05742,-0.05863,-0.00000
464.00000,185.64000,-0.00767,0.15032,0.05685,-0.05830,0.00000
464.10000,185.68000,-0.00435,0.14410,0.05578,-0.05676,0.00000
464.20000,185.72000,-0.00111,0.13882,0.05418,-0.05418,0.00000
464.30000,185.76000,0.00206,0.13458,0.05201,-0.05072,-0.00000
464.40000,185.80000,0.00515,0.13149,0.04928,-0.04660,0.00000
464.50000,185.84000,0.00816,0.12965,0.04601,-0.04200,-0.00000
464.60000,185.88000,0.01109,0.12913,0.04224,-0.03712,0.00000
464.70000,185.92000,0.01394,0.13001,0.03805,-0.03212,0.00000
464.80000,185.96000,0.01673,0.13233,0.03355,-0.02717,0.00000
464.90000,186.00000,0.01945,0.13612,0.02884,-0.02239,0.00000
465.00000,186.04000,0.02210,0.14141,0.02407,-0.01787,0.00000
465.10000,186.08000,0.02468,0.14818,0.01937,-0.01370,0.00000
465.20000,186.12000,0.02721,0.15642,0.01487,-0.00990,0.00000
465.30000,186.16000,0.02967,0.16609,0.01070,-0.00649,0.00000
465.40000,186.20000,0.03206,0.17713,0.00699,-0.00347,0.00000
465.50000,186.24000,0.03438,0.18949,0.00381,-0.00079,0.00000
465.60000,186.28000,0.03662,0.20306,0.00123,0.00158,0.00000
465.70000,186.32000,0.03878,0.21776,-0.00072,0.00371,0.00000
465.80000,186.36000,0.04083,0.23347,-0.00202,0.00566,-0.00000
465.90000,186.40000,0.04278,0.25006,-0.00273,0.00751,0.00000
466.00000,186.44000,0.04461,0.26741,-0.00288,0.00930,0.00000
466.10000,186.48000,0.04629,0.28537,-0.00256,0.01112,0.00000
466.20000,186.52000,0.04783,0.30380,-0.00188,0.01301,0.00000
466.30000,186.56000,0.04920,0.32253,-0.00094,0.01502,0.00000
466.40000,186.60000,0.05039,0.34143,0.00013,0.01717,-0.00000
466.50000,186.64000,0.05139,0.36032,0.00121,0.01948,0.00000
466.60000,186.68000,0.05218,0.37905,0.00219,0.02195,0.00000
466.70000,186.72000,0.05275,0.39747,0.00297,0.02456,-0.00000
466.80000,186.76000,0.05309,0.41543,0.00347,0.02729,-0.00000
466.90000,186.80000,0.05318,0.43279,0.00361,0.03008,0.00000
467.00000,186.84000,0.05302,0.44940,0.00335,0.03288,-0.00000
467.10000,186.88000,0.05260,0.46514,0.00266,0.03560,0.00000
467.20000,186.92000,0.05191,0.47989,0.00153,0.03818,-0.00000
467.30000,186.96000,0.05095,0.49353,-0.00004,0.04051,0.00000
467.40000,187.00000,0.04971,0.50595,-0.00205,0.04253,0.00000
467.50000,187.04000,0.04819,0.51707,-0.00447,0.04414,0.00000
467.60000,187.08000,0.04639,0.52680,-0.00728,0.04526,0.00000
467.70000,187.12000,0.04432,0.53506,-0.01048,0.04582,0.00000
467.80000,187.16000,0.04196,0.54179,-0.01404,0.04579,-0.00000
467.90000,187.20000,0.03933,0.54693,-0.01796,0.04511,0.00000
468.00000,187.24000,0.03643,0.55044,-0.02225,0.04378,0.00000
468.10000,187.28000,0.03327,0.55228,-0.02689,0.04181,0.00000
468.20000,187.32000,0.02985,0.55242,-0.03190,0.03923,-0.00000
468.30000,187.36000,0.02620,0.55083,-0.03728,0.03610,-0.00000
468.40000,187.40000,0.02231,0.54752,-0.04303,0.03247,0.00000
468.50000,187.44000,0.01821,0.54249,-0.04913,0.02845,0.00000
468.60000,187.48000,0.01391,0.53574,-0.05555,0.02412,0.00000
468.70000,187.52000,0.00943,0.52731,-0.06226,0.01960,-0.00000
468.80000,187.56000,0.00479,0.51724,-0.06918,0.01499,0.00000
468.90000,187.60000,0.00002,0.50557,-0.07624,0.01040,0.00000
469.00000,187.64000,-0.00486,0.49238,-0.08331,0.00591,0.00000
469.10000,187.68000,-0.00981,0.47774,-0.09027,0.00160,-0.00000
469.20000,187.72000,-0.01481,0.46175,-0.09698,-0.00247,0.00000
469.30000,187.76000,-0.01982,0.44453,-0.10328,-0.00626,-0.00000
469.40000,187.80000,-0.02481,0.42620,-0.10900,-0.00976,0.00000
469.50000,187.84000,-0.02974,0.40690,-0.11399,-0.01296,0.00000
469.60000,187.88000,-0.03456,0.38678,-0.11807,-0.01588,0.00000
469.70000,187.92000,-0.03925,0.36600,-0.12112,-0.01858,0.00000
469.80000,187.96000,-0.04375,0.34473,-0.12301,-0.02108,0.00000
469.90000,188.00000,-0.04803,0.32315,-0.12364,-0.02344,0.00000
470.00000,188.04000,-0.05205,0.30144,-0.12294,-0.02571,0.00000
470.10000,188.08000,-0.05575,0.27979,-0.12088,-0.02794,0.00000
470.20000,188.12000,-0.05911,0.25837,-0.11746,-0.03015,0.00000
470.30000,188.16000,-0.06209,0.23736,-0.11270,-0.03236,-0.00000
470.40000,188.20000,-0.06465,0.21694,-0.10665,-0.03458,0.00000
470.50000,188.24000,-0.06677,0.19727,-0.09939,-0.03677,-0.00000
470.60000,188.28000,-0.06840,0.17850,-0.09102,-0.03890,-0.00000
470.70000,188.32000,-0.06954,0.16077,-0.08164,-0.04090,-0.00000
470.80000,188.36000,-0.07016,0.14422,-0.07138,-0.04270,0.00000
470.90000,188.40000,-0.07025,0.12895,-0.06034,-0.04421,0.00000
471.00000,188.44000,-0.06980,0.11506,-0.04865,-0.04534,0.00000
471.10000,188.48000,-0.06881,0.10265,-0.03640,-0.04600,0.00000
471.20000,188.52000,-0.06729,0.09176,-0.02368,-0.04611,0.00000
471.30000,188.56000,-0.06525,0.08247,-0.01058,-0.04560,0.00000
471.40000,188.60000,-0.06269,0.07479,0.00283,-0.04442,-0.00000
471.50000,188.64000,-0.05965,0.06876,0.01649,-0.04255,0.00000
471.60000,188.68000,-0.05614,0.06438,0.03035,-0.03998,0.00000
471.70000,188.72000,-0.05220,0.06165,0.04436,-0.03676,-0.00000
471.80000,188.76000,-0.04786,0.06055,0.05846,-0.03293,0.00000
471.90000,188.80000,-0.04315,0.06104,0.07260,-0.02857,0.00000
472.00000,188.84000,-0.03812,0.06308,0.08671,-0.02379,0.00000
472.10000,188.88000,-0.03281,0.06662,0.10071,-0.01870,0.00000
472.20000,188.92000,-0.02725,0.07159,0.11449,-0.01342,0.00000
472.30000,188.96000,-0.02149,0.07791,0.12794,-0.00809,0.00000
472.40000,189.00000,-0.01558,0.08551,0.14092,-0.00282,0.00000
472.50000,189.04000,-0.00955,0.09429,0.15328,0.00227,-0.00000
472.60000,189.08000,-0.00345,0.10414,0.16486,0.00708,0.00000
472.70000,189.12000,0.00268,0.11496,0.17548,0.01154,0.00000
472.80000,189.16000,0.00881,0.12663,0.18496,0.01558,-0.00000
472.90000,189.20000,0.01490,0.13904,0.19311,0.01918,-0.00000
473.00000,189.24000,0.02091,0.15206,0.19977,0.02233,0.00000
473.10000,189.28000,0.02681,0.16557,0.20479,0.02504,0.00000
473.20000,189.32000,0.03258,0.17944,0.20800,0.02734,-0.00000
473.30000,189.36000,0.03817,0.19357,0.20931,0.02929,0.00000
473.40000,189.40000,0.04358,0.20782,0.20863,0.03094,0.00000
473.50000,189.44000,0.04876,0.22209,0.20590,0.03234,-0.00000
473.60000,189.48000,0.05370,0.23627,0.20109,0.03357,0.00000
473.70000,189.52000,0.05837,0.25027,0.19424,0.03466,0.00000
473.80000,189.56000,0.06275,0.26400,0.18538,0.03566,-0.00000
473.90000,189.60000,0.06682,0.27738,0.17461,0.03660,0.00000
474.00000,189.64000,0.07056,0.29034,0.16204,0.03748,0.00000
474.10000,189.68000,0.07395,0.30284,0.14781,0.03829,0.00000
474.20000,189.72000,0.07697,0.31482,0.13211,0.03900,-0.00000
474.30000,189.76000,0.07960,0.32626,0.11513,0.03957,0.00000
474.40000,189.80000,0.08183,0.33711,0.09708,0.03994,0.00000
474.50000,189.84000,0.08362,0.34738,0.07818,0.04004,0.00000
474.60000,189.88000,0.08497,0.35705,0.05867,0.03978,0.00000
474.70000,189.92000,0.08586,0.36612,0.03880,0.03911,0.00000
474.80000,189.96000,0.08628,0.37458,0.01879,0.03795,0.00000
474.90000,190.00000,0.08619,0.38246,-0.00110,0.03624,0.00000
475.00000,190.04000,0.08560,0.38974,-0.02066,0.03393,-0.00000
475.10000,190.08000,0.08449,0.39645,-0.03967,0.03101,-0.00000
475.20000,190.12000,0.08286,0.40260,-0.05792,0.02746,-0.00000
475.30000,190.16000,0.08068,0.40820,-0.07524,0.02329,0.00000
475.40000,190.20000,0.07796,0.41325,-0.09145,0.01857,0.00000
475.50000,190.24000,0.07470,0.41777,-0.10643,0.01333,0.00000
475.60000,190.28000,0.07090,0.42177,-0.12007,0.00767,0.00000
475.70000,190.32000,0.06656,0.42526,-0.13227,0.00170,0.00000
475.80000,190.36000,0.06170,0.42824,-0.14299,-0.00449,0.00000
475.90000,190.40000,0.05633,0.43073,-0.15220,-0.01077,-0.00000
476.00000,190.44000,0.05047,0.43273,-0.15991,-0.01700,0.00000
476.10000,190.48000,0.04414,0.43425,-0.16615,-0.02308,0.00000
476.20000,190.52000,0.03737,0.43530,-0.17097,-0.02887,-0.00000
476.30000,190.56000,0.03019,0.43589,-0.17445,-0.03427,-0.00000
476.40000,190.60000,0.02265,0.43604,-0.17667,-0.03919,0.00000
476.50000,190.64000,0.01479,0.43574,-0.17773,-0.04356,0.00000
476.60000,190.68000,0.00664,0.43501,-0.17775,-0.04731,0.00000
476.70000,190.72000,-0.00173,0.43388,-0.17683,-0.05041,0.00000
476.80000,190.76000,-0.01027,0.43233,-0.17508,-0.05284,0.00000
476.90000,190.80000,-0.01893,0.43040,-0.17257,-0.05460,0.00000
477.00000,190.84000,-0.02764,0.42808,-0.16940,-0.05570,-0.00000
477.10000,190.88000,-0.03634,0.42540,-0.16563,-0.05616,0.00000
477.20000,190.92000,-0.04497,0.42235,-0.16130,-0.05601,0.00000
477.30000,190.96000,-0.05347,0.41894,-0.15644,-0.05527,0.00000
477.40000,191.00000,-0.06176,0.41518,-0.15105,-0.05396,0.00000
477.50000,191.04000,-0.06979,0.41107,-0.14513,-0.05212,0.00000
477.60000,191.08000,-0.07749,0.40662,-0.13865,-0.04973,0.00000
477.70000,191.12000,-0.08481,0.40182,-0.13160,-0.04681,-0.00000
477.80000,191.16000,-0.09167,0.39667,-0.12394,-0.04333,0.00000
477.90000,191.20000,-0.09803,0.39118,-0.11563,-0.03926,0.00000
478.00000,191.24000,-0.10384,0.38536,-0.10665,-0.03458,-0.00000
478.10000,191.28000,-0.10904,0.37919,-0.09698,-0.02925,0.00000
478.20000,191.32000,-0.11359,0.37269,-0.08662,-0.02324,0.00000
478.30000,191.36000,-0.11746,0.36588,-0.07558,-0.01652,-0.00000
478.40000,191.40000,-0.12061,0.35876,-0.06390,-0.00909,-0.00000
478.50000,191.44000,-0.12301,0.35135,-0.05161,-0.00097,0.00000
478.60000,191.48000,-0.12465,0.34368,-0.03880,0.00779,0.00000
478.70000,191.52000,-0.12550,0.33579,-0.02554,0.01711,-0.00000
478.80000,191.56000,-0.12557,0.32769,-0.01193,0.02686,0.00000
478.90000,191.60000,-0.12484,0.31945,0.00192,0.03687,0.00000
479.00000,191.64000,-0.12332,0.31111,0.01590,0.04693,0.00000
479.10000,191.68000,-0.12102,0.30271,0.02989,0.05680,-0.00000
479.20000,191.72000,-0.11796,0.29432,0.04377,0.06621,0.00000
479.30000,191.76000,-0.11417,0.28599,0.05742,0.07487,0.00000
479.40000,191.80000,-0.10965,0.27779,0.07073,0.08247,0.00000
479.50000,191.84000,-0.10446,0.26978,0.08361,0.08874,0.00000
479.60000,191.88000,-0.09863,0.26203,0.09594,0.09340,0.00000
479.70000,191.92000,-0.09220,0.25459,0.10763,0.09621,0.00000
479.80000,191.96000,-0.08521,0.24752,0.11861,0.09700,0.00000
479.90000,192.00000,-0.07772,0.24087,0.12879,0.09564,0.00000
480.00000,192.04000,-0.06977,0.23470,0.13808,0.09209,0.00000
480.10000,192.08000,-0.06142,0.22904,0.14643,0.08638,0.00000
480.20000,192.12000,-0.05274,0.22392,0.15375,0.07861,0.00000
480.30000,192.16000,-0.04376,0.21938,0.15997,0.06899,0.00000
480.40000,192.20000,-0.03456,0.21542,0.16502,0.05778,0.00000
480.50000,192.24000,-0.02518,0.21206,0.16884,0.04530,0.00000
480.60000,192.28000,-0.01569,0.20930,0.17135,0.03193,0.00000
480.70000,192.32000,-0.00615,0.20711,0.17251,0.01807,0.00000
480.80000,192.36000,0.00340,0.20550,0.17226,0.00414,0.00000
480.90000,192.40000,0.01289,0.20443,0.17057,-0.00946,-0.00000
481.00000,192.44000,0.02229,0.20387,0.16742,-0.02235,-0.00000
481.10000,192.48000,0.03153,0.20380,0.16282,-0.03420,0.00000
481.20000,192.52000,0.04057,0.20416,0.15680,-0.04474,-0.00000
481.30000,192.56000,0.04937,0.20493,0.14940,-0.05378,0.00000
481.40000,192.60000,0.05789,0.20606,0.14072,-0.06121,0.00000
481.50000,192.64000,0.06609,0.20751,0.13084,-0.06701,0.00000
481.60000,192.68000,0.07393,0.20924,0.11992,-0.07121,0.00000
481.70000,192.72000,0.08138,0.21121,0.10809,-0.07395,0.00000
481.80000,192.76000,0.08842,0.21339,0.09553,-0.07541,0.00000
481.90000,192.80000,0.09502,0.21576,0.08242,-0.07581,0.00000
482.00000,192.84000,0.10115,0.21827,0.06895,-0.07540,-0.00000
482.10000,192.88000,0.10680,0.22092,0.05532,-0.07443,0.00000
482.20000,192.92000,0.11194,0.22368,0.04171,-0.07314,-0.00000
482.30000,192.96000,0.11656,0.22654,0.02830,-0.07173,0.00000
482.40000,193.00000,0.12065,0.22950,0.01524,-0.07035,0.00000
482.50000,193.04000,0.12420,0.23254,0.00267,-0.06911,0.00000
482.60000,193.08000,0.12719,0.23567,-0.00928,-0.06803,-0.00000
482.70000,193.12000,0.12962,0.23888,-0.02054,-0.06707,0.00000
482.80000,193.16000,0.13149,0.24217,-0.03103,-0.06615,-0.00000
482.90000,193.20000,0.13279,0.24555,-0.04072,-0.06510,-0.00000
483.00000,193.24000,0.13352,0.24900,-0.04958,-0.06374,-0.00000
483.10000,193.28000,0.13367,0.25254,-0.05762,-0.06186,-0.00000
483.20000,193.32000,0.13326,0.25616,-0.06485,-0.05925,0.00000
483.30000,193.36000,0.13228,0.25986,-0.07129,-0.05570,0.00000
483.40000,193.40000,0.13075,0.26363,-0.07699,-0.05106,0.00000
483.50000,193.44000,0.12866,0.26747,-0.08198,-0.04522,0.00000
483.60000,193.48000,0.12603,0.27138,-0.08629,-0.03812,0.00000
483.70000,193.52000,0.12287,0.27533,-0.08997,-0.02980,0.00000
483.80000,193.56000,0.11919,0.27934,-0.09306,-0.02035,-0.00000
483.90000,193.60000,0.11501,0.28338,-0.09558,-0.00994,-0.00000
484.00000,193.64000,0.11035,0.28744,-0.09756,0.00120,0.00000
484.10000,193.68000,0.10521,0.29153,-0.09904,0.01276,0.00000
484.20000,193.72000,0.09961,0.29562,-0.10003,0.02443,0.00000
484.30000,193.76000,0.09358,0.29971,-0.10058,0.03586,0.00000
484.40000,193.80000,0.08714,0.30379,-0.10070,0.04670,0.00000
484.50000,193.84000,0.08029,0.30785,-0.10043,0.05665,0.00000
484.60000,193.88000,0.07306,0.31189,-0.09981,0.06542,-0.00000
484.70000,193.92000,0.06546,0.31588,-0.09887,0.07278,0.00000
484.80000,193.96000,0.05753,0.31983,-0.09765,0.07859,0.00000
484.90000,194.00000,0.04926,0.32371,-0.09619,0.08276,0.00000
485.00000,194.04000,0.04068,0.32752,-0.09453,0.08529,0.00000
485.10000,194.08000,0.03181,0.33123,-0.09269,0.08626,0.00000
485.20000,194.12000,0.02267,0.33483,-0.09069,0.08580,-0.00000
485.30000,194.16000,0.01328,0.33829,-0.08855,0.08412,0.00000
485.40000,194.20000,0.00366,0.34159,-0.08625,0.08143,0.00000
485.50000,194.24000,-0.00617,0.34469,-0.08378,0.07800,0.00000
485.60000,194.28000,-0.01618,0.34757,-0.08110,0.07409,0.00000
485.70000,194.32000,-0.02634,0.35019,-0.07817,0.06994,-0.00000
485.80000,194.36000,-0.03661,0.35250,-0.07491,0.06577,-0.00000
485.90000,194.40000,-0.04695,0.35448,-0.07128,0.06177,0.00000
486.00000,194.44000,-0.05732,0.35609,-0.06718,0.05806,-0.00000
486.10000,194.48000,-0.06767,0.35730,-0.06256,0.05471,-0.00000
486.20000,194.52000,-0.07794,0.35807,-0.05735,0.05176,0.00000
486.30000,194.56000,-0.08808,0.35838,-0.05150,0.04916,0.00000
486.40000,194.60000,-0.09801,0.35822,-0.04498,0.04685,0.00000
486.50000,194.64000,-0.10767,0.35756,-0.03779,0.04473,-0.00000
486.60000,194.68000,-0.11697,0.35642,-0.02995,0.04266,0.00000
486.70000,194.72000,-0.12586,0.35479,-0.02150,0.04052,0.00000
486.80000,194.76000,-0.13424,0.35270,-0.01254,0.03818,-0.00000
486.90000,194.80000,-0.14203,0.35018,-0.00315,0.03552,0.00000
487.00000,194.84000,-0.14917,0.34727,0.00653,0.03246,-0.00000
487.10000,194.88000,-0.15556,0.34403,0.01634,0.02894,0.00000
487.20000,194.92000,-0.16114,0.34052,0.02615,0.02494,-0.00000
487.30000,194.96000,-0.16584,0.33680,0.03577,0.02048,-0.00000
487.40000,195.00000,-0.16959,0.33297,0.04506,0.01559,0.00000
487.50000,195.04000,-0.17234,0.32910,0.05386,0.01034,0.00000
487.60000,195.08000,-0.17403,0.32529,0.06205,0.00483,0.00000
487.70000,195.12000,-0.17463,0.32162,0.06952,-0.00086,0.00000
487.80000,195.16000,-0.17411,0.31817,0.07619,-0.00661,-0.00000
487.90000,195.20000,-0.17245,0.31504,0.08201,-0.01235,0.00000
488.00000,195.24000,-0.16963,0.31229,0.08696,-0.01798,-0.00000
488.10000,195.28000,-0.16567,0.31000,0.09106,-0.02345,0.00000
488.20000,195.32000,-0.16057,0.30821,0.09434,-0.02872,0.00000
488.30000,195.36000,-0.15436,0.30698,0.09685,-0.03376,0.00000
488.40000,195.40000,-0.14708,0.30632,0.09867,-0.03855,0.00000
488.50000,195.44000,-0.13876,0.30626,0.09986,-0.04312,0.00000
488.60000,195.48000,-0.12947,0.30679,0.10051,-0.04745,0.00000
488.70000,195.52000,-0.11927,0.30788,0.10068,-0.05156,0.00000
488.80000,195.56000,-0.10824,0.30951,0.10041,-0.05545,0.00000
488.90000,195.60000,-0.09646,0.31163,0.09975,-0.05910,0.00000
489.00000,195.64000,-0.08401,0.31417,0.09871,-0.06248,0.00000
489.10000,195.68000,-0.07099,0.31706,0.09729,-0.06554,0.00000
489.20000,195.72000,-0.05751,0.32022,0.09545,-0.06821,-0.00000
489.30000,195.76000,-0.04366,0.32356,0.09316,-0.07041,0.00000
489.40000,195.80000,-0.02957,0.32698,0.09035,-0.07204,-0.00000
489.50000,195.84000,-0.01533,0.33038,0.08698,-0.07303,-0.00000
489.60000,195.88000,-0.00107,0.33367,0.08297,-0.07329,0.00000
489.70000,195.92000,0.01310,0.33674,0.07829,-0.07276,-0.00000
489.80000,195.96000,0.02708,0.33951,0.07289,-0.07142,-0.00000
489.90000,196.00000,0.04075,0.34190,0.06676,-0.06927,-0.00000
490.00000,196.04000,0.05400,0.34381,0.05990,-0.06635,0.00000
490.10000,196.08000,0.06674,0.34519,0.05235,-0.06278,0.00000
490.20000,196.12000,0.07886,0.34598,0.04417,-0.05868,0.00000
490.30000,196.16000,0.09028,0.34612,0.03546,-0.05424,0.00000
490.40000,196.20000,0.10091,0.34559,0.02632,-0.04967,0.00000
490.50000,196.24000,0.11068,0.34436,0.01690,-0.04520,0.00000
490.60000,196.28000,0.11953,0.34242,0.00733,-0.04106,0.00000
490.70000,196.32000,0.12739,0.33977,-0.00223,-0.03748,-0.00000
490.80000,196.36000,0.13422,0.33642,-0.01163,-0.03465,0.00000
490.90000,196.40000,0.14000,0.33239,-0.02072,-0.03273,-0.00000
491.00000,196.44000,0.14468,0.32772,-0.02939,-0.03180,-0.00000
491.10000,196.48000,0.14825,0.32245,-0.03753,-0.03191,-0.00000
491.20000,196.52000,0.15072,0.31662,-0.04505,-0.03299,-0.00000
491.30000,196.56000,0.15208,0.31029,-0.05189,-0.03493,0.00000
491.40000,196.60000,0.15235,0.30353,-0.05803,-0.03752,-0.00000
491.50000,196.64000,0.15155,0.29641,-0.06346,-0.04051,0.00000
491.60000,196.68000,0.14971,0.28900,-0.06819,-0.04358,0.00000
491.70000,196.72000,0.14689,0.28137,-0.07226,-0.04637,0.00000
491.80000,196.76000,0.14311,0.27361,-0.07571,-0.04852,0.00000
491.90000,196.80000,0.13844,0.26580,-0.07860,-0.04968,0.00000
492.00000,196.84000,0.13294,0.25802,-0.08096,-0.04949,-0.00000
492.10000,196.88000,0.12667,0.25036,-0.08285,-0.04769,0.00000
492.20000,196.92000,0.11970,0.24289,-0.08430,-0.04404,0.00000
492.30000,196.96000,0.11211,0.23571,-0.08533,-0.03841,0.00000
492.40000,197.00000,0.10398,0.22889,-0.08596,-0.03075,0.00000
492.50000,197.04000,0.09538,0.22250,-0.08616,-0.02109,0.00000
492.60000,197.08000,0.08640,0.21661,-0.08592,-0.00959,0.00000
492.70000,197.12000,0.07713,0.21129,-0.08522,0.00354,-0.00000
492.80000,197.16000,0.06766,0.20661,-0.08401,0.01801,0.00000
492.90000,197.20000,0.05806,0.20260,-0.08225,0.03344,0.00000
493.00000,197.24000,0.04842,0.19933,-0.07990,0.04944,0.00000
493.10000,197.28000,0.03883,0.19683,-0.07694,0.06557,0.00000
493.20000,197.32000,0.02937,0.19513,-0.07336,0.08142,0.00000
493.30000,197.36000,0.02011,0.19425,-0.06914,0.09656,-0.00000
493.40000,197.40000,0.01114,0.19422,-0.06431,0.11063,0.00000
493.50000,197.44000,0.00252,0.19504,-0.05890,0.12328,0.00000
493.60000,197.48000,-0.00568,0.19671,-0.05298,0.13425,0.00000
493.70000,197.52000,-0.01341,0.19922,-0.04661,0.14332,0.00000
493.80000,197.56000,-0.02061,0.20257,-0.03988,0.15037,0.00000
493.90000,197.60000,-0.02724,0.20673,-0.03289,0.15532,0.00000
494.00000,197.64000,-0.03326,0.21167,-0.02574,0.15815,0.00000
494.10000,197.68000,-0.03865,0.21736,-0.01854,0.15890,0.00000
494.20000,197.72000,-0.04338,0.22375,-0.01139,0.15767,0.00000
494.30000,197.76000,-0.04745,0.23080,-0.00436,0.15456,0.00000
494.40000,197.80000,-0.05086,0.23845,0.00245,0.14970,0.00000
494.50000,197.84000,-0.05360,0.24665,0.00900,0.14326,0.00000
494.60000,197.88000,-0.05569,0.25531,0.01524,0.13539,-0.00000
494.70000,197.92000,-0.05716,0.26438,0.02114,0.12623,0.00000
494.80000,197.96000,-0.05802,0.27377,0.02670,0.11593,0.00000
494.90000,198.00000,-0.05832,0.28340,0.03192,0.10463,0.00000
495.00000,198.04000,-0.05810,0.29319,0.03681,0.09247,0.00000
495.10000,198.08000,-0.05739,0.30304,0.04141,0.07957,0.00000
495.20000,198.12000,-0.05624,0.31287,0.04572,0.06606,0.00000
495.30000,198.16000,-0.05471,0.32257,0.04977,0.05208,0.00000
495.40000,198.20000,-0.05284,0.33206,0.05357,0.03777,-0.00000
495.50000,198.24000,-0.05069,0.34124,0.05712,0.02329,0.00000
495.60000,198.28000,-0.04831,0.35003,0.06041,0.00879,0.00000
495.70000,198.32000,-0.04575,0.35833,0.06343,-0.00553,0.00000
495.80000,198.36000,-0.04306,0.36608,0.06612,-0.01949,0.00000
495.90000,198.40000,-0.04029,0.37319,0.06844,-0.03289,0.00000
496.00000,198.44000,-0.03749,0.37960,0.07032,-0.04553,0.00000
496.10000,198.48000,-0.03470,0.38526,0.07170,-0.05723,-0.00000
496.20000,198.52000,-0.03197,0.39012,0.07250,-0.06780,0.00000
496.30000,198.56000,-0.02933,0.39415,0.07266,-0.07710,-0.00000
496.40000,198.60000,-0.02681,0.39732,0.07211,-0.08499,0.00000
496.50000,198.64000,-0.02446,0.39962,0.07080,-0.09139,-0.00000
496.60000,198.68000,-0.02229,0.40105,0.06871,-0.09627,0.00000
496.70000,198.72000,-0.02034,0.40162,0.06581,-0.09962,-0.00000
496.80000,198.76000,-0.01862,0.40134,0.06212,-0.10150,0.00000
496.90000,198.80000,-0.01715,0.40024,0.05766,-0.10198,0.00000
497.00000,198.84000,-0.01594,0.39837,0.05249,-0.10120,0.00000
497.10000,198.88000,-0.01501,0.39575,0.04670,-0.09932,0.00000
497.20000,198.92000,-0.01437,0.39243,0.04037,-0.09652,0.00000
497.30000,198.96000,-0.01400,0.38847,0.03361,-0.09299,0.00000
497.40000,199.00000,-0.01393,0.38391,0.02656,-0.08893,0.00000
497.50000,199.04000,-0.01413,0.37881,0.01934,-0.08454,-0.00000
497.60000,199.08000,-0.01461,0.37324,0.01209,-0.07997,0.00000
497.70000,199.12000,-0.01535,0.36724,0.00494,-0.07539,-0.00000
497.80000,199.16000,-0.01633,0.36087,-0.00199,-0.07090,0.00000
497.90000,199.20000,-0.01754,0.35419,-0.00860,-0.06662,0.00000
498.00000,199.24000,-0.01895,0.34727,-0.01478,-0.06257,0.00000
498.10000,199.28000,-0.02053,0.34015,-0.02046,-0.05881,-0.00000
498.20000,199.32000,-0.02225,0.33289,-0.02560,-0.05531,0.00000
498.30000,199.36000,-0.02408,0.32555,-0.03015,-0.05206,0.00000
498.40000,199.40000,-0.02598,0.31818,-0.03411,-0.04901,0.00000
498.50000,199.44000,-0.02790,0.31085,-0.03748,-0.04610,-0.00000
498.60000,199.48000,-0.02980,0.30359,-0.04028,-0.04329,0.00000
498.70000,199.52000,-0.03164,0.29648,-0.04255,-0.04050,0.00000
498.80000,199.56000,-0.03338,0.28955,-0.04435,-0.03770,-0.00000
498.90000,199.60000,-0.03496,0.28287,-0.04572,-0.03484,0.00000
499.00000,199.64000,-0.03634,0.27647,-0.04672,-0.03190,0.00000
499.10000,199.68000,-0.03749,0.27041,-0.04741,-0.02886,0.00000
499.20000,199.72000,-0.03836,0.26471,-0.04783,-0.02572,-0.00000
499.30000,199.76000,-0.03891,0.25943,-0.04803,-0.02251,0.00000
499.40000,199.80000,-0.03912,0.25460,-0.04803,-0.01924,0.00000
499.50000,199.84000,-0.03895,0.25023,-0.04786,-0.01593,0.00000
499.60000,199.88000,-0.03840,0.24636,-0.04750,-0.01264,0.00000
499.70000,199.92000,-0.03744,0.24299,-0.04697,-0.00938,-0.00000
499.80000,199.96000,-0.03608,0.24014,-0.04622,-0.00620,0.00000
499.90000,200.00000,-0.03430,0.23782,-0.04522,-0.00312,-0.00000
500.00000,200.04000,-0.03211,0.23602,-0.04393,-0.00017,0.00000
500.10000,200.08000,-0.02954,0.23473,-0.04228,0.00263,0.00000
500.20000,200.12000,-0.02660,0.23395,-0.04024,0.00526,0.00000
500.30000,200.16000,-0.02331,0.23366,-0.03774,0.00771,0.00000
500.40000,200.20000,-0.01970,0.23384,-0.03474,0.00998,0.00000
500.50000,200.24000,-0.01581,0.23447,-0.03119,0.01205,0.00000
500.60000,200.28000,-0.01167,0.23554,-0.02707,0.01391,0.00000
500.70000,200.32000,-0.00733,0.23701,-0.02238,0.01557,-0.00000
500.80000,200.36000,-0.00282,0.23886,-0.01713,0.01702,-0.00000
500.90000,200.40000,0.00182,0.24106,-0.01134,0.01827,0.00000
501.00000,200.44000,0.00654,0.24360,-0.00508,0.01931,-0.00000
501.10000,200.48000,0.01131,0.24643,0.00157,0.02017,0.00000
501.20000,200.52000,0.01608,0.24953,0.00851,0.02086,0.00000
501.30000,200.56000,0.02082,0.25288,0.01563,0.02141,0.00000
501.40000,200.60000,0.02550,0.25645,0.02278,0.02187,0.00000
501.50000,200.64000,0.03008,0.26020,0.02983,0.02230,0.00000
501.60000,200.68000,0.03454,0.26411,0.03660,0.02276,0.00000
501.70000,200.72000,0.03885,0.26814,0.04294,0.02333,0.00000
501.80000,200.76000,0.04298,0.27226,0.04871,0.02409,0.00000
501.90000,200.80000,0.04692,0.27644,0.05376,0.02514,0.00000
502.00000,200.84000,0.05064,0.28064,0.05796,0.02655,0.00000
502.10000,200.88000,0.05414,0.28484,0.06121,0.02839,0.00000
502.20000,200.92000,0.05739,0.28899,0.06342,0.03072,-0.00000
502.30000,200.96000,0.06039,0.29307,0.06455,0.03357,-0.00000
502.40000,201.00000,0.06312,0.29704,0.06456,0.03693,0.00000
502.50000,201.04000,0.06557,0.30089,0.06347,0.04077,0.00000
502.60000,201.08000,0.06774,0.30457,0.06131,0.04502,0.00000
502.70000,201.12000,0.06961,0.30807,0.05816,0.04956,0.00000
502.80000,201.16000,0.07118,0.31137,0.05409,0.05426,0.00000
502.90000,201.20000,0.07245,0.31446,0.04923,0.05893,-0.00000
503.00000,201.24000,0.07340,0.31731,0.04371,0.06338,0.00000
503.10000,201.28000,0.07404,0.31994,0.03765,0.06739,0.00000
503.20000,201.32000,0.07435,0.32232,0.03123,0.07074,-0.00000
503.30000,201.36000,0.07434,0.32447,0.02456,0.07323,-0.00000
503.40000,201.40000,0.07400,0.32638,0.01781,0.07467,-0.00000
503.50000,201.44000,0.07332,0.32806,0.01109,0.07490,0.00000
503.60000,201.48000,0.07230,0.32952,0.00451,0.07381,0.00000
503.70000,201.52000,0.07094,0.33077,-0.00181,0.07133,0.00000
503.80000,201.56000,0.06923,0.33183,-0.00781,0.06746,0.00000
503.90000,201.60000,0.06718,0.33270,-0.01342,0.06225,-0.00000
504.00000,201.64000,0.06477,0.33339,-0.01863,0.05580,0.00000
504.10000,201.68000,0.06201,0.33393,-0.02339,0.04829,-0.00000
504.20000,201.72000,0.05889,0.33432,-0.02773,0.03991,0.00000
504.30000,201.76000,0.05542,0.33458,-0.03164,0.03091,-0.00000
504.40000,201.80000,0.05159,0.33472,-0.03516,0.02155,-0.00000
504.50000,201.84000,0.04742,0.33475,-0.03831,0.01211,0.00000
504.60000,201.88000,0.04290,0.33469,-0.04113,0.00286,0.00000
504.70000,201.92000,0.03806,0.33455,-0.04365,-0.00594,0.00000
504.80000,201.96000,0.03289,0.33434,-0.04590,-0.01408,-0.00000
504.90000,202.00000,0.02742,0.33407,-0.04790,-0.02136,0.00000
505.00000,202.04000,0.02168,0.33377,-0.04967,-0.02764,-0.00000
505.10000,202.08000,0.01568,0.33343,-0.05119,-0.03282,0.00000
505.20000,202.12000,0.00946,0.33308,-0.05247,-0.03688,-0.00000
505.30000,202.16000,0.00306,0.33272,-0.05348,-0.03981,0.00000
505.40000,202.20000,-0.00348,0.33236,-0.05419,-0.04167,0.00000
505.50000,202.24000,-0.01013,0.33202,-0.05456,-0.04255,0.00000
505.60000,202.28000,-0.01682,0.33170,-0.05455,-0.04257,0.00000
505.70000,202.32000,-0.02352,0.33140,-0.05412,-0.04188,0.00000
505.80000,202.36000,-0.03016,0.33113,-0.05323,-0.04062,0.00000
505.90000,202.40000,-0.03669,0.33088,-0.05182,-0.03895,0.00000
506.00000,202.44000,-0.04305,0.33064,-0.04988,-0.03703,0.00000
506.10000,202.48000,-0.04919,0.33041,-0.04738,-0.03499,0.00000
506.20000,202.52000,-0.05506,0.33016,-0.04432,-0.03296,-0.00000
506.30000,202.56000,-0.06060,0.32989,-0.04071,-0.03105,0.00000
506.40000,202.60000,-0.06576,0.32956,-0.03658,-0.02933,0.00000
506.50000,202.64000,-0.07050,0.32916,-0.03196,-0.02790,0.00000
506.60000,202.68000,-0.07477,0.32866,-0.02691,-0.02678,0.00000
506.70000,202.72000,-0.07855,0.32802,-0.02153,-0.02603,0.00000
506.80000,202.76000,-0.08180,0.32723,-0.01588,-0.02567,0.00000
506.90000,202.80000,-0.08450,0.32624,-0.01008,-0.02571,0.00000
507.00000,202.84000,-0.08663,0.32503,-0.00423,-0.02617,0.00000
507.10000,202.88000,-0.08818,0.32358,0.00155,-0.02704,0.00000
507.20000,202.92000,-0.08915,0.32185,0.00716,-0.02832,0.00000
507.30000,202.96000,-0.08954,0.31984,0.01250,-0.02999,-0.00000
507.40000,203.00000,-0.08936,0.31753,0.01746,-0.03202,-0.00000
507.50000,203.04000,-0.08861,0.31490,0.02197,-0.03438,0.00000
507.60000,203.08000,-0.08733,0.31195,0.02596,-0.03698,-0.00000
507.70000,203.12000,-0.08553,0.30868,0.02939,-0.03977,0.00000
507.80000,203.16000,-0.08324,0.30509,0.03223,-0.04263,0.00000
507.90000,203.20000,-0.08050,0.30120,0.03448,-0.04543,0.00000
508.00000,203.24000,-0.07733,0.29703,0.03617,-0.04803,0.00000
508.10000,203.28000,-0.07378,0.29259,0.03733,-0.05027,-0.00000
508.20000,203.32000,-0.06988,0.28792,0.03802,-0.05197,0.00000
508.30000,203.36000,-0.06568,0.28305,0.03833,-0.05295,-0.00000
508.40000,203.40000,-0.06122,0.27802,0.03834,-0.05304,0.00000
508.50000,203.44000,-0.05654,0.27286,0.03814,-0.05209,0.00000
508.60000,203.48000,-0.05168,0.26763,0.03782,-0.04996,0.00000
508.70000,203.52000,-0.04668,0.26238,0.03748,-0.04656,0.00000
508.80000,203.56000,-0.04158,0.25715,0.03720,-0.04183,-0.00000
508.90000,203.60000,-0.03642,0.25201,0.03704,-0.03580,0.00000
509.00000,203.64000,-0.03124,0.24700,0.03705,-0.02851,0.00000
509.10000,203.68000,-0.02605,0.24220,0.03726,-0.02010,0.00000
509.20000,203.72000,-0.02090,0.23765,0.03769,-0.01073,0.00000
509.30000,203.76000,-0.01581,0.23342,0.03831,-0.00064,0.00000
509.40000,203.80000,-0.01079,0.22956,0.03910,0.00991,0.00000
509.50000,203.84000,-0.00588,0.22612,0.04000,0.02060,0.00000
509.60000,203.88000,-0.00107,0.22316,0.04095,0.03111,0.00000
509.70000,203.92000,0.00361,0.22073,0.04186,0.04114,0.00000
509.80000,203.96000,0.00817,0.21885,0.04266,0.05037,-0.00000
509.90000,204.00000,0.01258,0.21757,0.04326,0.05852,-0.00000
510.00000,204.04000,0.01684,0.21692,0.04358,0.06536,0.00000
510.10000,204.08000,0.02096,0.21690,0.04356,0.07072,-0.00000
510.20000,204.12000,0.02493,0.21754,0.04314,0.07448,-0.00000
510.30000,204.16000,0.02874,0.21884,0.04228,0.07659,0.00000
510.40000,204.20000,0.03240,0.22077,0.04096,0.07706,0.00000
510.50000,204.24000,0.03589,0.22333,0.03918,0.07597,0.00000
510.60000,204.28000,0.03922,0.22649,0.03696,0.07346,0.00000
510.70000,204.32000,0.04238,0.23021,0.03434,0.06969,0.00000
510.80000,204.36000,0.04536,0.23445,0.03137,0.06488,-0.00000
510.90000,204.40000,0.04816,0.23915,0.02811,0.05925,0.00000
511.00000,204.44000,0.05077,0.24426,0.02463,0.05302,-0.00000
511.10000,204.48000,0.05317,0.24971,0.02100,0.04641,0.00000
511.20000,204.52000,0.05536,0.25544,0.01728,0.03960,-0.00000
511.30000,204.56000,0.05733,0.26138,0.01353,0.03276,-0.00000
511.40000,204.60000,0.05907,0.26746,0.00980,0.02600,0.00000
511.50000,204.64000,0.06057,0.27361,0.00613,0.01941,0.00000
511.60000,204.68000,0.06183,0.27977,0.00255,0.01303,0.00000
511.70000,204.72000,0.06283,0.28588,-0.00094,0.00686,0.00000
511.80000,204.76000,0.06356,0.29188,-0.00435,0.00089,0.00000
511.90000,204.80000,0.06404,0.29772,-0.00767,-0.00491,0.00000
512.00000,204.84000,0.06425,0.30338,-0.01094,-0.01060,-0.00000
512.10000,204.88000,0.06419,0.30880,-0.01417,-0.01618,0.00000
512.20000,204.92000,0.06386,0.31398,-0.01739,-0.02170,0.00000
512.30000,204.96000,0.06327,0.31891,-0.02062,-0.02713,0.00000
512.40000,205.00000,0.06241,0.32357,-0.02387,-0.03243,-0.00000
512.50000,205.04000,0.06130,0.32799,-0.02715,-0.03753,-0.00000
512.60000,205.08000,0.05993,0.33217,-0.03043,-0.04231,0.00000
512.70000,205.12000,0.05832,0.33615,-0.03370,-0.04664,-0.00000
512.80000,205.16000,0.05646,0.33996,-0.03693,-0.05036,0.00000
512.90000,205.20000,0.05437,0.34364,-0.04006,-0.05327,0.00000
513.00000,205.24000,0.05205,0.34723,-0.04306,-0.05520,0.00000
513.10000,205.28000,0.04951,0.35077,-0.04587,-0.05598,0.00000
513.20000,205.32000,0.04676,0.35432,-0.04843,-0.05546,0.00000
513.30000,205.36000,0.04381,0.35792,-0.05069,-0.05354,-0.00000
513.40000,205.40000,0.04067,0.36161,-0.05261,-0.05015,-0.00000
513.50000,205.44000,0.03735,0.36543,-0.05415,-0.04530,0.00000
513.60000,205.48000,0.03387,0.36940,-0.05531,-0.03904,0.00000
513.70000,205.52000,0.03025,0.37354,-0.05606,-0.03149,-0.00000
513.80000,205.56000,0.02649,0.37786,-0.05643,-0.02284,0.00000
513.90000,205.60000,0.02263,0.38235,-0.05644,-0.01333,0.00000
514.00000,205.64000,0.01869,0.38699,-0.05612,-0.00322,0.00000
514.10000,205.68000,0.01468,0.39175,-0.05551,0.00715,0.00000
514.20000,205.72000,0.01064,0.39659,-0.05465,0.01746,0.00000
514.30000,205.76000,0.00659,0.40143,-0.05359,0.02738,0.00000
514.40000,205.80000,0.00256,0.40621,-0.05238,0.03659,0.00000
514.50000,205.84000,-0.00142,0.41084,-0.05103,0.04479,0.00000
514.60000,205.88000,-0.00533,0.41522,-0.04957,0.05173,0.00000
514.70000,205.92000,-0.00914,0.41926,-0.04801,0.05722,0.00000
514.80000,205.96000,-0.01283,0.42285,-0.04633,0.06112,-0.00000
514.90000,206.00000,-0.01638,0.42587,-0.04451,0.06336,0.00000
515.00000,206.04000,-0.01977,0.42822,-0.04252,0.06393,0.00000
515.10000,206.08000,-0.02298,0.42978,-0.04032,0.06289,0.00000
515.20000,206.12000,-0.02600,0.43046,-0.03785,0.06035,0.00000
515.30000,206.16000,-0.02883,0.43016,-0.03508,0.05648,0.00000
515.40000,206.20000,-0.03146,0.42879,-0.03197,0.05147,0.00000
515.50000,206.24000,-0.03388,0.42629,-0.02849,0.04556,-0.00000
515.60000,206.28000,-0.03611,0.42259,-0.02463,0.03899,0.00000
515.70000,206.32000,-0.03814,0.41765,-0.02042,0.03202,0.00000
515.80000,206.36000,-0.03998,0.41145,-0.01587,0.02486,-0.00000
515.90000,206.40000,-0.04164,0.40399,-0.01104,0.01776,0.00000
516.00000,206.44000,-0.04313,0.39527,-0.00603,0.01089,0.00000
516.10000,206.48000,-0.04446,0.38532,-0.00092,0.00443,-0.00000
516.20000,206.52000,-0.04564,0.37419,0.00417,-0.00151,0.00000
516.30000,206.56000,-0.04666,0.36194,0.00911,-0.00683,0.00000
516.40000,206.60000,-0.04755,0.34865,0.01379,-0.01149,0.00000
516.50000,206.64000,-0.04830,0.33443,0.01808,-0.01548,0.00000
516.60000,206.68000,-0.04892,0.31938,0.02187,-0.01880,0.00000
516.70000,206.72000,-0.04941,0.30362,0.02508,-0.02150,0.00000
516.80000,206.76000,-0.04977,0.28728,0.02763,-0.02365,0.00000
516.90000,206.80000,-0.04999,0.27051,0.02949,-0.02531,0.00000
517.00000,206.84000,-0.05007,0.25346,0.03066,-0.02659,-0.00000
517.10000,206.88000,-0.05000,0.23628,0.03116,-0.02757,0.00000
517.20000,206.92000,-0.04978,0.21913,0.03105,-0.02833,0.00000
517.30000,206.96000,-0.04940,0.20217,0.03041,-0.02897,-0.00000
517.40000,207.00000,-0.04884,0.18556,0.02934,-0.02954,0.00000
517.50000,207.04000,-0.04810,0.16945,0.02798,-0.03012,-0.00000
517.60000,207.08000,-0.04717,0.15399,0.02645,-0.03074,0.00000
517.70000,207.12000,-0.04605,0.13935,0.02488,-0.03144,-0.00000
517.80000,207.16000,-0.04473,0.12564,0.02342,-0.03222,0.00000
517.90000,207.20000,-0.04319,0.11301,0.02217,-0.03308,0.00000
518.00000,207.24000,-0.04145,0.10157,0.02123,-0.03399,-0.00000
518.10000,207.28000,-0.03949,0.09143,0.02069,-0.03493,-0.00000
518.20000,207.32000,-0.03732,0.08268,0.02060,-0.03584,0.00000
518.30000,207.36000,-0.03494,0.07542,0.02100,-0.03667,-0.00000
518.40000,207.40000,-0.03235,0.06970,0.02189,-0.03735,0.00000
518.50000,207.44000,-0.02956,0.06558,0.02326,-0.03780,0.00000
518.60000,207.48000,-0.02658,0.06309,0.02508,-0.03795,0.00000
518.70000,207.52000,-0.02340,0.06228,0.02731,-0.03775,0.00000
518.80000,207.56000,-0.02005,0.06314,0.02990,-0.03711,0.00000
518.90000,207.60000,-0.01654,0.06569,0.03279,-0.03599,-0.00000
519.00000,207.64000,-0.01287,0.06990,0.03593,-0.03435,-0.00000
519.10000,207.68000,-0.00906,0.07575,0.03927,-0.03216,0.00000
519.20000,207.72000,-0.00514,0.08321,0.04276,-0.02943,0.00000
519.30000,207.76000,-0.00110,0.09224,0.04637,-0.02615,0.00000
519.40000,207.80000,0.00301,0.10279,0.05006,-0.02238,0.00000
519.50000,207.84000,0.00720,0.11478,0.05381,-0.01816,-0.00000
519.60000,207.88000,0.01143,0.12814,0.05760,-0.01356,0.00000
519.70000,207.92000,0.01568,0.14281,0.06140,-0.00869,0.00000
519.80000,207.96000,0.01994,0.15868,0.06518,-0.00363,0.00000
519.90000,208.00000,0.02417,0.17566,0.06890,0.00150,0.00000
520.00000,208.04000,0.02835,0.19365,0.07252,0.00658,0.00000
520.10000,208.08000,0.03246,0.21253,0.07596,0.01152,0.00000
520.20000,208.12000,0.03646,0.23219,0.07916,0.01621,-0.00000
520.30000,208.16000,0.04033,0.25248,0.08202,0.02055,0.00000
520.40000,208.20000,0.04404,0.27327,0.08442,0.02449,0.00000
520.50000,208.24000,0.04756,0.29442,0.08626,0.02796,0.00000
520.60000,208.28000,0.05086,0.31576,0.08741,0.03094,0.00000
520.70000,208.32000,0.05390,0.33714,0.08774,0.03342,-0.00000
520.80000,208.36000,0.05666,0.35839,0.08713,0.03542,0.00000
520.90000,208.40000,0.05911,0.37935,0.08549,0.03697,0.00000
521.00000,208.44000,0.06121,0.39984,0.08272,0.03812,-0.00000
521.10000,208.48000,0.06294,0.41970,0.07876,0.03892,0.00000
521.20000,208.52000,0.06427,0.43875,0.07357,0.03944,0.00000
521.30000,208.56000,0.06519,0.45684,0.06715,0.03975,-0.00000
521.40000,208.60000,0.06565,0.47381,0.05952,0.03991,0.00000
521.50000,208.64000,0.06566,0.48952,0.05075,0.03994,0.00000
521.60000,208.68000,0.06520,0.50384,0.04093,0.03990,0.00000
521.70000,208.72000,0.06424,0.51665,0.03017,0.03979,-0.00000
521.80000,208.76000,0.06280,0.52784,0.01862,0.03960,0.00000
521.90000,208.80000,0.06086,0.53734,0.00642,0.03931,0.00000
522.00000,208.84000,0.05843,0.54508,-0.00626,0.03887,-0.00000
522.10000,208.88000,0.05553,0.55101,-0.01926,0.03823,-0.00000
522.20000,208.92000,0.05216,0.55511,-0.03241,0.03733,0.00000
522.30000,208.96000,0.04834,0.55736,-0.04556,0.03608,0.00000
522.40000,209.00000,0.04411,0.55778,-0.05857,0.03444,0.00000
522.50000,209.04000,0.03949,0.55640,-0.07133,0.03233,0.00000
522.60000,209.08000,0.03451,0.55325,-0.08372,0.02972,-0.00000
522.70000,209.12000,0.02922,0.54839,-0.09567,0.02658,0.00000
522.80000,209.16000,0.02366,0.54190,-0.10709,0.02291,0.00000
522.90000,209.20000,0.01788,0.53387,-0.11794,0.01874,0.00000
523.00000,209.24000,0.01191,0.52438,-0.12817,0.01411,0.00000
523.10000,209.28000,0.00582,0.51354,-0.13773,0.00909,-0.00000
523.20000,209.32000,-0.00035,0.50147,-0.14659,0.00379,-0.00000
523.30000,209.36000,-0.00655,0.48828,-0.15469,-0.00169,0.00000
523.40000,209.40000,-0.01272,0.47410,-0.16199,-0.00721,0.00000
523.50000,209.44000,-0.01883,0.45905,-0.16841,-0.01266,0.00000
523.60000,209.48000,-0.02481,0.44328,-0.17390,-0.01789,-0.00000
523.70000,209.52000,-0.03064,0.42691,-0.17834,-0.02280,0.00000
523.80000,209.56000,-0.03626,0.41008,-0.18166,-0.02727,0.00000
523.90000,209.60000,-0.04163,0.39294,-0.18375,-0.03121,0.00000
524.00000,209.64000,-0.04673,0.37560,-0.18450,-0.03456,0.00000
524.10000,209.68000,-0.05153,0.35822,-0.18380,-0.03728,-0.00000
524.20000,209.72000,-0.05598,0.34091,-0.18156,-0.03937,-0.00000
524.30000,209.76000,-0.06008,0.32382,-0.17768,-0.04082,0.00000
524.40000,209.80000,-0.06380,0.30705,-0.17211,-0.04167,0.00000
524.50000,209.84000,-0.06712,0.29073,-0.16480,-0.04199,-0.00000
524.60000,209.88000,-0.07002,0.27496,-0.15574,-0.04184,-0.00000
524.70000,209.92000,-0.07251,0.25984,-0.14493,-0.04129,0.00000
524.80000,209.96000,-0.07456,0.24546,-0.13244,-0.04043,0.00000
524.90000,210.00000,-0.07617,0.23188,-0.11834,-0.03934,-0.00000
525.00000,210.04000,-0.07734,0.21918,-0.10275,-0.03808,0.00000
525.10000,210.08000,-0.07806,0.20740,-0.08582,-0.03672,0.00000
525.20000,210.12000,-0.07832,0.19658,-0.06773,-0.03529,0.00000
525.30000,210.16000,-0.07814,0.18674,-0.04869,-0.03381,0.00000
525.40000,210.20000,-0.07751,0.17789,-0.02891,-0.03229,0.00000
525.50000,210.24000,-0.07643,0.17004,-0.00864,-0.03071,-0.00000
525.60000,210.28000,-0.07490,0.16318,0.01188,-0.02905,0.00000
525.70000,210.32000,-0.07293,0.15727,0.03239,-0.02726,0.00000
525.80000,210.36000,-0.07052,0.15230,0.05264,-0.02528,0.00000
525.90000,210.40000,-0.06766,0.14823,0.07238,-0.02305,0.00000
526.00000,210.44000,-0.06438,0.14502,0.09138,-0.02054,0.00000
526.10000,210.48000,-0.06068,0.14263,0.10941,-0.01768,0.00000
526.20000,210.52000,-0.05656,0.14101,0.12627,-0.01443,0.00000
526.30000,210.56000,-0.05203,0.14012,0.14178,-0.01078,0.00000
526.40000,210.60000,-0.04711,0.13990,0.15577,-0.00672,-0.00000
526.50000,210.64000,-0.04181,0.14033,0.16812,-0.00227,0.00000
526.60000,210.68000,-0.03615,0.14135,0.17871,0.00253,-0.00000
526.70000,210.72000,-0.03015,0.14293,0.18748,0.00763,0.00000
526.80000,210.76000,-0.02383,0.14504,0.19438,0.01293,0.00000
526.90000,210.80000,-0.01722,0.14763,0.19939,0.01836,0.00000
527.00000,210.84000,-0.01035,0.15069,0.20252,0.02380,0.00000
527.10000,210.88000,-0.00324,0.15418,0.20382,0.02912,0.00000
527.20000,210.92000,0.00406,0.15808,0.20335,0.03421,0.00000
527.30000,210.96000,0.01152,0.16236,0.20121,0.03894,0.00000
527.40000,211.00000,0.01910,0.16700,0.19752,0.04321,0.00000
527.50000,211.04000,0.02674,0.17197,0.19241,0.04690,-0.00000
527.60000,211.08000,0.03440,0.17726,0.18601,0.04994,0.00000
527.70000,211.12000,0.04203,0.18285,0.17851,0.05225,0.00000
527.80000,211.16000,0.04958,0.18870,0.17004,0.05378,0.00000
527.90000,211.20000,0.05699,0.19481,0.16078,0.05452,0.00000
528.00000,211.24000,0.06420,0.20114,0.15087,0.05444,0.00000
528.10000,211.28000,0.07117,0.20768,0.14046,0.05358,-0.00000
528.20000,211.32000,0.07783,0.21440,0.12967,0.05197,0.00000
528.30000,211.36000,0.08413,0.22130,0.11862,0.04965,0.00000
528.40000,211.40000,0.09001,0.22833,0.10738,0.04669,0.00000
528.50000,211.44000,0.09542,0.23550,0.09603,0.04316,0.00000
528.60000,211.48000,0.10031,0.24279,0.08461,0.03912,-0.00000
528.70000,211.52000,0.10464,0.25017,0.07315,0.03464,0.00000
528.80000,211.56000,0.10836,0.25764,0.06165,0.02978,0.00000
528.90000,211.60000,0.11143,0.26519,0.05011,0.02459,0.00000
529.00000,211.64000,0.11381,0.27281,0.03850,0.01912,0.00000
529.10000,211.68000,0.11548,0.28047,0.02682,0.01339,0.00000
529.20000,211.72000,0.11642,0.28819,0.01505,0.00741,-0.00000
529.30000,211.76000,0.11660,0.29593,0.00316,0.00121,0.00000
529.40000,211.80000,0.11601,0.30369,-0.00885,-0.00521,0.00000
529.50000,211.84000,0.11466,0.31146,-0.02096,-0.01185,0.00000
529.60000,211.88000,0.11252,0.31920,-0.03315,-0.01869,0.00000
529.70000,211.92000,0.10963,0.32691,-0.04538,-0.02571,0.00000
529.80000,211.96000,0.10598,0.33455,-0.05758,-0.03287,-0.00000
529.90000,212.00000,0.10160,0.34210,-0.06969,-0.04009,0.00000
530.00000,212.04000,0.09651,0.34952,-0.08162,-0.04730,0.00000
530.10000,212.08000,0.09075,0.35677,-0.09325,-0.05437,0.00000
530.20000,212.12000,0.08435,0.36381,-0.10448,-0.06115,0.00000
530.30000,212.16000,0.07736,0.37059,-0.11521,-0.06747,0.00000
530.40000,212.20000,0.06982,0.37707,-0.12530,-0.07312,0.00000
530.50000,212.24000,0.06178,0.38320,-0.13467,-0.07791,-0.00000
530.60000,212.28000,0.05330,0.38893,-0.14320,-0.08159,0.00000
530.70000,212.32000,0.04444,0.39421,-0.15080,-0.08397,0.00000
530.80000,212.36000,0.03525,0.39899,-0.15740,-0.08484,0.00000
530.90000,212.40000,0.02581,0.40324,-0.16294,-0.08402,0.00000
531.00000,212.44000,0.01617,0.40691,-0.16735,-0.08140,0.00000
531.10000,212.48000,0.00641,0.40997,-0.17060,-0.07689,0.00000
531.20000,212.52000,-0.00342,0.41240,-0.17267,-0.07048,0.00000
531.30000,212.56000,-0.01325,0.41416,-0.17352,-0.06222,0.00000
531.40000,212.60000,-0.02302,0.41527,-0.17315,-0.05224,-0.00000
531.50000,212.64000,-0.03265,0.41571,-0.17156,-0.04073,0.00000
531.60000,212.68000,-0.04210,0.41548,-0.16874,-0.02796,0.00000
531.70000,212.72000,-0.05130,0.41462,-0.16470,-0.01425,-0.00000
531.80000,212.76000,-0.06020,0.41313,-0.15945,0.00002,-0.00000
531.90000,212.80000,-0.06875,0.41105,-0.15300,0.01446,0.00000
532.00000,212.84000,-0.07690,0.40842,-0.14538,0.02866,-0.00000
532.10000,212.88000,-0.08460,0.40529,-0.13661,0.04219,-0.00000
532.20000,212.92000,-0.09182,0.40170,-0.12673,0.05469,0.00000
532.30000,212.96000,-0.09853,0.39771,-0.11581,0.06580,0.00000
532.40000,213.00000,-0.10468,0.39337,-0.10391,0.07524,-0.00000
532.50000,213.04000,-0.11025,0.38875,-0.09112,0.08281,-0.00000
532.60000,213.08000,-0.11523,0.38389,-0.07755,0.08837,0.00000
532.70000,213.12000,-0.11959,0.37885,-0.06334,0.09188,0.00000
532.80000,213.16000,-0.12332,0.37368,-0.04862,0.09340,0.00000
532.90000,213.20000,-0.12641,0.36843,-0.03356,0.09304,0.00000
533.00000,213.24000,-0.12886,0.36314,-0.01835,0.09100,0.00000
533.10000,213.28000,-0.13066,0.35785,-0.00316,0.08753,0.00000
533.20000,213.32000,-0.13182,0.35259,0.01182,0.08292,-0.00000
533.30000,213.36000,-0.13234,0.34739,0.02639,0.07749,0.00000
533.40000,213.40000,-0.13222,0.34226,0.04037,0.07153,0.00000
533.50000,213.44000,-0.13148,0.33722,0.05359,0.06533,0.00000
533.60000,213.48000,-0.13013,0.33229,0.06591,0.05914,-0.00000
533.70000,213.52000,-0.12818,0.32745,0.07720,0.05315,0.00000
533.80000,213.56000,-0.12566,0.32272,0.08736,0.04749,0.00000
533.90000,213.60000,-0.12257,0.31809,0.09632,0.04222,0.00000
534.00000,213.64000,-0.11893,0.31356,0.10404,0.03734,0.00000
534.10000,213.68000,-0.11478,0.30912,0.11050,0.03278,0.00000
534.20000,213.72000,-0.11012,0.30477,0.11573,0.02840,0.00000
534.30000,213.76000,-0.10498,0.30051,0.11977,0.02404,0.00000
534.40000,213.80000,-0.09939,0.29633,0.12267,0.01953,0.00000
534.50000,213.84000,-0.09338,0.29223,0.12450,0.01466,0.00000
534.60000,213.88000,-0.08695,0.28822,0.12536,0.00926,0.00000
534.70000,213.92000,-0.08016,0.28428,0.12534,0.00320,0.00000
534.80000,213.96000,-0.07301,0.28043,0.12451,-0.00362,0.00000
534.90000,214.00000,-0.06555,0.27667,0.12299,-0.01123,0.00000
535.00000,214.04000,-0.05779,0.27301,0.12084,-0.01959,0.00000
535.10000,214.08000,-0.04978,0.26945,0.11814,-0.02859,0.00000
535.20000,214.12000,-0.04154,0.26601,0.11496,-0.03806,-0.00000
535.30000,214.16000,-0.03311,0.26270,0.11137,-0.04775,0.00000
535.40000,214.20000,-0.02450,0.25951,0.10740,-0.05739,0.00000
535.50000,214.24000,-0.01577,0.25647,0.10310,-0.06667,-0.00000
535.60000,214.28000,-0.00693,0.25358,0.09853,-0.07527,0.00000
535.70000,214.32000,0.00199,0.25085,0.09370,-0.08287,0.00000
535.80000,214.36000,0.01094,0.24828,0.08867,-0.08919,0.00000
535.90000,214.40000,0.01991,0.24589,0.08346,-0.09401,0.00000
536.00000,214.44000,0.02886,0.24368,0.07811,-0.09714,-0.00000
536.10000,214.48000,0.03777,0.24166,0.07265,-0.09849,-0.00000
536.20000,214.52000,0.04661,0.23984,0.06713,-0.09804,-0.00000
536.30000,214.56000,0.05535,0.23822,0.06157,-0.09585,0.00000
536.40000,214.60000,0.06397,0.23682,0.05599,-0.09206,0.00000
536.50000,214.64000,0.07244,0.23565,0.05042,-0.08687,0.00000
536.60000,214.68000,0.08073,0.23473,0.04486,-0.08052,-0.00000
536.70000,214.72000,0.08882,0.23407,0.03933,-0.07331,-0.00000
536.80000,214.76000,0.09668,0.23368,0.03380,-0.06554,-0.00000
536.90000,214.80000,0.10427,0.23359,0.02825,-0.05751,0.00000
537.00000,214.84000,0.11157,0.23380,0.02265,-0.04951,0.00000
537.10000,214.88000,0.11853,0.23435,0.01695,-0.04179,0.00000
537.20000,214.92000,0.12513,0.23525,0.01112,-0.03454,0.00000
537.30000,214.96000,0.13131,0.23651,0.00509,-0.02790,0.00000
537.40000,215.00000,0.13705,0.23814,-0.00117,-0.02195,-0.00000
537.50000,215.04000,0.14228,0.24016,-0.00770,-0.01671,0.00000
537.60000,215.08000,0.14697,0.24255,-0.01453,-0.01214,0.00000
537.70000,215.12000,0.15106,0.24532,-0.02167,-0.00815,0.00000
537.80000,215.16000,0.15450,0.24844,-0.02910,-0.00463,0.00000
537.90000,215.20000,0.15724,0.25191,-0.03677,-0.00143,0.00000
538.00000,215.24000,0.15923,0.25568,-0.04464,0.00161,0.00000
538.10000,215.28000,0.16042,0.25972,-0.05260,0.00464,0.00000
538.20000,215.32000,0.16076,0.26398,-0.06055,0.00778,-0.00000
538.30000,215.36000,0.16022,0.26840,-0.06837,0.01115,-0.00000
538.40000,215.40000,0.15875,0.27292,-0.07590,0.01480,0.00000
538.50000,215.44000,0.15633,0.27746,-0.08300,0.01878,0.00000
538.60000,215.48000,0.15293,0.28196,-0.08953,0.02306,0.00000
538.70000,215.52000,0.14854,0.28633,-0.09534,0.02761,0.00000
538.80000,215.56000,0.14316,0.29049,-0.10032,0.03235,0.00000
538.90000,215.60000,0.13680,0.29438,-0.10435,0.03719,-0.00000
539.00000,215.64000,0.12946,0.29791,-0.10737,0.04200,0.00000
539.10000,215.68000,0.12118,0.30102,-0.10932,0.04668,0.00000
539.20000,215.72000,0.11198,0.30366,-0.11021,0.05113,0.00000
539.30000,215.76000,0.10193,0.30578,-0.11005,0.05524,0.00000
539.40000,215.80000,0.09108,0.30734,-0.10889,0.05895,0.00000
539.50000,215.84000,0.07949,0.30832,-0.10681,0.06220,0.00000
539.60000,215.88000,0.06725,0.30872,-0.10389,0.06497,0.00000
539.70000,215.92000,0.05443,0.30854,-0.10025,0.06725,0.00000
539.80000,215.96000,0.04113,0.30781,-0.09601,0.06905,0.00000
539.90000,216.00000,0.02745,0.30657,-0.09126,0.07039,0.00000
540.00000,216.04000,0.01349,0.30488,-0.08613,0.07131,0.00000
540.10000,216.08000,-0.00065,0.30279,-0.08069,0.07183,0.00000
540.20000,216.12000,-0.01486,0.30039,-0.07501,0.07198,0.00000
540.30000,216.16000,-0.02901,0.29777,-0.06914,0.07175,0.00000
540.40000,216.20000,-0.04302,0.29501,-0.06311,0.07115,0.00000
540.50000,216.24000,-0.05675,0.29222,-0.05692,0.07015,0.00000
540.60000,216.28000,-0.07011,0.28949,-0.05055,0.06872,0.00000
540.70000,216.32000,-0.08298,0.28692,-0.04397,0.06681,0.00000
540.80000,216.36000,-0.09527,0.28461,-0.03716,0.06438,0.00000
540.90000,216.40000,-0.10688,0.28266,-0.03007,0.06138,0.00000
541.00000,216.44000,-0.11772,0.28113,-0.02267,0.05779,0.00000
541.10000,216.48000,-0.12769,0.28009,-0.01495,0.05360,0.00000
541.20000,216.52000,-0.13674,0.27963,-0.00690,0.04884,0.00000
541.30000,216.56000,-0.14478,0.27976,0.00144,0.04356,0.00000
541.40000,216.60000,-0.15176,0.28054,0.01004,0.03786,0.00000
541.50000,216.64000,-0.15762,0.28198,0.01883,0.03186,-0.00000
541.60000,216.68000,-0.16234,0.28409,0.02770,0.02574,0.00000
541.70000,216.72000,-0.16588,0.28686,0.03653,0.01967,0.00000
541.80000,216.76000,-0.16823,0.29027,0.04521,0.01385,0.00000
541.90000,216.80000,-0.16938,0.29429,0.05358,0.00848,-0.00000
542.00000,216.84000,-0.16933,0.29887,0.06151,0.00373,0.00000
542.10000,216.88000,-0.16810,0.30396,0.06886,-0.00022,0.00000
542.20000,216.92000,-0.16572,0.30949,0.07550,-0.00327,0.00000
542.30000,216.96000,-0.16222,0.31540,0.08133,-0.00536,0.00000
542.40000,217.00000,-0.15766,0.32161,0.08627,-0.00650,0.00000
542.50000,217.04000,-0.15208,0.32804,0.09026,-0.00675,0.00000
542.60000,217.08000,-0.14556,0.33461,0.09327,-0.00626,-0.00000
542.70000,217.12000,-0.13815,0.34123,0.09531,-0.00522,0.00000
542.80000,217.16000,-0.12994,0.34781,0.09642,-0.00389,-0.00000
542.90000,217.20000,-0.12102,0.35427,0.09663,-0.00257,0.00000
543.00000,217.24000,-0.11146,0.36053,0.09603,-0.00158,0.00000
543.10000,217.28000,-0.10135,0.36650,0.09470,-0.00125,0.00000
543.20000,217.32000,-0.09080,0.37210,0.09273,-0.00188,0.00000
543.30000,217.36000,-0.07989,0.37726,0.09020,-0.00375,0.00000
543.40000,217.40000,-0.06872,0.38191,0.08721,-0.00708,0.00000
543.50000,217.44000,-0.05738,0.38599,0.08381,-0.01200,0.00000
543.60000,217.48000,-0.04597,0.38944,0.08007,-0.01859,0.00000
543.70000,217.52000,-0.03457,0.39220,0.07604,-0.02682,0.00000
543.80000,217.56000,-0.02328,0.39423,0.07172,-0.03656,0.00000
543.90000,217.60000,-0.01219,0.39550,0.06714,-0.04761,0.00000
544.00000,217.64000,-0.00137,0.39598,0.06229,-0.05967,0.00000
544.10000,217.68000,0.00909,0.39565,0.05715,-0.07240,0.00000
544.20000,217.72000,0.01913,0.39450,0.05171,-0.08538,0.00000
544.30000,217.76000,0.02866,0.39253,0.04596,-0.09820,0.00000
544.40000,217.80000,0.03763,0.38974,0.03988,-0.11040,0.00000
544.50000,217.84000,0.04598,0.38615,0.03346,-0.12156,0.00000
544.60000,217.88000,0.05366,0.38179,0.02674,-0.13130,0.00000
544.70000,217.92000,0.06063,0.37667,0.01973,-0.13928,-0.00000
544.80000,217.96000,0.06685,0.37085,0.01249,-0.14521,0.00000
544.90000,218.00000,0.07230,0.36437,0.00508,-0.14891,0.00000
545.00000,218.04000,0.07695,0.35727,-0.00243,-0.15026,-0.00000
545.10000,218.08000,0.08080,0.34962,-0.00994,-0.14921,0.00000
545.20000,218.12000,0.08384,0.34148,-0.01734,-0.14582,0.00000
545.30000,218.16000,0.08608,0.33291,-0.02454,-0.14019,0.00000
545.40000,218.20000,0.08754,0.32399,-0.03144,-0.13248,0.00000
545.50000,218.24000,0.08823,0.31479,-0.03795,-0.12291,0.00000
545.60000,218.28000,0.08820,0.30539,-0.04397,-0.11172,0.00000
545.70000,218.32000,0.08748,0.29587,-0.04946,-0.09917,0.00000
545.80000,218.36000,0.08611,0.28630,-0.05435,-0.08553,0.00000
545.90000,218.40000,0.08414,0.27677,-0.05863,-0.07104,0.00000
546.00000,218.44000,0.08164,0.26736,-0.06228,-0.05597,-0.00000
546.10000,218.48000,0.07865,0.25816,-0.06531,-0.04053,0.00000
546.20000,218.52000,0.07525,0.24925,-0.06774,-0.02493,-0.00000
546.30000,218.56000,0.07149,0.24072,-0.06962,-0.00935,0.00000
546.40000,218.60000,0.06745,0.23263,-0.07099,0.00605,0.00000
546.50000,218.64000,0.06318,0.22507,-0.07189,0.02112,0.00000
546.60000,218.68000,0.05876,0.21812,-0.07236,0.03574,0.00000
546.70000,218.72000,0.05424,0.21184,-0.07245,0.04977,0.00000
546.80000,218.76000,0.04969,0.20629,-0.07218,0.06310,0.00000
546.90000,218.80000,0.04516,0.20153,-0.07157,0.07560,-0.00000
547.00000,218.84000,0.04071,0.19761,-0.07062,0.08715,-0.00000
547.10000,218.88000,0.03638,0.19457,-0.06932,0.09761,0.00000
547.20000,218.92000,0.03223,0.19244,-0.06766,0.10687,-0.00000
547.30000,218.96000,0.02828,0.19123,-0.06559,0.11480,-0.00000
547.40000,219.00000,0.02457,0.19096,-0.06308,0.12130,0.00000
547.50000,219.04000,0.02113,0.19161,-0.06009,0.12627,0.00000
547.60000,219.08000,0.01798,0.19319,-0.05659,0.12965,0.00000
547.70000,219.12000,0.01514,0.19565,-0.05254,0.13140,0.00000
547.80000,219.16000,0.01263,0.19896,-0.04792,0.13151,-0.00000
547.90000,219.20000,0.01045,0.20308,-0.04275,0.13002,0.00000
548.00000,219.24000,0.00861,0.20795,-0.03702,0.12702,0.00000
548.10000,219.28000,0.00710,0.21351,-0.03079,0.12261,0.00000
548.20000,219.32000,0.00592,0.21968,-0.02411,0.11697,0.00000
548.30000,219.36000,0.00507,0.22640,-0.01705,0.11026,0.00000
548.40000,219.40000,0.00453,0.23359,-0.00972,0.10272,0.00000
548.50000,219.44000,0.00428,0.24117,-0.00223,0.09455,0.00000
548.60000,219.48000,0.00431,0.24905,0.00530,0.08599,0.00000
548.70000,219.52000,0.00460,0.25717,0.01274,0.07727,0.00000
548.80000,219.56000,0.00512,0.26544,0.01994,0.06860,-0.00000
548.90000,219.60000,0.00585,0.27379,0.02680,0.06016,0.00000
549.00000,219.64000,0.00676,0.28214,0.03318,0.05211,0.00000
549.10000,219.68000,0.00781,0.29044,0.03898,0.04456,0.00000
549.20000,219.72000,0.00897,0.29861,0.04412,0.03760,0.00000
549.30000,219.76000,0.01022,0.30660,0.04852,0.03127,0.00000
549.40000,219.80000,0.01151,0.31436,0.05214,0.02556,0.00000
549.50000,219.84000,0.01279,0.32182,0.05495,0.02046,-0.00000
549.60000,219.88000,0.01405,0.32896,0.05697,0.01591,0.00000
549.70000,219.92000,0.01522,0.33571,0.05820,0.01183,0.00000
549.80000,219.96000,0.01629,0.34204,0.05870,0.00815,0.00000
549.90000,220.00000,0.01719,0.34792,0.05852,0.00477,0.00000
550.00000,220.04000,0.01791,0.35331,0.05774,0.00161,0.00000
550.10000,220.08000,0.01839,0.35819,0.05642,-0.00141,-0.00000
550.20000,220.12000,0.01862,0.36252,0.05466,-0.00434,-0.00000
550.30000,220.16000,0.01855,0.36628,0.05254,-0.00724,0.00000
550.40000,220.20000,0.01817,0.36946,0.05013,-0.01012,0.00000
550.50000,220.24000,0.01744,0.37204,0.04751,-0.01299,0.00000
550.60000,220.28000,0.01636,0.37402,0.04472,-0.01586,0.00000
550.70000,220.32000,0.01492,0.37540,0.04183,-0.01869,0.00000
550.80000,220.36000,0.01311,0.37617,0.03885,-0.02146,0.00000
550.90000,220.40000,0.01093,0.37635,0.03580,-0.02414,0.00000
551.00000,220.44000,0.00840,0.37594,0.03269,-0.02669,0.00000
551.10000,220.48000,0.00553,0.37498,0.02951,-0.02908,0.00000
551.20000,220.52000,0.00235,0.37348,0.02622,-0.03127,0.00000
551.30000,220.56000,-0.00112,0.37148,0.02281,-0.03324,0.00000
551.40000,220.60000,-0.00484,0.36900,0.01922,-0.03498,0.00000
551.50000,220.64000,-0.00878,0.36609,0.01544,-0.03647,0.00000
551.60000,220.68000,-0.01288,0.36279,0.01142,-0.03773,0.00000
551.70000,220.72000,-0.01712,0.35913,0.00714,-0.03874,0.00000
551.80000,220.76000,-0.02143,0.35516,0.00259,-0.03951,0.00000
551.90000,220.80000,-0.02577,0.35092,-0.00225,-0.04006,0.00000
552.00000,220.84000,-0.03010,0.34645,-0.00736,-0.04040,0.00000
552.10000,220.88000,-0.03436,0.34180,-0.01270,-0.04055,0.00000
552.20000,220.92000,-0.03851,0.33700,-0.01823,-0.04051,0.00000
552.30000,220.96000,-0.04251,0.33209,-0.02387,-0.04032,0.00000
552.40000,221.00000,-0.04632,0.32712,-0.02953,-0.03998,0.00000
552.50000,221.04000,-0.04990,0.32211,-0.03512,-0.03952,0.00000
552.60000,221.08000,-0.05323,0.31710,-0.04052,-0.03898,-0.00000
552.70000,221.12000,-0.05627,0.31212,-0.04559,-0.03839,0.00000
552.80000,221.16000,-0.05901,0.30720,-0.05021,-0.03779,0.00000
552.90000,221.20000,-0.06142,0.30238,-0.05424,-0.03724,0.00000
553.00000,221.24000,-0.06350,0.29768,-0.05757,-0.03679,0.00000
553.10000,221.28000,-0.06523,0.29313,-0.06007,-0.03650,-0.00000
553.20000,221.32000,-0.06660,0.28876,-0.06165,-0.03643,0.00000
553.30000,221.36000,-0.06761,0.28458,-0.06223,-0.03662,0.00000
553.40000,221.40000,-0.06827,0.28064,-0.06176,-0.03712,0.00000
553.50000,221.44000,-0.06857,0.27694,-0.06021,-0.03796,0.00000
553.60000,221.48000,-0.06851,0.27352,-0.05759,-0.03914,-0.00000
553.70000,221.52000,-0.06810,0.27038,-0.05393,-0.04063,0.00000
553.80000,221.56000,-0.06735,0.26754,-0.04930,-0.04239,0.00000
553.90000,221.60000,-0.06627,0.26502,-0.04380,-0.04435,-0.00000
554.00000,221.64000,-0.06486,0.26282,-0.03752,-0.04639,-0.00000
554.10000,221.68000,-0.06312,0.26094,-0.03062,-0.04839,0.00000
554.20000,221.72000,-0.06108,0.25939,-0.02325,-0.05017,0.00000
554.30000,221.76000,-0.05874,0.25816,-0.01558,-0.05158,0.00000
554.40000,221.80000,-0.05610,0.25725,-0.00775,-0.05243,0.00000
554.50000,221.84000,-0.05318,0.25663,0.00005,-0.05256,0.00000
554.60000,221.88000,-0.05000,0.25631,0.00767,-0.05179,-0.00000
554.70000,221.92000,-0.04655,0.25625,0.01497,-0.05001,-0.00000
554.80000,221.96000,-0.04285,0.25644,0.02182,-0.04710,-0.00000
554.90000,222.00000,-0.03891,0.25686,0.02812,-0.04301,0.00000
555.00000,222.04000,-0.03475,0.25748,0.03380,-0.03773,0.00000
555.10000,222.08000,-0.03036,0.25828,0.03878,-0.03132,0.00000
555.20000,222.12000,-0.02578,0.25925,0.04304,-0.02388,-0.00000
555.30000,222.16000,-0.02100,0.26035,0.04658,-0.01556,0.00000
555.40000,222.20000,-0.01604,0.26157,0.04941,-0.00656,0.00000
555.50000,222.24000,-0.01091,0.26289,0.05155,0.00289,0.00000
555.60000,222.28000,-0.00563,0.26429,0.05306,0.01251,0.00000
555.70000,222.32000,-0.00022,0.26575,0.05399,0.02203,0.00000
555.80000,222.36000,0.00531,0.26727,0.05441,0.03118,-0.00000
555.90000,222.40000,0.01094,0.26881,0.05437,0.03969,0.00000
556.00000,222.44000,0.01663,0.27038,0.05394,0.04733,-0.00000
556.10000,222.48000,0.02238,0.27196,0.05317,0.05389,0.00000
556.20000,222.52000,0.02814,0.27353,0.05210,0.05924,0.00000
556.30000,222.56000,0.03389,0.27510,0.05078,0.06326,-0.00000
556.40000,222.60000,0.03959,0.27665,0.04922,0.06593,0.00000
556.50000,222.64000,0.04520,0.27817,0.04743,0.06726,0.00000
556.60000,222.68000,0.05069,0.27967,0.04542,0.06731,0.00000
556.70000,222.72000,0.05602,0.28112,0.04317,0.06620,0.00000
556.80000,222.76000,0.06113,0.28253,0.04066,0.06407,0.00000
556.90000,222.80000,0.06599,0.28390,0.03788,0.06112,0.00000
557.00000,222.84000,0.07054,0.28524,0.03480,0.05753,0.00000
557.10000,222.88000,0.07475,0.28653,0.03139,0.05350,0.00000
557.20000,222.92000,0.07857,0.28780,0.02765,0.04924,0.00000
557.30000,222.96000,0.08195,0.28905,0.02355,0.04491,0.00000
557.40000,223.00000,0.08487,0.29029,0.01911,0.04069,0.00000
557.50000,223.04000,0.08727,0.29154,0.01434,0.03672,-0.00000
557.60000,223.08000,0.08914,0.29283,0.00927,0.03309,0.00000
557.70000,223.12000,0.09045,0.29416,0.00393,0.02989,0.00000
557.80000,223.16000,0.09117,0.29556,-0.00160,0.02717,0.00000
557.90000,223.20000,0.09130,0.29705,-0.00727,0.02494,0.00000
558.00000,223.24000,0.09083,0.29866,-0.01298,0.02322,0.00000
558.10000,223.28000,0.08976,0.30040,-0.01865,0.02199,-0.00000
558.20000,223.32000,0.08810,0.30230,-0.02417,0.02123,-0.00000
558.30000,223.36000,0.08586,0.30437,-0.02945,0.02088,0.00000
558.40000,223.40000,0.08306,0.30663,-0.03439,0.02091,0.00000
558.50000,223.44000,0.07974,0.30909,-0.03889,0.02127,0.00000
558.60000,223.48000,0.07591,0.31175,-0.04287,0.02190,-0.00000
558.70000,223.52000,0.07163,0.31460,-0.04626,0.02273,0.00000
558.80000,223.56000,0.06692,0.31765,-0.04900,0.02372,0.00000
558.90000,223.60000,0.06184,0.32088,-0.05107,0.02477,0.00000
559.00000,223.64000,0.05643,0.32428,-0.05245,0.02581,0.00000
559.10000,223.68000,0.05074,0.32781,-0.05314,0.02674,-0.00000
559.20000,223.72000,0.04482,0.33146,-0.05317,0.02745,0.00000
559.30000,223.76000,0.03873,0.33519,-0.05261,0.02783,0.00000
559.40000,223.80000,0.03251,0.33897,-0.05150,0.02776,0.00000
559.50000,223.84000,0.02621,0.34275,-0.04994,0.02710,0.00000
559.60000,223.88000,0.01989,0.34649,-0.04803,0.02575,0.00000
559.70000,223.92000,0.01359,0.35014,-0.04586,0.02358,-0.00000
559.80000,223.96000,0.00736,0.35366,-0.04354,0.02051,0.00000
559.90000,224.00000,0.00124,0.35701,-0.04116,0.01647,0.00000
560.00000,224.04000,-0.00474,0.36012,-0.03883,0.01143,0.00000
560.10000,224.08000,-0.01053,0.36295,-0.03661,0.00540,0.00000
560.20000,224.12000,-0.01612,0.36546,-0.03458,-0.00156,-0.00000
560.30000,224.16000,-0.02146,0.36759,-0.03278,-0.00934,0.00000
560.40000,224.20000,-0.02653,0.36931,-0.03123,-0.01778,0.00000
560.50000,224.24000,-0.03133,0.37058,-0.02993,-0.02668,0.00000
560.60000,224.28000,-0.03583,0.37135,-0.02887,-0.03580,-0.00000
560.70000,224.32000,-0.04003,0.37160,-0.02799,-0.04485,-0.00000
560.80000,224.36000,-0.04391,0.37130,-0.02724,-0.05355,-0.00000
560.90000,224.40000,-0.04749,0.37042,-0.02655,-0.06159,-0.00000
561.00000,224.44000,-0.05075,0.36896,-0.02585,-0.06870,-0.00000
561.10000,224.48000,-0.05370,0.36690,-0.02505,-0.07461,0.00000
561.20000,224.52000,-0.05634,0.36424,-0.02406,-0.07909,0.00000
561.30000,224.56000,-0.05870,0.36100,-0.02283,-0.08197,0.00000
561.40000,224.60000,-0.06076,0.35718,-0.02127,-0.08315,-0.00000
561.50000,224.64000,-0.06254,0.35282,-0.01936,-0.08257,0.00000
561.60000,224.68000,-0.06406,0.34794,-0.01707,-0.08026,0.00000
561.70000,224.72000,-0.06531,0.34259,-0.01438,-0.07632,0.00000
561.80000,224.76000,-0.06630,0.33681,-0.01131,-0.07088,-0.00000
561.90000,224.80000,-0.06705,0.33067,-0.00791,-0.06417,-0.00000
562.00000,224.84000,-0.06755,0.32421,-0.00420,-0.05642,-0.00000
562.10000,224.88000,-0.06781,0.31752,-0.00027,-0.04789,-0.00000
562.20000,224.92000,-0.06784,0.31065,0.00381,-0.03888,-0.00000
562.30000,224.96000,-0.06762,0.30368,0.00797,-0.02966,0.00000
562.40000,225.00000,-0.06717,0.29669,0.01212,-0.02048,0.00000
562.50000,225.04000,-0.06648,0.28974,0.01619,-0.01157,0.00000
562.60000,225.08000,-0.06556,0.28292,0.02012,-0.00311,0.00000
562.70000,225.12000,-0.06440,0.27627,0.02384,0.00476,0.00000
562.80000,225.16000,-0.06300,0.26987,0.02732,0.01195,-0.00000
562.90000,225.20000,-0.06137,0.26377,0.03053,0.01841,0.00000
563.00000,225.24000,-0.05950,0.25803,0.03346,0.02414,0.00000
563.10000,225.28000,-0.05741,0.25267,0.03611,0.02918,0.00000
563.20000,225.32000,-0.05510,0.24773,0.03851,0.03359,0.00000
563.30000,225.36000,-0.05258,0.24323,0.04068,0.03742,0.00000
563.40000,225.40000,-0.04985,0.23918,0.04264,0.04075,-0.00000
563.50000,225.44000,-0.04693,0.23558,0.04443,0.04364,-0.00000
563.60000,225.48000,-0.04382,0.23242,0.04608,0.04612,0.00000
563.70000,225.52000,-0.04055,0.22968,0.04760,0.04820,0.00000
563.80000,225.56000,-0.03713,0.22735,0.04902,0.04986,0.00000
563.90000,225.60000,-0.03356,0.22537,0.05032,0.05106,-0.00000
564.00000,225.64000,-0.02988,0.22372,0.05150,0.05170,0.00000
564.10000,225.68000,-0.02608,0.22235,0.05255,0.05169,0.00000
564.20000,225.72000,-0.02219,0.22121,0.05342,0.05092,0.00000
564.30000,225.76000,-0.01822,0.22026,0.05408,0.04927,0.00000
564.40000,225.80000,-0.01419,0.21944,0.05448,0.04664,0.00000
564.50000,225.84000,-0.01012,0.21872,0.05460,0.04294,0.00000
564.60000,225.88000,-0.00601,0.21806,0.05438,0.03813,0.00000
564.70000,225.92000,-0.00189,0.21741,0.05379,0.03221,-0.00000
564.80000,225.96000,0.00223,0.21677,0.05282,0.02522,-0.00000
564.90000,226.00000,0.00632,0.21611,0.05145,0.01728,0.00000
565.00000,226.04000,0.01037,0.21543,0.04969,0.00854,0.00000
565.10000,226.08000,0.01436,0.21474,0.04757,-0.00079,0.00000
565.20000,226.12000,0.01828,0.21405,0.04510,-0.01045,0.00000
565.30000,226.16000,0.02209,0.21341,0.04235,-0.02015,0.00000
565.40000,226.20000,0.02577,0.21284,0.03935,-0.02958,0.00000
565.50000,226.24000,0.02931,0.21241,0.03617,-0.03843,0.00000
565.60000,226.28000,0.03268,0.21218,0.03286,-0.04640,0.00000
565.70000,226.32000,0.03586,0.21223,0.02947,-0.05320,0.00000
565.80000,226.36000,0.03883,0.21263,0.02605,-0.05859,-0.00000
565.90000,226.40000,0.04157,0.21346,0.02262,-0.06239,0.00000
566.00000,226.44000,0.04407,0.21482,0.01921,-0.06447,0.00000
566.10000,226.48000,0.04631,0.21678,0.01581,-0.06477,0.00000
566.20000,226.52000,0.04828,0.21944,0.01243,-0.06331,0.00000
566.30000,226.56000,0.04997,0.22286,0.00905,-0.06015,0.00000
566.40000,226.60000,0.05137,0.22711,0.00563,-0.05543,0.00000
566.50000,226.64000,0.05250,0.23224,0.00214,-0.04936,0.00000
566.60000,226.68000,0.05335,0.23831,-0.00145,-0.04217,-0.00000
566.70000,226.72000,0.05393,0.24533,-0.00517,-0.03414,-0.00000
566.80000,226.76000,0.05424,0.25332,-0.00903,-0.02554,-0.00000
566.90000,226.80000,0.05431,0.26228,-0.01304,-0.01667,0.00000
567.00000,226.84000,0.05414,0.27217,-0.01718,-0.00781,-0.00000
567.10000,226.88000,0.05376,0.28296,-0.02142,0.00078,0.00000
567.20000,226.92000,0.05318,0.29459,-0.02571,0.00886,-0.00000
567.30000,226.96000,0.05241,0.30698,-0.02998,0.01626,0.00000
567.40000,227.00000,0.05147,0.32004,-0.03414,0.02281,0.00000
567.50000,227.04000,0.05038,0.33366,-0.03808,0.02843,0.00000
567.60000,227.08000,0.04916,0.34772,-0.04171,0.03305,0.00000
567.70000,227.12000,0.04781,0.36209,-0.04492,0.03668,-0.00000
567.80000,227.16000,0.04634,0.37664,-0.04762,0.03933,0.00000
567.90000,227.20000,0.04477,0.39121,-0.04972,0.04109,0.00000
568.00000,227.24000,0.04310,0.40565,-0.05117,0.04202,0.00000
568.10000,227.28000,0.04132,0.41981,-0.05191,0.04226,0.00000
568.20000,227.32000,0.03945,0.43354,-0.05195,0.04191,0.00000
568.30000,227.36000,0.03748,0.44668,-0.05131,0.04110,0.00000
568.40000,227.40000,0.03540,0.45908,-0.05003,0.03997,0.00000
568.50000,227.44000,0.03322,0.47060,-0.04821,0.03861,-0.00000
568.60000,227.48000,0.03094,0.48110,-0.04593,0.03714,0.00000
568.70000,227.52000,0.02854,0.49047,-0.04334,0.03564,0.00000
568.80000,227.56000,0.02602,0.49858,-0.04056,0.03418,0.00000
568.90000,227.60000,0.02339,0.50533,-0.03773,0.03281,-0.00000
569.00000,227.64000,0.02064,0.51063,-0.03500,0.03154,0.00000
569.10000,227.68000,0.01777,0.51440,-0.03249,0.03040,0.00000
569.20000,227.72000,0.01479,0.51660,-0.03033,0.02936,0.00000
569.30000,227.76000,0.01170,0.51716,-0.02859,0.02841,0.00000
569.40000,227.80000,0.00850,0.51607,-0.02734,0.02750,0.00000
569.50000,227.84000,0.00521,0.51332,-0.02663,0.02659,0.00000
569.60000,227.88000,0.00183,0.50890,-0.02646,0.02561,-0.00000
569.70000,227.92000,-0.00162,0.50283,-0.02681,0.02451,0.00000
569.80000,227.96000,-0.00514,0.49516,-0.02764,0.02322,0.00000
569.90000,228.00000,-0.00870,0.48594,-0.02890,0.02168,0.00000
570.00000,228.04000,-0.01229,0.47522,-0.03051,0.01985,0.00000
570.10000,228.08000,-0.01589,0.46309,-0.03238,0.01767,0.00000
570.20000,228.12000,-0.01949,0.44963,-0.03442,0.01511,0.00000
570.30000,228.16000,-0.02306,0.43493,-0.03656,0.01216,0.00000
570.40000,228.20000,-0.02659,0.41911,-0.03872,0.00882,0.00000
570.50000,228.24000,-0.03005,0.40228,-0.04081,0.00509,0.00000
570.60000,228.28000,-0.03343,0.38455,-0.04279,0.00103,-0.00000
570.70000,228.32000,-0.03671,0.36606,-0.04461,-0.00333,0.00000
570.80000,228.36000,-0.03985,0.34692,-0.04622,-0.00790,-0.00000
570.90000,228.40000,-0.04285,0.32727,-0.04760,-0.01261,0.00000
571.00000,228.44000,-0.04569,0.30725,-0.04871,-0.01736,0.00000
571.10000,228.48000,-0.04833,0.28698,-0.04955,-0.02204,0.00000
571.20000,228.52000,-0.05077,0.26661,-0.05007,-0.02654,0.00000
571.30000,228.56000,-0.05297,0.24627,-0.05025,-0.03077,0.00000
571.40000,228.60000,-0.05492,0.22611,-0.05004,-0.03462,0.00000
571.50000,228.64000,-0.05660,0.20627,-0.04940,-0.03800,-0.00000
571.60000,228.68000,-0.05799,0.18687,-0.04827,-0.04083,0.00000
571.70000,228.72000,-0.05907,0.16808,-0.04658,-0.04308,0.00000
571.80000,228.76000,-0.05983,0.15002,-0.04426,-0.04471,0.00000
571.90000,228.80000,-0.06024,0.13283,-0.04123,-0.04570,-0.00000
572.00000,228.84000,-0.06029,0.11666,-0.03743,-0.04607,0.00000
572.10000,228.88000,-0.05997,0.10163,-0.03278,-0.04587,0.00000
572.20000,228.92000,-0.05926,0.08787,-0.02724,-0.04513,0.00000
572.30000,228.96000,-0.05815,0.07551,-0.02078,-0.04394,0.00000
572.40000,229.00000,-0.05665,0.06465,-0.01339,-0.04237,0.00000
572.50000,229.04000,-0.05473,0.05540,-0.00509,-0.04051,-0.00000
572.60000,229.08000,-0.05241,0.04784,0.00407,-0.03843,-0.00000
572.70000,229.12000,-0.04968,0.04206,0.01400,-0.03621,0.00000
572.80000,229.16000,-0.04655,0.03812,0.02460,-0.03391,-0.00000
572.90000,229.20000,-0.04303,0.03605,0.03574,-0.03158,0.00000
573.00000,229.24000,-0.03913,0.03588,0.04724,-0.02925,0.00000
573.10000,229.28000,-0.03487,0.03761,0.05895,-0.02692,0.00000
573.20000,229.32000,-0.03028,0.04124,0.07067,-0.02459,-0.00000
573.30000,229.36000,-0.02538,0.04672,0.08222,-0.02223,0.00000
573.40000,229.40000,-0.02021,0.05401,0.09343,-0.01979,-0.00000
573.50000,229.44000,-0.01479,0.06303,0.10410,-0.01723,0.00000
573.60000,229.48000,-0.00917,0.07369,0.11410,-0.01449,0.00000
573.70000,229.52000,-0.00340,0.08589,0.12329,-0.01153,0.00000
573.80000,229.56000,0.00249,0.09950,0.13156,-0.00829,0.00000
573.90000,229.60000,0.00844,0.11441,0.13882,-0.00476,0.00000
574.00000,229.64000,0.01440,0.13046,0.14502,-0.00092,0.00000
574.10000,229.68000,0.02033,0.14750,0.15011,0.00322,-0.00000
574.20000,229.72000,0.02616,0.16540,0.15407,0.00763,0.00000
574.30000,229.76000,0.03185,0.18397,0.15691,0.01224,0.00000
574.40000,229.80000,0.03736,0.20308,0.15862,0.01698,-0.00000
574.50000,229.84000,0.04262,0.22255,0.15923,0.02176,0.00000
574.60000,229.88000,0.04760,0.24224,0.15874,0.02645,0.00000
574.70000,229.92000,0.05225,0.26198,0.15715,0.03095,0.00000
574.80000,229.96000,0.05654,0.28163,0.15449,0.03513,0.00000
574.90000,230.00000,0.06042,0.30104,0.15073,0.03887,-0.00000
575.00000,230.04000,0.06388,0.32008,0.14586,0.04207,0.00000
575.10000,230.08000,0.06688,0.33861,0.13987,0.04464,-0.00000
575.20000,230.12000,0.06941,0.35650,0.13273,0.04652,0.00000
575.30000,230.16000,0.07144,0.37364,0.12441,0.04766,0.00000
575.40000,230.20000,0.07298,0.38993,0.11488,0.04806,0.00000
575.50000,230.24000,0.07401,0.40526,0.10413,0.04772,-0.00000
575.60000,230.28000,0.07454,0.41956,0.09216,0.04670,-0.00000
575.70000,230.32000,0.07456,0.43273,0.07899,0.04505,-0.00000
575.80000,230.36000,0.07408,0.44472,0.06464,0.04285,0.00000
575.90000,230.40000,0.07311,0.45548,0.04920,0.04021,0.00000
576.00000,230.44000,0.07167,0.46496,0.03274,0.03722,0.00000
576.10000,230.48000,0.06977,0.47314,0.01540,0.03398,0.00000
576.20000,230.52000,0.06743,0.48001,-0.00268,0.03060,0.00000
576.30000,230.56000,0.06465,0.48556,-0.02131,0.02716,0.00000
576.40000,230.60000,0.06148,0.48981,-0.04030,0.02374,-0.00000
576.50000,230.64000,0.05791,0.49279,-0.05943,0.02038,-0.00000
576.60000,230.68000,0.05398,0.49453,-0.07845,0.01712,0.00000
576.70000,230.72000,0.04971,0.49509,-0.09713,0.01397,0.00000
576.80000,230.76000,0.04511,0.49451,-0.11521,0.01093,0.00000
576.90000,230.80000,0.04022,0.49288,-0.13247,0.00797,0.00000
577.00000,230.84000,0.03504,0.49025,-0.14865,0.00506,0.00000
577.10000,230.88000,0.02962,0.48672,-0.16354,0.00216,-0.00000
577.20000,230.92000,0.02395,0.48236,-0.17695,-0.00080,-0.00000
577.30000,230.96000,0.01808,0.47725,-0.18870,-0.00384,-0.00000
577.40000,231.00000,0.01203,0.47147,-0.19864,-0.00702,0.00000
577.50000,231.04000,0.00581,0.46511,-0.20665,-0.01036,0.00000
577.60000,231.08000,-0.00054,0.45824,-0.21265,-0.01387,0.00000
577.70000,231.12000,-0.00700,0.45093,-0.21657,-0.01755,0.00000
577.80000,231.16000,-0.01353,0.44326,-0.21839,-0.02138,0.00000
577.90000,231.20000,-0.02012,0.43527,-0.21813,-0.02530,0.00000
578.00000,231.24000,-0.02672,0.42702,-0.21582,-0.02926,0.00000
578.10000,231.28000,-0.03331,0.41857,-0.21152,-0.03318,0.00000
578.20000,231.32000,-0.03984,0.40996,-0.20534,-0.03696,0.00000
578.30000,231.36000,-0.04629,0.40122,-0.19740,-0.04050,-0.00000
578.40000,231.40000,-0.05262,0.39239,-0.18783,-0.04369,0.00000
578.50000,231.44000,-0.05877,0.38349,-0.17680,-0.04643,0.00000
578.60000,231.48000,-0.06472,0.37457,-0.16449,-0.04861,0.00000
578.70000,231.52000,-0.07042,0.36563,-0.15109,-0.05015,0.00000
578.80000,231.56000,-0.07583,0.35671,-0.13680,-0.05097,0.00000
578.90000,231.60000,-0.08090,0.34782,-0.12183,-0.05103,0.00000
579.00000,231.64000,-0.08559,0.33898,-0.10637,-0.05027,0.00000
579.10000,231.68000,-0.08986,0.33022,-0.09062,-0.04871,0.00000
579.20000,231.72000,-0.09367,0.32155,-0.07476,-0.04634,0.00000
579.30000,231.76000,-0.09697,0.31300,-0.05897,-0.04321,0.00000
579.40000,231.80000,-0.09973,0.30457,-0.04340,-0.03937,0.00000
579.50000,231.84000,-0.10191,0.29630,-0.02817,-0.03490,0.00000
579.60000,231.88000,-0.10348,0.28818,-0.01339,-0.02988,0.00000
579.70000,231.92000,-0.10441,0.28025,0.00086,-0.02442,0.00000
579.80000,231.96000,-0.10468,0.27252,0.01452,-0.01861,0.00000
579.90000,232.00000,-0.10427,0.26499,0.02757,-0.01257,0.00000
580.00000,232.04000,-0.10317,0.25768,0.03999,-0.00638,-0.00000
580.10000,232.08000,-0.10135,0.25060,0.05180,-0.00013,0.00000
580.20000,232.12000,-0.09883,0.24376,0.06301,0.00609,0.00000
580.30000,232.16000,-0.09561,0.23717,0.07366,0.01223,0.00000
580.40000,232.20000,-0.09168,0.23082,0.08380,0.01822,0.00000
580.50000,232.24000,-0.08707,0.22475,0.09344,0.02404,0.00000
580.60000,232.28000,-0.08180,0.21894,0.10264,0.02965,0.00000
580.70000,232.32000,-0.07590,0.21341,0.11140,0.03505,0.00000
580.80000,232.36000,-0.06939,0.20817,0.11973,0.04020,-0.00000
580.90000,232.40000,-0.06232,0.20323,0.12762,0.04511,-0.00000
581.00000,232.44000,-0.05472,0.19862,0.13506,0.04974,0.00000
581.10000,232.48000,-0.04666,0.19434,0.14199,0.05406,0.00000
581.20000,232.52000,-0.03817,0.19043,0.14836,0.05803,0.00000
581.30000,232.56000,-0.02932,0.18690,0.15411,0.06159,0.00000
581.40000,232.60000,-0.02017,0.18377,0.15914,0.06465,0.00000
581.50000,232.64000,-0.01078,0.18109,0.16339,0.06710,0.00000
581.60000,232.68000,-0.00122,0.17886,0.16675,0.06884,0.00000
581.70000,232.72000,0.00845,0.17714,0.16916,0.06972,0.00000
581.80000,232.76000,0.01816,0.17593,0.17055,0.06962,0.00000
581.90000,232.80000,0.02783,0.17528,0.17084,0.06838,0.00000
582.00000,232.84000,0.03741,0.17520,0.16999,0.06589,0.00000
582.10000,232.88000,0.04682,0.17571,0.16798,0.06203,0.00000
582.20000,232.92000,0.05600,0.17683,0.16479,0.05674,0.00000
582.30000,232.96000,0.06489,0.17857,0.16042,0.04997,0.00000
582.40000,233.00000,0.07342,0.18092,0.15489,0.04174,0.00000
582.50000,233.04000,0.08154,0.18389,0.14823,0.03212,-0.00000
582.60000,233.08000,0.08918,0.18746,0.14050,0.02124,-0.00000
582.70000,233.12000,0.09632,0.19162,0.13174,0.00928,0.00000
582.80000,233.16000,0.10288,0.19632,0.12202,-0.00349,0.00000
582.90000,233.20000,0.10885,0.20153,0.11141,-0.01680,-0.00000
583.00000,233.24000,0.11418,0.20722,0.09998,-0.03028,-0.00000
583.10000,233.28000,0.11884,0.21333,0.08780,-0.04358,0.00000
583.20000,233.32000,0.12281,0.21980,0.07496,-0.05631,-0.00000
583.30000,233.36000,0.12607,0.22657,0.06152,-0.06808,0.00000
583.40000,233.40000,0.12860,0.23358,0.04758,-0.07853,-0.00000
583.50000,233.44000,0.13041,0.24077,0.03323,-0.08734,0.00000
583.60000,233.48000,0.13148,0.24806,0.01855,-0.09424,0.00000
583.70000,233.52000,0.13181,0.25540,0.00367,-0.09903,0.00000
583.80000,233.56000,0.13142,0.26272,-0.01131,-0.10159,0.00000
583.90000,233.60000,0.13032,0.26996,-0.02627,-0.10189,-0.00000
584.00000,233.64000,0.12852,0.27707,-0.04106,-0.09997,-0.00000
584.10000,233.68000,0.12605,0.28400,-0.05553,-0.09598,0.00000
584.20000,233.72000,0.12293,0.29070,-0.06954,-0.09013,0.00000
584.30000,233.76000,0.11917,0.29715,-0.08292,-0.08269,0.00000
584.40000,233.80000,0.11483,0.30332,-0.09552,-0.07400,0.00000
584.50000,233.84000,0.10992,0.30918,-0.10718,-0.06441,0.00000
584.60000,233.88000,0.10448,0.31472,-0.11776,-0.05428,-0.00000
584.70000,233.92000,0.09854,0.31994,-0.12711,-0.04397,0.00000
584.80000,233.96000,0.09215,0.32484,-0.13514,-0.03380,0.00000
584.90000,234.00000,0.08534,0.32942,-0.14175,-0.02405,-0.00000
585.00000,234.04000,0.07815,0.33369,-0.14688,-0.01493,0.00000
585.10000,234.08000,0.07061,0.33766,-0.15050,-0.00659,0.00000
585.20000,234.12000,0.06277,0.34136,-0.15260,0.00091,0.00000
585.30000,234.16000,0.05467,0.34479,-0.15323,0.00756,0.00000
585.40000,234.20000,0.04634,0.34797,-0.15244,0.01343,-0.00000
585.50000,234.24000,0.03782,0.35091,-0.15032,0.01866,-0.00000
585.60000,234.28000,0.02915,0.35364,-0.14697,0.02341,0.00000
585.70000,234.32000,0.02037,0.35616,-0.14253,0.02786,0.00000
585.80000,234.36000,0.01151,0.35849,-0.13712,0.03222,0.00000
585.90000,234.40000,0.00261,0.36062,-0.13089,0.03666,-0.00000
586.00000,234.44000,-0.00630,0.36258,-0.12399,0.04134,-0.00000
586.10000,234.48000,-0.01518,0.36434,-0.11655,0.04634,-0.00000
586.20000,234.52000,-0.02399,0.36593,-0.10871,0.05171,0.00000
586.30000,234.56000,-0.03270,0.36733,-0.10057,0.05743,-0.00000
586.40000,234.60000,-0.04129,0.36855,-0.09224,0.06340,0.00000
586.50000,234.64000,-0.04970,0.36957,-0.08380,0.06946,-0.00000
586.60000,234.68000,-0.05793,0.37039,-0.07534,0.07542,0.00000
586.70000,234.72000,-0.06592,0.37102,-0.06690,0.08100,0.00000
586.80000,234.76000,-0.07367,0.37144,-0.05853,0.08595,-0.00000
586.90000,234.80000,-0.08113,0.37164,-0.05027,0.08999,0.00000
587.00000,234.84000,-0.08828,0.37164,-0.04215,0.09284,0.00000
587.10000,234.88000,-0.09509,0.37142,-0.03420,0.09428,0.00000
587.20000,234.92000,-0.10155,0.37099,-0.02642,0.09414,0.00000
587.30000,234.96000,-0.10762,0.37034,-0.01884,0.09230,0.00000
587.40000,235.00000,-0.11330,0.36948,-0.01149,0.08871,0.00000
587.50000,235.04000,-0.11855,0.36839,-0.00437,0.08344,0.00000
587.60000,235.08000,-0.12337,0.36709,0.00251,0.07658,-0.00000
587.70000,235.12000,-0.12773,0.36557,0.00912,0.06835,0.00000
587.80000,235.16000,-0.13163,0.36383,0.01545,0.05899,-0.00000
587.90000,235.20000,-0.13504,0.36187,0.02152,0.04879,0.00000
588.00000,235.24000,-0.13794,0.35969,0.02732,0.03810,0.00000
588.10000,235.28000,-0.14034,0.35728,0.03286,0.02725,0.00000
588.20000,235.32000,-0.14220,0.35465,0.03817,0.01657,0.00000
588.30000,235.36000,-0.14352,0.35178,0.04328,0.00636,0.00000
588.40000,235.40000,-0.14428,0.34867,0.04822,-0.00313,0.00000
588.50000,235.44000,-0.14445,0.34534,0.05303,-0.01171,0.00000
588.60000,235.48000,-0.14402,0.34177,0.05774,-0.01923,0.00000
588.70000,235.52000,-0.14298,0.33799,0.06240,-0.02564,-0.00000
588.80000,235.56000,-0.14129,0.33399,0.06702,-0.03094,0.00000
588.90000,235.60000,-0.13894,0.32979,0.07163,-0.03521,0.00000
589.00000,235.64000,-0.13592,0.32542,0.07623,-0.03855,0.00000
589.10000,235.68000,-0.13219,0.32090,0.08080,-0.04114,0.00000
589.20000,235.72000,-0.12775,0.31627,0.08529,-0.04314,0.00000
589.30000,235.76000,-0.12258,0.31157,0.08965,-0.04475,0.00000
589.40000,235.80000,-0.11668,0.30685,0.09380,-0.04615,0.00000
589.50000,235.84000,-0.11003,0.30215,0.09765,-0.04750,0.00000
589.60000,235.88000,-0.10264,0.29754,0.10107,-0.04894,0.00000
589.70000,235.92000,-0.09451,0.29308,0.10397,-0.05055,0.00000
589.80000,235.96000,-0.08567,0.28882,0.10620,-0.05238,0.00000
589.90000,236.00000,-0.07614,0.28485,0.10767,-0.05443,0.00000
590.00000,236.04000,-0.06594,0.28121,0.10826,-0.05666,0.00000
590.10000,236.08000,-0.05512,0.27796,0.10790,-0.05899,0.00000
590.20000,236.12000,-0.04373,0.27516,0.10651,-0.06133,-0.00000
590.30000,236.16000,-0.03183,0.27286,0.10407,-0.06357,0.00000
590.40000,236.20000,-0.01949,0.27108,0.10059,-0.06557,-0.00000
590.50000,236.24000,-0.00678,0.26987,0.09608,-0.06723,0.00000
590.60000,236.28000,0.00621,0.26922,0.09061,-0.06845,-0.00000
590.70000,236.32000,0.01939,0.26913,0.08428,-0.06915,-0.00000
590.80000,236.36000,0.03266,0.26960,0.07720,-0.06927,0.00000
590.90000,236.40000,0.04594,0.27060,0.06951,-0.06880,0.00000
591.00000,236.44000,0.05910,0.27208,0.06134,-0.06775,0.00000
591.10000,236.48000,0.07206,0.27398,0.05285,-0.06612,0.00000
591.20000,236.52000,0.08469,0.27625,0.04417,-0.06398,0.00000
591.30000,236.56000,0.09690,0.27879,0.03543,-0.06138,0.00000
591.40000,236.60000,0.10859,0.28153,0.02675,-0.05837,0.00000
591.50000,236.64000,0.11965,0.28437,0.01822,-0.05503,0.00000
591.60000,236.68000,0.13000,0.28721,0.00989,-0.05138,0.00000
591.70000,236.72000,0.13954,0.28997,0.00181,-0.04747,0.00000
591.80000,236.76000,0.14818,0.29253,-0.00601,-0.04332,0.00000
591.90000,236.80000,0.15586,0.29481,-0.01358,-0.03893,-0.00000
592.00000,236.84000,0.16251,0.29673,-0.02091,-0.03429,0.00000
592.10000,236.88000,0.16807,0.29821,-0.02804,-0.02940,0.00000
592.20000,236.92000,0.17249,0.29918,-0.03501,-0.02423,-0.00000
592.30000,236.96000,0.17573,0.29959,-0.04184,-0.01879,0.00000
592.40000,237.00000,0.17777,0.29941,-0.04856,-0.01306,0.00000
592.50000,237.04000,0.17859,0.29861,-0.05518,-0.00709,0.00000
592.60000,237.08000,0.17817,0.29718,-0.06168,-0.00092,0.00000
592.70000,237.12000,0.17654,0.29512,-0.06803,0.00536,0.00000
592.80000,237.16000,0.17369,0.29247,-0.07417,0.01166,0.00000
592.90000,237.20000,0.16966,0.28926,-0.08001,0.01783,0.00000
593.00000,237.24000,0.16449,0.28553,-0.08548,0.02374,0.00000
593.10000,237.28000,0.15823,0.28135,-0.09045,0.02921,0.00000
593.20000,237.32000,0.15092,0.27679,-0.09481,0.03410,-0.00000
593.30000,237.36000,0.14264,0.27192,-0.09845,0.03827,0.00000
593.40000,237.40000,0.13347,0.26683,-0.10127,0.04159,0.00000
593.50000,237.44000,0.12348,0.26161,-0.10317,0.04399,0.00000
593.60000,237.48000,0.11277,0.25635,-0.10409,0.04545,0.00000
593.70000,237.52000,0.10143,0.25113,-0.10398,0.04598,0.00000
593.80000,237.56000,0.08956,0.24607,-0.10283,0.04569,0.00000
593.90000,237.60000,0.07726,0.24123,-0.10065,0.04471,0.00000
594.00000,237.64000,0.06464,0.23671,-0.09749,0.04324,0.00000
594.10000,237.68000,0.05181,0.23259,-0.09343,0.04153,-0.00000
594.20000,237.72000,0.03887,0.22893,-0.08855,0.03985,0.00000
594.30000,237.76000,0.02592,0.22582,-0.08297,0.03848,0.00000
594.40000,237.80000,0.01307,0.22330,-0.07681,0.03770,0.00000
594.50000,237.84000,0.00042,0.22143,-0.07019,0.03779,0.00000
594.60000,237.88000,-0.01194,0.22025,-0.06325,0.03895,0.00000
594.70000,237.92000,-0.02392,0.21981,-0.05610,0.04134,0.00000
594.80000,237.96000,-0.03543,0.22011,-0.04883,0.04504,0.00000
594.90000,238.00000,-0.04639,0.22119,-0.04153,0.05007,0.00000
595.00000,238.04000,-0.05673,0.22305,-0.03427,0.05632,0.00000
595.10000,238.08000,-0.06639,0.22568,-0.02707,0.06364,0.00000
595.20000,238.12000,-0.07531,0.22908,-0.01998,0.07178,-0.00000
595.30000,238.16000,-0.08343,0.23323,-0.01299,0.08040,-0.00000
595.40000,238.20000,-0.09072,0.23810,-0.00610,0.08914,0.00000
595.50000,238.24000,-0.09714,0.24366,0.00071,0.09759,0.00000
595.60000,238.28000,-0.10267,0.24986,0.00744,0.10532,0.00000
595.70000,238.32000,-0.10728,0.25665,0.01410,0.11193,0.00000
595.80000,238.36000,-0.11096,0.26397,0.02071,0.11703,-0.00000
595.90000,238.40000,-0.11372,0.27177,0.02725,0.12029,0.00000
596.00000,238.44000,-0.11556,0.27997,0.03370,0.12145,0.00000
596.10000,238.48000,-0.11648,0.28849,0.04002,0.12031,0.00000
596.20000,238.52000,-0.11653,0.29728,0.04615,0.11679,0.00000
596.30000,238.56000,-0.11572,0.30623,0.05204,0.11087,0.00000
596.40000,238.60000,-0.11409,0.31529,0.05761,0.10263,0.00000
596.50000,238.64000,-0.11169,0.32435,0.06276,0.09224,0.00000
596.60000,238.68000,-0.10856,0.33335,0.06742,0.07992,0.00000
596.70000,238.72000,-0.10477,0.34219,0.07152,0.06596,0.00000
596.80000,238.76000,-0.10037,0.35081,0.07496,0.05069,0.00000
596.90000,238.80000,-0.09544,0.35911,0.07771,0.03444,-0.00000
597.00000,238.84000,-0.09004,0.36704,0.07971,0.01759,0.00000
597.10000,238.88000,-0.08426,0.37450,0.08095,0.00047,-0.00000
597.20000,238.92000,-0.07815,0.38144,0.08142,-0.01660,0.00000
597.30000,238.96000,-0.07181,0.38780,0.08115,-0.03331,-0.00000
597.40000,239.00000,-0.06530,0.39350,0.08017,-0.04940,0.00000
597.50000,239.04000,-0.05870,0.39849,0.07853,-0.06468,-0.00000
597.60000,239.08000,-0.05210,0.40273,0.07630,-0.07895,-0.00000
597.70000,239.12000,-0.04554,0.40617,0.07356,-0.09208,0.00000
597.80000,239.16000,-0.03911,0.40877,0.07037,-0.10398,-0.00000
597.90000,239.20000,-0.03286,0.41050,0.06681,-0.11455,-0.00000
598.00000,239.24000,-0.02685,0.41133,0.06294,-0.12375,0.00000
598.10000,239.28000,-0.02113,0.41125,0.05883,-0.13153,0.00000
598.20000,239.32000,-0.01574,0.41026,0.05451,-0.13787,0.00000
598.30000,239.36000,-0.01071,0.40835,0.05001,-0.14272,0.00000
598.40000,239.40000,-0.00608,0.40555,0.04535,-0.14608,0.00000
598.50000,239.44000,-0.00188,0.40186,0.04053,-0.14792,-0.00000
598.60000,239.48000,0.00190,0.39732,0.03554,-0.14822,0.00000
598.70000,239.52000,0.00522,0.39198,0.03037,-0.14698,0.00000
598.80000,239.56000,0.00810,0.38589,0.02498,-0.14421,-0.00000
598.90000,239.60000,0.01054,0.37911,0.01938,-0.13992,-0.00000
599.00000,239.64000,0.01254,0.37170,0.01355,-0.13418,0.00000
599.10000,239.68000,0.01411,0.36375,0.00748,-0.12706,0.00000
599.20000,239.72000,0.01529,0.35534,0.00120,-0.11867,-0.00000
599.30000,239.76000,0.01608,0.34656,-0.00527,-0.10915,0.00000
599.40000,239.80000,0.01651,0.33750,-0.01188,-0.09867,0.00000
599.50000,239.84000,0.01661,0.32825,-0.01857,-0.08744,-0.00000
599.60000,239.88000,0.01641,0.31891,-0.02526,-0.07568,0.00000
599.70000,239.92000,0.01595,0.30957,-0.03183,-0.06363,0.00000
599.80000,239.96000,0.01525,0.30032,-0.03820,-0.05151,-0.00000
599.90000,240.00000,0.01435,0.29124,-0.04424,-0.03959,-0.00000
