t,x,y,z,roll,pitch,yaw
0.00000,0.04000,-0.10782,0.34500,-0.12871,0.02703,-0.00000
0.10000,0.08000,-0.10932,0.36375,-0.12552,0.03491,0.00000
0.20000,0.12000,-0.11041,0.38327,-0.12083,0.04095,-0.00000
0.30000,0.16000,-0.11109,0.40340,-0.11448,0.04523,0.00000
0.40000,0.20000,-0.11134,0.42402,-0.10638,0.04792,0.00000
0.50000,0.24000,-0.11114,0.44495,-0.09645,0.04923,0.00000
0.60000,0.28000,-0.11049,0.46605,-0.08467,0.04942,0.00000
0.70000,0.32000,-0.10938,0.48713,-0.07106,0.04876,0.00000
0.80000,0.36000,-0.10783,0.50804,-0.05570,0.04752,-0.00000
0.90000,0.40000,-0.10582,0.52859,-0.03872,0.04599,-0.00000
1.00000,0.44000,-0.10338,0.54862,-0.02029,0.04440,-0.00000
1.10000,0.48000,-0.10051,0.56797,-0.00065,0.04297,0.00000
1.20000,0.52000,-0.09722,0.58645,0.01994,0.04187,0.00000
1.30000,0.56000,-0.09354,0.60393,0.04119,0.04125,0.00000
1.40000,0.60000,-0.08948,0.62025,0.06277,0.04116,0.00000
1.50000,0.64000,-0.08506,0.63527,0.08434,0.04165,0.00000
1.60000,0.68000,-0.08030,0.64886,0.10559,0.04270,0.00000
1.70000,0.72000,-0.07524,0.66090,0.12617,0.04427,0.00000
1.80000,0.76000,-0.06989,0.67129,0.14580,0.04628,0.00000
1.90000,0.80000,-0.06428,0.67994,0.16417,0.04863,0.00000
2.00000,0.84000,-0.05843,0.68677,0.18106,0.05120,0.00000
2.10000,0.88000,-0.05239,0.69170,0.19626,0.05388,0.00000
2.20000,0.92000,-0.04617,0.69469,0.20959,0.05657,-0.00000
2.30000,0.96000,-0.03980,0.69571,0.22093,0.05915,0.00000
2.40000,1.00000,-0.03330,0.69471,0.23019,0.06153,0.00000
2.50000,1.04000,-0.02672,0.69169,0.23732,0.06366,0.00000
2.60000,1.08000,-0.02007,0.68666,0.24229,0.06546,0.00000
2.70000,1.12000,-0.01338,0.67961,0.24511,0.06691,0.00000
2.80000,1.16000,-0.00667,0.67057,0.24578,0.06797,0.00000
2.90000,1.20000,0.00002,0.65957,0.24435,0.06865,0.00000
3.00000,1.24000,0.00668,0.64665,0.24083,0.06893,0.00000
3.10000,1.28000,0.01328,0.63187,0.23526,0.06881,0.00000
3.20000,1.32000,0.01979,0.61528,0.22767,0.06832,0.00000
3.30000,1.36000,0.02620,0.59694,0.21806,0.06744,-0.00000
3.40000,1.40000,0.03248,0.57693,0.20646,0.06619,0.00000
3.50000,1.44000,0.03860,0.55533,0.19288,0.06457,0.00000
3.60000,1.48000,0.04454,0.53223,0.17732,0.06258,-0.00000
3.70000,1.52000,0.05028,0.50772,0.15980,0.06022,-0.00000
3.80000,1.56000,0.05579,0.48192,0.14036,0.05750,0.00000
3.90000,1.60000,0.06105,0.45492,0.11903,0.05442,-0.00000
4.00000,1.64000,0.06602,0.42684,0.09590,0.05101,0.00000
4.10000,1.68000,0.07069,0.39782,0.07107,0.04728,0.00000
4.20000,1.72000,0.07503,0.36799,0.04469,0.04325,0.00000
4.30000,1.76000,0.07901,0.33748,0.01695,0.03899,0.00000
4.40000,1.80000,0.08260,0.30646,-0.01192,0.03452,0.00000
4.50000,1.84000,0.08579,0.27508,-0.04164,0.02992,0.00000
4.60000,1.88000,0.08856,0.24350,-0.07191,0.02526,0.00000
4.70000,1.92000,0.09088,0.21189,-0.10239,0.02059,0.00000
4.80000,1.96000,0.09273,0.18045,-0.13271,0.01599,0.00000
4.90000,2.00000,0.09411,0.14933,-0.16249,0.01152,0.00000
5.00000,2.04000,0.09500,0.11874,-0.19136,0.00724,0.00000
5.10000,2.08000,0.09541,0.08885,-0.21895,0.00320,0.00000
5.20000,2.12000,0.09532,0.05985,-0.24492,-0.00059,0.00000
5.30000,2.16000,0.09475,0.03191,-0.26895,-0.00410,-0.00000
5.40000,2.20000,0.09370,0.00521,-0.29078,-0.00735,-0.00000
5.50000,2.24000,0.09219,-0.02009,-0.31020,-0.01036,0.00000
5.60000,2.28000,0.09023,-0.04383,-0.32702,-0.01318,0.00000
5.70000,2.32000,0.08784,-0.06587,-0.34116,-0.01587,0.00000
5.80000,2.36000,0.08507,-0.08609,-0.35255,-0.01849,0.00000
5.90000,2.40000,0.08193,-0.10437,-0.36119,-0.02113,0.00000
6.00000,2.44000,0.07846,-0.12061,-0.36711,-0.02387,-0.00000
6.10000,2.48000,0.07471,-0.13475,-0.37040,-0.02678,0.00000
6.20000,2.52000,0.07070,-0.14671,-0.37114,-0.02993,-0.00000
6.30000,2.56000,0.06650,-0.15646,-0.36946,-0.03337,0.00000
6.40000,2.60000,0.06214,-0.16398,-0.36545,-0.03713,0.00000
6.50000,2.64000,0.05766,-0.16925,-0.35924,-0.04122,0.00000
6.60000,2.68000,0.05313,-0.17230,-0.35091,-0.04564,0.00000
6.70000,2.72000,0.04858,-0.17314,-0.34054,-0.05032,0.00000
6.80000,2.76000,0.04406,-0.17182,-0.32817,-0.05522,0.00000
6.90000,2.80000,0.03962,-0.16839,-0.31385,-0.06024,0.00000
7.00000,2.84000,0.03530,-0.16293,-0.29756,-0.06528,0.00000
7.10000,2.88000,0.03115,-0.15550,-0.27931,-0.07020,-0.00000
7.20000,2.92000,0.02720,-0.14619,-0.25907,-0.07487,0.00000
7.30000,2.96000,0.02349,-0.13510,-0.23683,-0.07916,0.00000
7.40000,3.00000,0.02005,-0.12234,-0.21257,-0.08292,0.00000
7.50000,3.04000,0.01690,-0.10801,-0.18632,-0.08605,0.00000
7.60000,3.08000,0.01408,-0.09223,-0.15810,-0.08843,0.00000
7.70000,3.12000,0.01160,-0.07512,-0.12801,-0.08997,0.00000
7.80000,3.16000,0.00947,-0.05681,-0.09615,-0.09063,0.00000
7.90000,3.20000,0.00769,-0.03742,-0.06271,-0.09037,0.00000
8.00000,3.24000,0.00628,-0.01710,-0.02789,-0.08922,0.00000
8.10000,3.28000,0.00522,0.00403,0.00804,-0.08721,0.00000
8.20000,3.32000,0.00451,0.02582,0.04476,-0.08442,0.00000
8.30000,3.36000,0.00413,0.04813,0.08193,-0.08097,-0.00000
8.40000,3.40000,0.00406,0.07084,0.11918,-0.07699,0.00000
8.50000,3.44000,0.00427,0.09379,0.15611,-0.07263,-0.00000
8.60000,3.48000,0.00473,0.11687,0.19232,-0.06806,0.00000
8.70000,3.52000,0.00542,0.13993,0.22740,-0.06345,0.00000
8.80000,3.56000,0.00629,0.16286,0.26097,-0.05896,0.00000
8.90000,3.60000,0.00731,0.18555,0.29266,-0.05473,-0.00000
9.00000,3.64000,0.00843,0.20789,0.32213,-0.05090,0.00000
9.10000,3.68000,0.00961,0.22979,0.34907,-0.04754,0.00000
9.20000,3.72000,0.01081,0.25115,0.37323,-0.04472,-0.00000
9.30000,3.76000,0.01199,0.27192,0.39436,-0.04244,0.00000
9.40000,3.80000,0.01311,0.29203,0.41230,-0.04067,0.00000
9.50000,3.84000,0.01412,0.31143,0.42690,-0.03933,0.00000
9.60000,3.88000,0.01498,0.33009,0.43805,-0.03832,-0.00000
9.70000,3.92000,0.01568,0.34800,0.44570,-0.03746,0.00000
9.80000,3.96000,0.01616,0.36512,0.44982,-0.03659,0.00000
9.90000,4.00000,0.01641,0.38148,0.45040,-0.03551,0.00000
10.00000,4.04000,0.01640,0.39706,0.44750,-0.03401,0.00000
10.10000,4.08000,0.01611,0.41188,0.44117,-0.03190,-0.00000
10.20000,4.12000,0.01552,0.42596,0.43151,-0.02901,0.00000
10.30000,4.16000,0.01464,0.43931,0.41865,-0.02517,0.00000
10.40000,4.20000,0.01344,0.45197,0.40276,-0.02029,0.00000
10.50000,4.24000,0.01193,0.46396,0.38402,-0.01430,0.00000
10.60000,4.28000,0.01011,0.47528,0.36266,-0.00720,0.00000
10.70000,4.32000,0.00800,0.48598,0.33895,0.00098,-0.00000
10.80000,4.36000,0.00560,0.49606,0.31317,0.01013,0.00000
10.90000,4.40000,0.00292,0.50554,0.28566,0.02011,0.00000
11.00000,4.44000,-0.00000,0.51444,0.25676,0.03072,0.00000
11.10000,4.48000,-0.00315,0.52276,0.22684,0.04175,0.00000
11.20000,4.52000,-0.00650,0.53052,0.19629,0.05296,0.00000
11.30000,4.56000,-0.01002,0.53772,0.16548,0.06410,0.00000
11.40000,4.60000,-0.01367,0.54437,0.13481,0.07494,0.00000
11.50000,4.64000,-0.01743,0.55048,0.10464,0.08526,0.00000
11.60000,4.68000,-0.02125,0.55603,0.07529,0.09489,0.00000
11.70000,4.72000,-0.02510,0.56106,0.04706,0.10369,0.00000
11.80000,4.76000,-0.02894,0.56554,0.02020,0.11158,0.00000
11.90000,4.80000,-0.03273,0.56950,-0.00509,0.11851,-0.00000
12.00000,4.84000,-0.03643,0.57293,-0.02869,0.12451,0.00000
12.10000,4.88000,-0.04001,0.57585,-0.05052,0.12965,-0.00000
12.20000,4.92000,-0.04342,0.57825,-0.07056,0.13404,0.00000
12.30000,4.96000,-0.04663,0.58014,-0.08887,0.13779,0.00000
12.40000,5.00000,-0.04960,0.58152,-0.10553,0.14107,0.00000
12.50000,5.04000,-0.05231,0.58240,-0.12067,0.14403,0.00000
12.60000,5.08000,-0.05471,0.58276,-0.13445,0.14680,-0.00000
12.70000,5.12000,-0.05678,0.58262,-0.14705,0.14948,0.00000
12.80000,5.16000,-0.05850,0.58196,-0.15864,0.15216,0.00000
12.90000,5.20000,-0.05985,0.58077,-0.16940,0.15484,0.00000
13.00000,5.24000,-0.06079,0.57905,-0.17947,0.15750,-0.00000
13.10000,5.28000,-0.06133,0.57677,-0.18898,0.16005,0.00000
13.20000,5.32000,-0.06144,0.57393,-0.19801,0.16233,0.00000
13.30000,5.36000,-0.06112,0.57050,-0.20662,0.16416,0.00000
13.40000,5.40000,-0.06037,0.56647,-0.21482,0.16531,0.00000
13.50000,5.44000,-0.05918,0.56181,-0.22258,0.16552,0.00000
13.60000,5.48000,-0.05757,0.55653,-0.22984,0.16452,-0.00000
13.70000,5.52000,-0.05553,0.55059,-0.23653,0.16206,0.00000
13.80000,5.56000,-0.05308,0.54399,-0.24255,0.15789,0.00000
13.90000,5.60000,-0.05024,0.53673,-0.24781,0.15182,0.00000
14.00000,5.64000,-0.04703,0.52881,-0.25218,0.14370,-0.00000
14.10000,5.68000,-0.04347,0.52023,-0.25560,0.13343,0.00000
14.20000,5.72000,-0.03958,0.51101,-0.25798,0.12100,0.00000
14.30000,5.76000,-0.03540,0.50116,-0.25927,0.10646,0.00000
14.40000,5.80000,-0.03096,0.49073,-0.25945,0.08992,0.00000
14.50000,5.84000,-0.02630,0.47974,-0.25851,0.07158,-0.00000
14.60000,5.88000,-0.02144,0.46823,-0.25648,0.05169,-0.00000
14.70000,5.92000,-0.01643,0.45627,-0.25339,0.03054,-0.00000
14.80000,5.96000,-0.01131,0.44390,-0.24929,0.00847,0.00000
14.90000,6.00000,-0.00612,0.43119,-0.24423,-0.01415,0.00000
15.00000,6.04000,-0.00089,0.41820,-0.23829,-0.03696,0.00000
15.10000,6.08000,0.00432,0.40501,-0.23149,-0.05957,0.00000
15.20000,6.12000,0.00949,0.39170,-0.22388,-0.08164,-0.00000
15.30000,6.16000,0.01456,0.37832,-0.21547,-0.10281,0.00000
15.40000,6.20000,0.01951,0.36497,-0.20626,-0.12278,0.00000
15.50000,6.24000,0.02428,0.35171,-0.19623,-0.14127,0.00000
15.60000,6.28000,0.02884,0.33862,-0.18534,-0.15803,-0.00000
15.70000,6.32000,0.03316,0.32575,-0.17353,-0.17288,0.00000
15.80000,6.36000,0.03720,0.31319,-0.16077,-0.18565,0.00000
15.90000,6.40000,0.04092,0.30097,-0.14698,-0.19623,0.00000
16.00000,6.44000,0.04429,0.28915,-0.13214,-0.20452,0.00000
16.10000,6.48000,0.04728,0.27777,-0.11623,-0.21049,-0.00000
16.20000,6.52000,0.04986,0.26686,-0.09924,-0.21414,0.00000
16.30000,6.56000,0.05200,0.25645,-0.08124,-0.21549,0.00000
16.40000,6.60000,0.05369,0.24656,-0.06229,-0.21461,-0.00000
16.50000,6.64000,0.05490,0.23719,-0.04254,-0.21161,0.00000
16.60000,6.68000,0.05561,0.22834,-0.02213,-0.20663,0.00000
16.70000,6.72000,0.05581,0.22001,-0.00129,-0.19986,0.00000
16.80000,6.76000,0.05548,0.21217,0.01976,-0.19151,-0.00000
16.90000,6.80000,0.05463,0.20482,0.04074,-0.18184,-0.00000
17.00000,6.84000,0.05324,0.19791,0.06137,-0.17114,0.00000
17.10000,6.88000,0.05131,0.19143,0.08137,-0.15971,0.00000
17.20000,6.92000,0.04885,0.18534,0.10046,-0.14788,-0.00000
17.30000,6.96000,0.04587,0.17961,0.11835,-0.13597,0.00000
17.40000,7.00000,0.04237,0.17420,0.13482,-0.12432,0.00000
17.50000,7.04000,0.03836,0.16910,0.14964,-0.11321,0.00000
17.60000,7.08000,0.03388,0.16427,0.16265,-0.10290,0.00000
17.70000,7.12000,0.02892,0.15969,0.17371,-0.09359,0.00000
17.80000,7.16000,0.02353,0.15534,0.18273,-0.08544,0.00000
17.90000,7.20000,0.01771,0.15121,0.18966,-0.07849,-0.00000
18.00000,7.24000,0.01150,0.14728,0.19449,-0.07273,0.00000
18.10000,7.28000,0.00493,0.14355,0.19725,-0.06807,-0.00000
18.20000,7.32000,-0.00199,0.14003,0.19800,-0.06431,0.00000
18.30000,7.36000,-0.00920,0.13671,0.19681,-0.06121,0.00000
18.40000,7.40000,-0.01670,0.13361,0.19377,-0.05844,-0.00000
18.50000,7.44000,-0.02443,0.13073,0.18900,-0.05565,0.00000
18.60000,7.48000,-0.03238,0.12809,0.18261,-0.05249,0.00000
18.70000,7.52000,-0.04050,0.12569,0.17470,-0.04857,0.00000
18.80000,7.56000,-0.04876,0.12356,0.16541,-0.04358,0.00000
18.90000,7.60000,-0.05712,0.12171,0.15486,-0.03725,-0.00000
19.00000,7.64000,-0.06554,0.12015,0.14316,-0.02938,0.00000
19.10000,7.68000,-0.07399,0.11889,0.13044,-0.01989,0.00000
19.20000,7.72000,-0.08241,0.11795,0.11685,-0.00880,0.00000
19.30000,7.76000,-0.09077,0.11733,0.10252,0.00375,-0.00000
19.40000,7.80000,-0.09901,0.11705,0.08762,0.01751,-0.00000
19.50000,7.84000,-0.10708,0.11710,0.07232,0.03213,-0.00000
19.60000,7.88000,-0.11493,0.11750,0.05680,0.04715,0.00000
19.70000,7.92000,-0.12251,0.11826,0.04128,0.06207,0.00000
19.80000,7.96000,-0.12974,0.11939,0.02597,0.07636,0.00000
19.90000,8.00000,-0.13658,0.12089,0.01109,0.08946,-0.00000
20.00000,8.04000,-0.14295,0.12277,-0.00311,0.10087,0.00000
20.10000,8.08000,-0.14879,0.12504,-0.01642,0.11014,-0.00000
20.20000,8.12000,-0.15404,0.12771,-0.02861,0.11692,0.00000
20.30000,8.16000,-0.15862,0.13080,-0.03948,0.12098,0.00000
20.40000,8.20000,-0.16248,0.13431,-0.04885,0.12221,0.00000
20.50000,8.24000,-0.16555,0.13826,-0.05657,0.12065,0.00000
20.60000,8.28000,-0.16777,0.14265,-0.06253,0.11649,0.00000
20.70000,8.32000,-0.16908,0.14749,-0.06667,0.11003,0.00000
20.80000,8.36000,-0.16943,0.15278,-0.06897,0.10168,-0.00000
20.90000,8.40000,-0.16877,0.15851,-0.06943,0.09197,0.00000
21.00000,8.44000,-0.16706,0.16468,-0.06815,0.08145,0.00000
21.10000,8.48000,-0.16426,0.17127,-0.06521,0.07070,0.00000
21.20000,8.52000,-0.16035,0.17825,-0.06077,0.06029,0.00000
21.30000,8.56000,-0.15532,0.18560,-0.05500,0.05073,0.00000
21.40000,8.60000,-0.14914,0.19326,-0.04810,0.04245,0.00000
21.50000,8.64000,-0.14182,0.20120,-0.04028,0.03578,0.00000
21.60000,8.68000,-0.13337,0.20936,-0.03176,0.03093,0.00000
21.70000,8.72000,-0.12382,0.21766,-0.02277,0.02797,0.00000
21.80000,8.76000,-0.11318,0.22604,-0.01350,0.02685,0.00000
21.90000,8.80000,-0.10150,0.23442,-0.00416,0.02741,-0.00000
22.00000,8.84000,-0.08883,0.24272,0.00507,0.02936,0.00000
22.10000,8.88000,-0.07523,0.25085,0.01404,0.03236,0.00000
22.20000,8.92000,-0.06076,0.25873,0.02262,0.03601,0.00000
22.30000,8.96000,-0.04550,0.26629,0.03070,0.03990,0.00000
22.40000,9.00000,-0.02954,0.27344,0.03820,0.04363,0.00000
22.50000,9.04000,-0.01297,0.28011,0.04506,0.04684,0.00000
22.60000,9.08000,0.00413,0.28624,0.05125,0.04925,-0.00000
22.70000,9.12000,0.02164,0.29177,0.05676,0.05066,0.00000
22.80000,9.16000,0.03946,0.29668,0.06158,0.05097,0.00000
22.90000,9.20000,0.05749,0.30092,0.06574,0.05017,0.00000
23.00000,9.24000,0.07560,0.30449,0.06925,0.04835,0.00000
23.10000,9.28000,0.09370,0.30739,0.07216,0.04568,0.00000
23.20000,9.32000,0.11166,0.30964,0.07449,0.04240,-0.00000
23.30000,9.36000,0.12938,0.31127,0.07629,0.03878,0.00000
23.40000,9.40000,0.14674,0.31232,0.07760,0.03511,0.00000
23.50000,9.44000,0.16366,0.31287,0.07846,0.03164,0.00000
23.60000,9.48000,0.18001,0.31299,0.07891,0.02861,0.00000
23.70000,9.52000,0.19571,0.31275,0.07896,0.02619,-0.00000
23.80000,9.56000,0.21067,0.31227,0.07864,0.02448,-0.00000
23.90000,9.60000,0.22480,0.31165,0.07796,0.02349,0.00000
24.00000,9.64000,0.23803,0.31098,0.07691,0.02314,0.00000
24.10000,9.68000,0.25027,0.31039,0.07548,0.02330,0.00000
24.20000,9.72000,0.26147,0.30999,0.07364,0.02377,0.00000
24.30000,9.76000,0.27158,0.30987,0.07135,0.02429,0.00000
24.40000,9.80000,0.28053,0.31015,0.06857,0.02461,-0.00000
24.50000,9.84000,0.28828,0.31091,0.06524,0.02447,0.00000
24.60000,9.88000,0.29481,0.31224,0.06129,0.02366,0.00000
24.70000,9.92000,0.30008,0.31422,0.05667,0.02200,0.00000
24.80000,9.96000,0.30408,0.31689,0.05131,0.01942,0.00000
24.90000,10.00000,0.30678,0.32030,0.04518,0.01593,-0.00000
25.00000,10.04000,0.30818,0.32448,0.03823,0.01163,-0.00000
25.10000,10.08000,0.30827,0.32943,0.03047,0.00673,0.00000
25.20000,10.12000,0.30707,0.33515,0.02190,0.00150,0.00000
25.30000,10.16000,0.30459,0.34162,0.01256,-0.00369,-0.00000
25.40000,10.20000,0.30084,0.34879,0.00253,-0.00845,-0.00000
25.50000,10.24000,0.29584,0.35662,-0.00808,-0.01233,0.00000
25.60000,10.28000,0.28963,0.36504,-0.01915,-0.01494,0.00000
25.70000,10.32000,0.28224,0.37398,-0.03051,-0.01590,0.00000
25.80000,10.36000,0.27372,0.38334,-0.04198,-0.01490,0.00000
25.90000,10.40000,0.26410,0.39305,-0.05337,-0.01173,-0.00000
26.00000,10.44000,0.25344,0.40299,-0.06447,-0.00630,0.00000
26.10000,10.48000,0.24179,0.41307,-0.07510,0.00138,-0.00000
26.20000,10.52000,0.22922,0.42317,-0.08506,0.01114,-0.00000
26.30000,10.56000,0.21577,0.43321,-0.09420,0.02269,0.00000
26.40000,10.60000,0.20153,0.44307,-0.10239,0.03566,-0.00000
26.50000,10.64000,0.18655,0.45264,-0.10954,0.04953,0.00000
26.60000,10.68000,0.17090,0.46184,-0.11560,0.06376,0.00000
26.70000,10.72000,0.15466,0.47056,-0.12056,0.07773,0.00000
26.80000,10.76000,0.13789,0.47871,-0.12445,0.09082,0.00000
26.90000,10.80000,0.12067,0.48622,-0.12736,0.10244,0.00000
27.00000,10.84000,0.10307,0.49299,-0.12937,0.11205,0.00000
27.10000,10.88000,0.08516,0.49896,-0.13063,0.11915,0.00000
27.20000,10.92000,0.06700,0.50407,-0.13128,0.12338,0.00000
27.30000,10.96000,0.04868,0.50825,-0.13145,0.12446,0.00000
27.40000,11.00000,0.03025,0.51144,-0.13129,0.12225,0.00000
27.50000,11.04000,0.01178,0.51362,-0.13090,0.11671,0.00000
27.60000,11.08000,-0.00667,0.51473,-0.13036,0.10792,-0.00000
27.70000,11.12000,-0.02503,0.51476,-0.12974,0.09609,0.00000
27.80000,11.16000,-0.04325,0.51368,-0.12903,0.08148,-0.00000
27.90000,11.20000,-0.06126,0.51149,-0.12820,0.06446,0.00000
28.00000,11.24000,-0.07901,0.50817,-0.12718,0.04544,0.00000
28.10000,11.28000,-0.09644,0.50375,-0.12587,0.02484,-0.00000
28.20000,11.32000,-0.11350,0.49823,-0.12413,0.00312,0.00000
28.30000,11.36000,-0.13013,0.49163,-0.12183,-0.01927,0.00000
28.40000,11.40000,-0.14628,0.48400,-0.11881,-0.04191,0.00000
28.50000,11.44000,-0.16190,0.47538,-0.11494,-0.06439,-0.00000
28.60000,11.48000,-0.17694,0.46581,-0.11009,-0.08637,0.00000
28.70000,11.52000,-0.19135,0.45534,-0.10420,-0.10751,-0.00000
28.80000,11.56000,-0.20507,0.44405,-0.09720,-0.12756,0.00000
28.90000,11.60000,-0.21807,0.43200,-0.08911,-0.14628,0.00000
29.00000,11.64000,-0.23029,0.41926,-0.07997,-0.16347,0.00000
29.10000,11.68000,-0.24169,0.40592,-0.06988,-0.17898,0.00000
29.20000,11.72000,-0.25223,0.39204,-0.05899,-0.19267,0.00000
29.30000,11.76000,-0.26188,0.37773,-0.04745,-0.20444,0.00000
29.40000,11.80000,-0.27059,0.36305,-0.03549,-0.21419,-0.00000
29.50000,11.84000,-0.27834,0.34810,-0.02329,-0.22185,0.00000
29.60000,11.88000,-0.28511,0.33297,-0.01108,-0.22738,0.00000
29.70000,11.92000,-0.29086,0.31775,0.00095,-0.23073,0.00000
29.80000,11.96000,-0.29559,0.30253,0.01263,-0.23188,0.00000
29.90000,12.00000,-0.29928,0.28741,0.02384,-0.23084,-0.00000
30.00000,12.04000,-0.30193,0.27247,0.03447,-0.22764,-0.00000
30.10000,12.08000,-0.30354,0.25780,0.04448,-0.22231,0.00000
30.20000,12.12000,-0.30412,0.24351,0.05389,-0.21495,0.00000
30.30000,12.16000,-0.30368,0.22967,0.06273,-0.20566,0.00000
30.40000,12.20000,-0.30223,0.21638,0.07108,-0.19457,-0.00000
30.50000,12.24000,-0.29979,0.20373,0.07905,-0.18185,0.00000
30.60000,12.28000,-0.29641,0.19179,0.08677,-0.16768,0.00000
30.70000,12.32000,-0.29209,0.18066,0.09436,-0.15226,-0.00000
30.80000,12.36000,-0.28689,0.17039,0.10192,-0.13581,0.00000
30.90000,12.40000,-0.28083,0.16107,0.10955,-0.11854,0.00000
31.00000,12.44000,-0.27396,0.15274,0.11728,-0.10068,0.00000
31.10000,12.48000,-0.26632,0.14547,0.12514,-0.08244,0.00000
31.20000,12.52000,-0.25794,0.13928,0.13307,-0.06404,0.00000
31.30000,12.56000,-0.24888,0.13422,0.14098,-0.04565,0.00000
31.40000,12.60000,-0.23917,0.13029,0.14873,-0.02746,0.00000
31.50000,12.64000,-0.22886,0.12750,0.15615,-0.00963,-0.00000
31.60000,12.68000,-0.21800,0.12585,0.16301,0.00769,0.00000
31.70000,12.72000,-0.20662,0.12533,0.16910,0.02437,0.00000
31.80000,12.76000,-0.19476,0.12589,0.17416,0.04028,0.00000
31.90000,12.80000,-0.18247,0.12750,0.17798,0.05533,0.00000
32.00000,12.84000,-0.16978,0.13012,0.18035,0.06939,0.00000
32.10000,12.88000,-0.15674,0.13368,0.18111,0.08237,-0.00000
32.20000,12.92000,-0.14339,0.13812,0.18012,0.09417,0.00000
32.30000,12.96000,-0.12975,0.14337,0.17732,0.10469,0.00000
32.40000,13.00000,-0.11587,0.14936,0.17270,0.11385,0.00000
32.50000,13.04000,-0.10179,0.15601,0.16630,0.12157,0.00000
32.60000,13.08000,-0.08754,0.16325,0.15824,0.12777,-0.00000
32.70000,13.12000,-0.07316,0.17099,0.14865,0.13243,0.00000
32.80000,13.16000,-0.05870,0.17917,0.13774,0.13551,0.00000
32.90000,13.20000,-0.04418,0.18772,0.12573,0.13702,0.00000
33.00000,13.24000,-0.02966,0.19655,0.11285,0.13700,0.00000
33.10000,13.28000,-0.01516,0.20561,0.09937,0.13551,0.00000
33.20000,13.32000,-0.00075,0.21482,0.08551,0.13268,0.00000
33.30000,13.36000,0.01355,0.22414,0.07150,0.12864,0.00000
33.40000,13.40000,0.02769,0.23349,0.05753,0.12357,0.00000
33.50000,13.44000,0.04161,0.24282,0.04378,0.11766,0.00000
33.60000,13.48000,0.05528,0.25208,0.03036,0.11113,0.00000
33.70000,13.52000,0.06864,0.26121,0.01737,0.10420,-0.00000
33.80000,13.56000,0.08164,0.27016,0.00486,0.09709,0.00000
33.90000,13.60000,0.09424,0.27888,-0.00715,0.09001,0.00000
34.00000,13.64000,0.10639,0.28733,-0.01867,0.08313,0.00000
34.10000,13.68000,0.11803,0.29546,-0.02972,0.07662,0.00000
34.20000,13.72000,0.12913,0.30321,-0.04036,0.07057,0.00000
34.30000,13.76000,0.13962,0.31056,-0.05062,0.06506,-0.00000
34.40000,13.80000,0.14947,0.31746,-0.06055,0.06012,0.00000
34.50000,13.84000,0.15864,0.32389,-0.07021,0.05573,0.00000
34.60000,13.88000,0.16708,0.32979,-0.07962,0.05183,0.00000
34.70000,13.92000,0.17476,0.33516,-0.08881,0.04833,0.00000
34.80000,13.96000,0.18165,0.33998,-0.09778,0.04514,-0.00000
34.90000,14.00000,0.18772,0.34422,-0.10653,0.04212,0.00000
35.00000,14.04000,0.19295,0.34788,-0.11504,0.03915,0.00000
35.10000,14.08000,0.19732,0.35095,-0.12329,0.03612,0.00000
35.20000,14.12000,0.20084,0.35345,-0.13124,0.03292,0.00000
35.30000,14.16000,0.20350,0.35537,-0.13885,0.02948,0.00000
35.40000,14.20000,0.20531,0.35673,-0.14606,0.02574,0.00000
35.50000,14.24000,0.20629,0.35755,-0.15283,0.02170,0.00000
35.60000,14.28000,0.20645,0.35785,-0.15911,0.01735,0.00000
35.70000,14.32000,0.20584,0.35766,-0.16483,0.01273,0.00000
35.80000,14.36000,0.20449,0.35699,-0.16994,0.00792,0.00000
35.90000,14.40000,0.20244,0.35588,-0.17436,0.00298,0.00000
36.00000,14.44000,0.19975,0.35435,-0.17802,-0.00200,0.00000
36.10000,14.48000,0.19647,0.35244,-0.18083,-0.00694,0.00000
36.20000,14.52000,0.19266,0.35018,-0.18270,-0.01174,-0.00000
36.30000,14.56000,0.18839,0.34759,-0.18352,-0.01633,0.00000
36.40000,14.60000,0.18371,0.34470,-0.18318,-0.02065,0.00000
36.50000,14.64000,0.17869,0.34154,-0.18155,-0.02465,0.00000
36.60000,14.68000,0.17341,0.33814,-0.17853,-0.02830,-0.00000
36.70000,14.72000,0.16791,0.33453,-0.17400,-0.03157,0.00000
36.80000,14.76000,0.16226,0.33075,-0.16785,-0.03445,-0.00000
36.90000,14.80000,0.15652,0.32681,-0.16001,-0.03692,0.00000
37.00000,14.84000,0.15073,0.32276,-0.15041,-0.03895,-0.00000
37.10000,14.88000,0.14495,0.31862,-0.13905,-0.04053,0.00000
37.20000,14.92000,0.13923,0.31443,-0.12594,-0.04161,0.00000
37.30000,14.96000,0.13358,0.31022,-0.11116,-0.04212,0.00000
37.40000,15.00000,0.12806,0.30603,-0.09483,-0.04201,0.00000
37.50000,15.04000,0.12268,0.30190,-0.07712,-0.04118,0.00000
37.60000,15.08000,0.11747,0.29785,-0.05825,-0.03954,-0.00000
37.70000,15.12000,0.11243,0.29392,-0.03848,-0.03699,0.00000
37.80000,15.16000,0.10758,0.29015,-0.01812,-0.03346,0.00000
37.90000,15.20000,0.10293,0.28657,0.00251,-0.02889,0.00000
38.00000,15.24000,0.09847,0.28320,0.02305,-0.02323,0.00000
38.10000,15.28000,0.09420,0.28007,0.04318,-0.01651,0.00000
38.20000,15.32000,0.09010,0.27721,0.06254,-0.00878,0.00000
38.30000,15.36000,0.08618,0.27462,0.08083,-0.00015,-0.00000
38.40000,15.40000,0.08240,0.27233,0.09778,0.00919,-0.00000
38.50000,15.44000,0.07876,0.27034,0.11316,0.01902,0.00000
38.60000,15.48000,0.07522,0.26867,0.12679,0.02905,0.00000
38.70000,15.52000,0.07176,0.26730,0.13854,0.03896,0.00000
38.80000,15.56000,0.06836,0.26625,0.14838,0.04840,0.00000
38.90000,15.60000,0.06497,0.26550,0.15629,0.05701,0.00000
39.00000,15.64000,0.06157,0.26505,0.16233,0.06442,0.00000
39.10000,15.68000,0.05811,0.26489,0.16661,0.07032,0.00000
39.20000,15.72000,0.05456,0.26500,0.16926,0.07440,-0.00000
39.30000,15.76000,0.05089,0.26537,0.17045,0.07646,0.00000
39.40000,15.80000,0.04705,0.26599,0.17036,0.07635,-0.00000
39.50000,15.84000,0.04300,0.26683,0.16919,0.07401,0.00000
39.60000,15.88000,0.03871,0.26788,0.16711,0.06947,0.00000
39.70000,15.92000,0.03415,0.26912,0.16429,0.06285,0.00000
39.80000,15.96000,0.02928,0.27053,0.16087,0.05436,0.00000
39.90000,16.00000,0.02408,0.27208,0.15697,0.04429,0.00000
40.00000,16.04000,0.01852,0.27377,0.15268,0.03299,0.00000
40.10000,16.08000,0.01260,0.27555,0.14804,0.02085,-0.00000
40.20000,16.12000,0.00629,0.27742,0.14308,0.00827,0.00000
40.30000,16.16000,-0.00040,0.27934,0.13779,-0.00433,0.00000
40.40000,16.20000,-0.00746,0.28128,0.13216,-0.01656,-0.00000
40.50000,16.24000,-0.01489,0.28323,0.12614,-0.02805,0.00000
40.60000,16.28000,-0.02267,0.28515,0.11970,-0.03851,0.00000
40.70000,16.32000,-0.03077,0.28702,0.11277,-0.04770,0.00000
40.80000,16.36000,-0.03915,0.28880,0.10533,-0.05544,0.00000
40.90000,16.40000,-0.04777,0.29048,0.09735,-0.06163,-0.00000
41.00000,16.44000,-0.05660,0.29203,0.08880,-0.06624,-0.00000
41.10000,16.48000,-0.06556,0.29342,0.07970,-0.06931,0.00000
41.20000,16.52000,-0.07462,0.29463,0.07007,-0.07090,0.00000
41.30000,16.56000,-0.08370,0.29565,0.05995,-0.07114,0.00000
41.40000,16.60000,-0.09274,0.29646,0.04940,-0.07015,0.00000
41.50000,16.64000,-0.10167,0.29706,0.03850,-0.06809,0.00000
41.60000,16.68000,-0.11044,0.29744,0.02734,-0.06510,0.00000
41.70000,16.72000,-0.11896,0.29760,0.01603,-0.06130,0.00000
41.80000,16.76000,-0.12717,0.29755,0.00469,-0.05679,0.00000
41.90000,16.80000,-0.13502,0.29729,-0.00658,-0.05165,0.00000
42.00000,16.84000,-0.14242,0.29685,-0.01766,-0.04594,0.00000
42.10000,16.88000,-0.14933,0.29625,-0.02842,-0.03969,0.00000
42.20000,16.92000,-0.15568,0.29552,-0.03875,-0.03293,-0.00000
42.30000,16.96000,-0.16142,0.29468,-0.04854,-0.02566,0.00000
42.40000,17.00000,-0.16651,0.29377,-0.05767,-0.01792,0.00000
42.50000,17.04000,-0.17091,0.29283,-0.06604,-0.00976,-0.00000
42.60000,17.08000,-0.17457,0.29190,-0.07357,-0.00124,0.00000
42.70000,17.12000,-0.17746,0.29102,-0.08016,0.00752,-0.00000
42.80000,17.16000,-0.17956,0.29024,-0.08575,0.01636,-0.00000
42.90000,17.20000,-0.18086,0.28959,-0.09026,0.02509,0.00000
43.00000,17.24000,-0.18134,0.28914,-0.09366,0.03347,0.00000
43.10000,17.28000,-0.18100,0.28891,-0.09592,0.04123,-0.00000
43.20000,17.32000,-0.17985,0.28895,-0.09704,0.04807,0.00000
43.30000,17.36000,-0.17788,0.28929,-0.09703,0.05371,-0.00000
43.40000,17.40000,-0.17513,0.28998,-0.09593,0.05784,0.00000
43.50000,17.44000,-0.17161,0.29104,-0.09382,0.06020,0.00000
43.60000,17.48000,-0.16735,0.29250,-0.09080,0.06057,0.00000
43.70000,17.52000,-0.16240,0.29437,-0.08700,0.05879,0.00000
43.80000,17.56000,-0.15678,0.29668,-0.08256,0.05477,0.00000
43.90000,17.60000,-0.15056,0.29943,-0.07765,0.04850,0.00000
44.00000,17.64000,-0.14378,0.30263,-0.07246,0.04006,0.00000
44.10000,17.68000,-0.13650,0.30627,-0.06718,0.02960,0.00000
44.20000,17.72000,-0.12877,0.31034,-0.06201,0.01738,0.00000
44.30000,17.76000,-0.12066,0.31482,-0.05713,0.00371,0.00000
44.40000,17.80000,-0.11223,0.31968,-0.05272,-0.01103,0.00000
44.50000,17.84000,-0.10354,0.32490,-0.04892,-0.02643,0.00000
44.60000,17.88000,-0.09466,0.33043,-0.04585,-0.04204,-0.00000
44.70000,17.92000,-0.08565,0.33623,-0.04359,-0.05742,0.00000
44.80000,17.96000,-0.07658,0.34224,-0.04219,-0.07214,0.00000
44.90000,18.00000,-0.06750,0.34842,-0.04163,-0.08582,0.00000
45.00000,18.04000,-0.05847,0.35469,-0.04187,-0.09810,0.00000
45.10000,18.08000,-0.04955,0.36100,-0.04282,-0.10871,0.00000
45.20000,18.12000,-0.04079,0.36726,-0.04438,-0.11744,0.00000
45.30000,18.16000,-0.03223,0.37342,-0.04638,-0.12415,-0.00000
45.40000,18.20000,-0.02393,0.37941,-0.04866,-0.12877,0.00000
45.50000,18.24000,-0.01591,0.38514,-0.05105,-0.13131,-0.00000
45.60000,18.28000,-0.00822,0.39055,-0.05335,-0.13184,-0.00000
45.70000,18.32000,-0.00087,0.39557,-0.05541,-0.13047,0.00000
45.80000,18.36000,0.00610,0.40015,-0.05706,-0.12738,-0.00000
45.90000,18.40000,0.01268,0.40421,-0.05820,-0.12273,0.00000
46.00000,18.44000,0.01886,0.40771,-0.05871,-0.11674,0.00000
46.10000,18.48000,0.02464,0.41060,-0.05853,-0.10960,0.00000
46.20000,18.52000,0.03001,0.41285,-0.05766,-0.10151,0.00000
46.30000,18.56000,0.03497,0.41442,-0.05609,-0.09265,0.00000
46.40000,18.60000,0.03953,0.41530,-0.05387,-0.08317,0.00000
46.50000,18.64000,0.04371,0.41548,-0.05108,-0.07321,0.00000
46.60000,18.68000,0.04751,0.41496,-0.04779,-0.06287,0.00000
46.70000,18.72000,0.05097,0.41376,-0.04411,-0.05223,0.00000
46.80000,18.76000,0.05408,0.41189,-0.04015,-0.04135,0.00000
46.90000,18.80000,0.05688,0.40940,-0.03599,-0.03028,-0.00000
47.00000,18.84000,0.05939,0.40632,-0.03174,-0.01905,-0.00000
47.10000,18.88000,0.06164,0.40271,-0.02745,-0.00767,0.00000
47.20000,18.92000,0.06363,0.39863,-0.02318,0.00384,0.00000
47.30000,18.96000,0.06540,0.39416,-0.01894,0.01546,0.00000
47.40000,19.00000,0.06696,0.38935,-0.01474,0.02716,-0.00000
47.50000,19.04000,0.06834,0.38430,-0.01054,0.03893,-0.00000
47.60000,19.08000,0.06955,0.37907,-0.00630,0.05071,-0.00000
47.70000,19.12000,0.07062,0.37374,-0.00195,0.06247,-0.00000
47.80000,19.16000,0.07155,0.36840,0.00255,0.07416,0.00000
47.90000,19.20000,0.07238,0.36310,0.00730,0.08570,-0.00000
48.00000,19.24000,0.07311,0.35791,0.01234,0.09702,0.00000
48.10000,19.28000,0.07375,0.35289,0.01772,0.10804,-0.00000
48.20000,19.32000,0.07433,0.34808,0.02346,0.11867,-0.00000
48.30000,19.36000,0.07486,0.34352,0.02958,0.12879,-0.00000
48.40000,19.40000,0.07535,0.33922,0.03605,0.13830,0.00000
48.50000,19.44000,0.07582,0.33519,0.04282,0.14708,0.00000
48.60000,19.48000,0.07628,0.33143,0.04982,0.15498,0.00000
48.70000,19.52000,0.07676,0.32790,0.05694,0.16186,0.00000
48.80000,19.56000,0.07725,0.32458,0.06407,0.16757,-0.00000
48.90000,19.60000,0.07779,0.32141,0.07108,0.17195,0.00000
49.00000,19.64000,0.07837,0.31833,0.07785,0.17483,0.00000
49.10000,19.68000,0.07901,0.31527,0.08423,0.17607,0.00000
49.20000,19.72000,0.07972,0.31215,0.09010,0.17552,0.00000
49.30000,19.76000,0.08050,0.30888,0.09536,0.17304,-0.00000
49.40000,19.80000,0.08136,0.30537,0.09993,0.16855,-0.00000
49.50000,19.84000,0.08229,0.30151,0.10373,0.16197,0.00000
49.60000,19.88000,0.08328,0.29722,0.10673,0.15328,0.00000
49.70000,19.92000,0.08432,0.29241,0.10892,0.14253,-0.00000
49.80000,19.96000,0.08540,0.28698,0.11030,0.12978,0.00000
49.90000,20.00000,0.08650,0.28087,0.11093,0.11521,0.00000
50.00000,20.04000,0.08758,0.27400,0.11083,0.09900,0.00000
50.10000,20.08000,0.08863,0.26633,0.11007,0.08144,0.00000
50.20000,20.12000,0.08960,0.25780,0.10872,0.06285,0.00000
50.30000,20.16000,0.09048,0.24841,0.10682,0.04360,0.00000
50.40000,20.20000,0.09120,0.23814,0.10443,0.02409,0.00000
50.50000,20.24000,0.09175,0.22701,0.10158,0.00473,0.00000
50.60000,20.28000,0.09209,0.21505,0.09827,-0.01405,0.00000
50.70000,20.32000,0.09216,0.20230,0.09451,-0.03183,0.00000
50.80000,20.36000,0.09196,0.18884,0.09024,-0.04825,0.00000
50.90000,20.40000,0.09143,0.17476,0.08542,-0.06296,0.00000
51.00000,20.44000,0.09055,0.16014,0.07997,-0.07571,-0.00000
51.10000,20.48000,0.08931,0.14512,0.07379,-0.08630,0.00000
51.20000,20.52000,0.08767,0.12981,0.06678,-0.09460,0.00000
51.30000,20.56000,0.08564,0.11437,0.05884,-0.10059,0.00000
51.40000,20.60000,0.08319,0.09894,0.04987,-0.10431,0.00000
51.50000,20.64000,0.08032,0.08367,0.03978,-0.10590,0.00000
51.60000,20.68000,0.07705,0.06874,0.02854,-0.10556,-0.00000
51.70000,20.72000,0.07336,0.05430,0.01610,-0.10354,-0.00000
51.80000,20.76000,0.06929,0.04052,0.00249,-0.10015,0.00000
51.90000,20.80000,0.06483,0.02756,-0.01223,-0.09571,0.00000
52.00000,20.84000,0.06001,0.01558,-0.02797,-0.09057,0.00000
52.10000,20.88000,0.05486,0.00473,-0.04458,-0.08505,0.00000
52.20000,20.92000,0.04940,-0.00484,-0.06185,-0.07947,0.00000
52.30000,20.96000,0.04366,-0.01301,-0.07956,-0.07411,0.00000
52.40000,21.00000,0.03767,-0.01965,-0.09742,-0.06918,0.00000
52.50000,21.04000,0.03145,-0.02466,-0.11514,-0.06486,0.00000
52.60000,21.08000,0.02506,-0.02794,-0.13241,-0.06128,-0.00000
52.70000,21.12000,0.01851,-0.02942,-0.14890,-0.05848,0.00000
52.80000,21.16000,0.01184,-0.02903,-0.16429,-0.05647,0.00000
52.90000,21.20000,0.00509,-0.02673,-0.17827,-0.05520,0.00000
53.00000,21.24000,-0.00171,-0.02248,-0.19057,-0.05458,-0.00000
53.10000,21.28000,-0.00852,-0.01628,-0.20093,-0.05449,0.00000
53.20000,21.32000,-0.01531,-0.00813,-0.20914,-0.05480,0.00000
53.30000,21.36000,-0.02205,0.00197,-0.21506,-0.05534,0.00000
53.40000,21.40000,-0.02871,0.01396,-0.21855,-0.05598,0.00000
53.50000,21.44000,-0.03525,0.02781,-0.21957,-0.05656,0.00000
53.60000,21.48000,-0.04165,0.04345,-0.21810,-0.05696,0.00000
53.70000,21.52000,-0.04788,0.06081,-0.21416,-0.05709,-0.00000
53.80000,21.56000,-0.05392,0.07980,-0.20785,-0.05685,-0.00000
53.90000,21.60000,-0.05973,0.10033,-0.19925,-0.05620,-0.00000
54.00000,21.64000,-0.06531,0.12230,-0.18850,-0.05510,0.00000
54.10000,21.68000,-0.07062,0.14559,-0.17575,-0.05354,0.00000
54.20000,21.72000,-0.07565,0.17008,-0.16116,-0.05154,0.00000
54.30000,21.76000,-0.08037,0.19565,-0.14488,-0.04911,0.00000
54.40000,21.80000,-0.08479,0.22217,-0.12709,-0.04629,0.00000
54.50000,21.84000,-0.08887,0.24951,-0.10792,-0.04311,0.00000
54.60000,21.88000,-0.09261,0.27752,-0.08752,-0.03961,0.00000
54.70000,21.92000,-0.09600,0.30609,-0.06601,-0.03583,0.00000
54.80000,21.96000,-0.09902,0.33505,-0.04352,-0.03180,0.00000
54.90000,22.00000,-0.10166,0.36427,-0.02016,-0.02754,0.00000
55.00000,22.04000,-0.10391,0.39362,0.00395,-0.02308,-0.00000
55.10000,22.08000,-0.10576,0.42293,0.02871,-0.01845,0.00000
55.20000,22.12000,-0.10721,0.45208,0.05398,-0.01367,0.00000
55.30000,22.16000,-0.10823,0.48091,0.07963,-0.00876,0.00000
55.40000,22.20000,-0.10884,0.50928,0.10548,-0.00376,0.00000
55.50000,22.24000,-0.10901,0.53704,0.13136,0.00130,0.00000
55.60000,22.28000,-0.10875,0.56405,0.15705,0.00638,0.00000
55.70000,22.32000,-0.10804,0.59015,0.18229,0.01143,0.00000
55.80000,22.36000,-0.10690,0.61519,0.20683,0.01640,-0.00000
55.90000,22.40000,-0.10531,0.63904,0.23036,0.02124,0.00000
56.00000,22.44000,-0.10328,0.66156,0.25258,0.02588,0.00000
56.10000,22.48000,-0.10082,0.68259,0.27318,0.03027,0.00000
56.20000,22.52000,-0.09794,0.70200,0.29185,0.03436,0.00000
56.30000,22.56000,-0.09465,0.71966,0.30828,0.03809,0.00000
56.40000,22.60000,-0.09098,0.73546,0.32220,0.04146,-0.00000
56.50000,22.64000,-0.08693,0.74927,0.33337,0.04443,0.00000
56.60000,22.68000,-0.08254,0.76101,0.34160,0.04700,0.00000
56.70000,22.72000,-0.07784,0.77056,0.34674,0.04920,0.00000
56.80000,22.76000,-0.07286,0.77787,0.34871,0.05106,0.00000
56.90000,22.80000,-0.06764,0.78288,0.34749,0.05262,0.00000
57.00000,22.84000,-0.06221,0.78554,0.34311,0.05394,0.00000
57.10000,22.88000,-0.05663,0.78584,0.33565,0.05511,0.00000
57.20000,22.92000,-0.05093,0.78376,0.32527,0.05619,0.00000
57.30000,22.96000,-0.04516,0.77933,0.31214,0.05725,0.00000
57.40000,23.00000,-0.03937,0.77258,0.29649,0.05837,0.00000
57.50000,23.04000,-0.03360,0.76356,0.27855,0.05959,0.00000
57.60000,23.08000,-0.02790,0.75235,0.25857,0.06097,-0.00000
57.70000,23.12000,-0.02233,0.73903,0.23680,0.06253,0.00000
57.80000,23.16000,-0.01691,0.72372,0.21346,0.06426,0.00000
57.90000,23.20000,-0.01170,0.70651,0.18878,0.06614,0.00000
58.00000,23.24000,-0.00673,0.68756,0.16295,0.06813,0.00000
58.10000,23.28000,-0.00204,0.66699,0.13613,0.07015,0.00000
58.20000,23.32000,0.00233,0.64496,0.10844,0.07212,0.00000
58.30000,23.36000,0.00637,0.62161,0.08000,0.07393,0.00000
58.40000,23.40000,0.01003,0.59710,0.05088,0.07548,-0.00000
58.50000,23.44000,0.01332,0.57160,0.02116,0.07664,-0.00000
58.60000,23.48000,0.01620,0.54526,-0.00911,0.07730,0.00000
58.70000,23.52000,0.01867,0.51826,-0.03985,0.07735,0.00000
58.80000,23.56000,0.02072,0.49074,-0.07099,0.07669,0.00000
58.90000,23.60000,0.02236,0.46286,-0.10244,0.07526,0.00000
59.00000,23.64000,0.02360,0.43479,-0.13406,0.07300,-0.00000
59.10000,23.68000,0.02444,0.40667,-0.16568,0.06991,0.00000
59.20000,23.72000,0.02490,0.37865,-0.19712,0.06599,0.00000
59.30000,23.76000,0.02501,0.35087,-0.22813,0.06129,0.00000
59.40000,23.80000,0.02479,0.32348,-0.25844,0.05588,-0.00000
59.50000,23.84000,0.02426,0.29660,-0.28775,0.04988,-0.00000
59.60000,23.88000,0.02348,0.27035,-0.31572,0.04341,0.00000
59.70000,23.92000,0.02247,0.24486,-0.34203,0.03663,0.00000
59.80000,23.96000,0.02127,0.22023,-0.36632,0.02969,-0.00000
59.90000,24.00000,0.01994,0.19656,-0.38826,0.02276,0.00000
60.00000,24.04000,0.01850,0.17395,-0.40755,0.01600,-0.00000
60.10000,24.08000,0.01702,0.15247,-0.42388,0.00957,-0.00000
60.20000,24.12000,0.01552,0.13219,-0.43701,0.00359,0.00000
60.30000,24.16000,0.01407,0.11317,-0.44674,-0.00184,0.00000
60.40000,24.20000,0.01269,0.09544,-0.45292,-0.00664,0.00000
60.50000,24.24000,0.01143,0.07903,-0.45544,-0.01079,0.00000
60.60000,24.28000,0.01032,0.06397,-0.45427,-0.01430,0.00000
60.70000,24.32000,0.00940,0.05024,-0.44940,-0.01723,0.00000
60.80000,24.36000,0.00870,0.03785,-0.44090,-0.01965,0.00000
60.90000,24.40000,0.00825,0.02676,-0.42887,-0.02170,0.00000
61.00000,24.44000,0.00805,0.01695,-0.41344,-0.02354,0.00000
61.10000,24.48000,0.00814,0.00837,-0.39481,-0.02533,0.00000
61.20000,24.52000,0.00852,0.00097,-0.37317,-0.02727,0.00000
61.30000,24.56000,0.00919,-0.00530,-0.34876,-0.02952,-0.00000
61.40000,24.60000,0.01015,-0.01050,-0.32184,-0.03227,0.00000
61.50000,24.64000,0.01141,-0.01470,-0.29268,-0.03566,-0.00000
61.60000,24.68000,0.01294,-0.01796,-0.26156,-0.03980,0.00000
61.70000,24.72000,0.01474,-0.02033,-0.22879,-0.04476,-0.00000
61.80000,24.76000,0.01678,-0.02187,-0.19470,-0.05056,0.00000
61.90000,24.80000,0.01905,-0.02265,-0.15960,-0.05719,0.00000
62.00000,24.84000,0.02151,-0.02271,-0.12383,-0.06454,-0.00000
62.10000,24.88000,0.02414,-0.02209,-0.08776,-0.07250,-0.00000
62.20000,24.92000,0.02690,-0.02083,-0.05173,-0.08089,0.00000
62.30000,24.96000,0.02977,-0.01897,-0.01610,-0.08950,0.00000
62.40000,25.00000,0.03269,-0.01654,0.01876,-0.09809,0.00000
62.50000,25.04000,0.03564,-0.01357,0.05250,-0.10643,0.00000
62.60000,25.08000,0.03858,-0.01007,0.08479,-0.11426,0.00000
62.70000,25.12000,0.04147,-0.00607,0.11532,-0.12136,0.00000
62.80000,25.16000,0.04427,-0.00158,0.14380,-0.12752,0.00000
62.90000,25.20000,0.04694,0.00339,0.17001,-0.13260,0.00000
63.00000,25.24000,0.04945,0.00881,0.19374,-0.13646,-0.00000
63.10000,25.28000,0.05176,0.01467,0.21487,-0.13906,0.00000
63.20000,25.32000,0.05383,0.02097,0.23331,-0.14038,0.00000
63.30000,25.36000,0.05564,0.02768,0.24905,-0.14047,0.00000
63.40000,25.40000,0.05716,0.03479,0.26215,-0.13943,-0.00000
63.50000,25.44000,0.05836,0.04229,0.27269,-0.13738,0.00000
63.60000,25.48000,0.05921,0.05017,0.28084,-0.13449,0.00000
63.70000,25.52000,0.05971,0.05841,0.28679,-0.13093,0.00000
63.80000,25.56000,0.05983,0.06700,0.29078,-0.12688,0.00000
63.90000,25.60000,0.05956,0.07593,0.29305,-0.12249,-0.00000
64.00000,25.64000,0.05890,0.08519,0.29387,-0.11790,0.00000
64.10000,25.68000,0.05783,0.09478,0.29348,-0.11320,0.00000
64.20000,25.72000,0.05637,0.10469,0.29213,-0.10844,0.00000
64.30000,25.76000,0.05451,0.11492,0.29001,-0.10362,0.00000
64.40000,25.80000,0.05226,0.12546,0.28729,-0.09867,-0.00000
64.50000,25.84000,0.04963,0.13633,0.28412,-0.09350,0.00000
64.60000,25.88000,0.04665,0.14751,0.28056,-0.08794,0.00000
64.70000,25.92000,0.04332,0.15901,0.27666,-0.08183,-0.00000
64.80000,25.96000,0.03967,0.17082,0.27241,-0.07496,-0.00000
64.90000,26.00000,0.03574,0.18294,0.26778,-0.06713,0.00000
65.00000,26.04000,0.03154,0.19537,0.26270,-0.05814,0.00000
65.10000,26.08000,0.02711,0.20808,0.25709,-0.04784,0.00000
65.20000,26.12000,0.02248,0.22107,0.25085,-0.03610,0.00000
65.30000,26.16000,0.01770,0.23431,0.24390,-0.02286,0.00000
65.40000,26.20000,0.01280,0.24778,0.23616,-0.00810,0.00000
65.50000,26.24000,0.00782,0.26143,0.22756,0.00810,0.00000
65.60000,26.28000,0.00280,0.27524,0.21808,0.02561,-0.00000
65.70000,26.32000,-0.00222,0.28914,0.20770,0.04423,0.00000
65.80000,26.36000,-0.00719,0.30310,0.19644,0.06370,0.00000
65.90000,26.40000,-0.01207,0.31705,0.18435,0.08371,0.00000
66.00000,26.44000,-0.01682,0.33093,0.17149,0.10391,-0.00000
66.10000,26.48000,-0.02141,0.34468,0.15796,0.12392,0.00000
66.20000,26.52000,-0.02578,0.35823,0.14383,0.14336,-0.00000
66.30000,26.56000,-0.02991,0.37151,0.12922,0.16185,0.00000
66.40000,26.60000,-0.03376,0.38445,0.11420,0.17903,0.00000
66.50000,26.64000,-0.03730,0.39698,0.09885,0.19457,0.00000
66.60000,26.68000,-0.04049,0.40905,0.08325,0.20820,0.00000
66.70000,26.72000,-0.04331,0.42058,0.06744,0.21966,0.00000
66.80000,26.76000,-0.04574,0.43153,0.05143,0.22878,-0.00000
66.90000,26.80000,-0.04774,0.44183,0.03526,0.23543,0.00000
67.00000,26.84000,-0.04930,0.45146,0.01890,0.23954,0.00000
67.10000,26.88000,-0.05041,0.46038,0.00235,0.24108,0.00000
67.20000,26.92000,-0.05104,0.46855,-0.01439,0.24008,0.00000
67.30000,26.96000,-0.05120,0.47595,-0.03133,0.23662,0.00000
67.40000,27.00000,-0.05087,0.48259,-0.04845,0.23081,0.00000
67.50000,27.04000,-0.05004,0.48845,-0.06572,0.22278,0.00000
67.60000,27.08000,-0.04872,0.49355,-0.08306,0.21273,0.00000
67.70000,27.12000,-0.04692,0.49790,-0.10039,0.20084,0.00000
67.80000,27.16000,-0.04462,0.50153,-0.11756,0.18735,0.00000
67.90000,27.20000,-0.04185,0.50446,-0.13441,0.17251,0.00000
68.00000,27.24000,-0.03861,0.50674,-0.15074,0.15657,0.00000
68.10000,27.28000,-0.03493,0.50841,-0.16634,0.13983,0.00000
68.20000,27.32000,-0.03081,0.50951,-0.18096,0.12258,0.00000
68.30000,27.36000,-0.02629,0.51009,-0.19437,0.10511,0.00000
68.40000,27.40000,-0.02138,0.51020,-0.20632,0.08774,0.00000
68.50000,27.44000,-0.01612,0.50989,-0.21660,0.07078,-0.00000
68.60000,27.48000,-0.01054,0.50920,-0.22499,0.05450,0.00000
68.70000,27.52000,-0.00467,0.50819,-0.23135,0.03917,0.00000
68.80000,27.56000,0.00145,0.50689,-0.23554,0.02503,0.00000
68.90000,27.60000,0.00779,0.50533,-0.23749,0.01227,0.00000
69.00000,27.64000,0.01431,0.50354,-0.23717,0.00102,0.00000
69.10000,27.68000,0.02096,0.50156,-0.23460,-0.00866,-0.00000
69.20000,27.72000,0.02771,0.49939,-0.22985,-0.01675,0.00000
69.30000,27.76000,0.03451,0.49705,-0.22301,-0.02335,0.00000
69.40000,27.80000,0.04132,0.49454,-0.21425,-0.02859,0.00000
69.50000,27.84000,0.04810,0.49186,-0.20372,-0.03269,0.00000
69.60000,27.88000,0.05480,0.48902,-0.19163,-0.03593,0.00000
69.70000,27.92000,0.06140,0.48600,-0.17817,-0.03861,-0.00000
69.80000,27.96000,0.06784,0.48279,-0.16357,-0.04110,0.00000
69.90000,28.00000,0.07409,0.47938,-0.14802,-0.04372,-0.00000
70.00000,28.04000,0.08011,0.47577,-0.13174,-0.04682,-0.00000
70.10000,28.08000,0.08586,0.47193,-0.11492,-0.05069,0.00000
70.20000,28.12000,0.09130,0.46786,-0.09774,-0.05555,0.00000
70.30000,28.16000,0.09640,0.46355,-0.08038,-0.06156,0.00000
70.40000,28.20000,0.10112,0.45899,-0.06301,-0.06876,0.00000
70.50000,28.24000,0.10541,0.45418,-0.04578,-0.07710,0.00000
70.60000,28.28000,0.10925,0.44912,-0.02886,-0.08643,-0.00000
70.70000,28.32000,0.11259,0.44380,-0.01239,-0.09647,0.00000
70.80000,28.36000,0.11540,0.43822,0.00347,-0.10688,0.00000
70.90000,28.40000,0.11764,0.43239,0.01856,-0.11723,0.00000
71.00000,28.44000,0.11926,0.42632,0.03273,-0.12705,0.00000
71.10000,28.48000,0.12023,0.42000,0.04580,-0.13585,-0.00000
71.20000,28.52000,0.12051,0.41344,0.05763,-0.14315,-0.00000
71.30000,28.56000,0.12007,0.40666,0.06805,-0.14851,0.00000
71.40000,28.60000,0.11887,0.39964,0.07692,-0.15158,0.00000
71.50000,28.64000,0.11687,0.39241,0.08412,-0.15209,0.00000
71.60000,28.68000,0.11405,0.38496,0.08954,-0.14991,0.00000
71.70000,28.72000,0.11037,0.37730,0.09310,-0.14501,0.00000
71.80000,28.76000,0.10582,0.36944,0.09476,-0.13754,0.00000
71.90000,28.80000,0.10039,0.36139,0.09452,-0.12776,0.00000
72.00000,28.84000,0.09405,0.35316,0.09241,-0.11605,0.00000
72.10000,28.88000,0.08680,0.34478,0.08852,-0.10289,0.00000
72.20000,28.92000,0.07865,0.33625,0.08296,-0.08884,0.00000
72.30000,28.96000,0.06962,0.32760,0.07590,-0.07449,0.00000
72.40000,29.00000,0.05971,0.31887,0.06753,-0.06045,-0.00000
72.50000,29.04000,0.04895,0.31009,0.05808,-0.04727,0.00000
72.60000,29.08000,0.03739,0.30130,0.04779,-0.03547,0.00000
72.70000,29.12000,0.02506,0.29255,0.03691,-0.02544,0.00000
72.80000,29.16000,0.01202,0.28390,0.02572,-0.01747,-0.00000
72.90000,29.20000,-0.00167,0.27540,0.01445,-0.01173,0.00000
73.00000,29.24000,-0.01593,0.26711,0.00336,-0.00824,-0.00000
73.10000,29.28000,-0.03070,0.25911,-0.00733,-0.00687,0.00000
73.20000,29.32000,-0.04588,0.25145,-0.01744,-0.00741,0.00000
73.30000,29.36000,-0.06138,0.24421,-0.02679,-0.00950,0.00000
73.40000,29.40000,-0.07712,0.23744,-0.03525,-0.01274,0.00000
73.50000,29.44000,-0.09298,0.23121,-0.04273,-0.01668,-0.00000
73.60000,29.48000,-0.10886,0.22557,-0.04916,-0.02085,0.00000
73.70000,29.52000,-0.12466,0.22056,-0.05451,-0.02480,0.00000
73.80000,29.56000,-0.14026,0.21622,-0.05877,-0.02816,0.00000
73.90000,29.60000,-0.15556,0.21258,-0.06197,-0.03060,0.00000
74.00000,29.64000,-0.17044,0.20965,-0.06415,-0.03191,0.00000
74.10000,29.68000,-0.18480,0.20742,-0.06536,-0.03198,0.00000
74.20000,29.72000,-0.19854,0.20588,-0.06568,-0.03080,0.00000
74.30000,29.76000,-0.21155,0.20501,-0.06519,-0.02847,0.00000
74.40000,29.80000,-0.22373,0.20476,-0.06396,-0.02518,0.00000
74.50000,29.84000,-0.23501,0.20508,-0.06207,-0.02118,0.00000
74.60000,29.88000,-0.24529,0.20589,-0.05962,-0.01676,-0.00000
74.70000,29.92000,-0.25449,0.20712,-0.05666,-0.01225,-0.00000
74.80000,29.96000,-0.26256,0.20869,-0.05327,-0.00793,0.00000
74.90000,30.00000,-0.26942,0.21048,-0.04951,-0.00406,0.00000
75.00000,30.04000,-0.27503,0.21240,-0.04542,-0.00085,0.00000
75.10000,30.08000,-0.27936,0.21435,-0.04104,0.00157,0.00000
75.20000,30.12000,-0.28235,0.21621,-0.03641,0.00316,0.00000
75.30000,30.16000,-0.28400,0.21789,-0.03154,0.00397,-0.00000
75.40000,30.20000,-0.28429,0.21929,-0.02644,0.00411,0.00000
75.50000,30.24000,-0.28321,0.22030,-0.02109,0.00377,0.00000
75.60000,30.28000,-0.28078,0.22085,-0.01549,0.00317,0.00000
75.70000,30.32000,-0.27699,0.22087,-0.00961,0.00257,0.00000
75.80000,30.36000,-0.27188,0.22030,-0.00344,0.00221,0.00000
75.90000,30.40000,-0.26546,0.21909,0.00307,0.00232,0.00000
76.00000,30.44000,-0.25779,0.21722,0.00993,0.00305,0.00000
76.10000,30.48000,-0.24889,0.21468,0.01717,0.00451,0.00000
76.20000,30.52000,-0.23881,0.21147,0.02480,0.00670,-0.00000
76.30000,30.56000,-0.22762,0.20762,0.03281,0.00955,0.00000
76.40000,30.60000,-0.21536,0.20316,0.04119,0.01289,-0.00000
76.50000,30.64000,-0.20210,0.19816,0.04989,0.01648,0.00000
76.60000,30.68000,-0.18791,0.19268,0.05885,0.02001,0.00000
76.70000,30.72000,-0.17286,0.18680,0.06799,0.02312,0.00000
76.80000,30.76000,-0.15702,0.18062,0.07717,0.02547,-0.00000
76.90000,30.80000,-0.14047,0.17424,0.08628,0.02671,0.00000
77.00000,30.84000,-0.12328,0.16776,0.09515,0.02652,0.00000
77.10000,30.88000,-0.10555,0.16130,0.10361,0.02469,0.00000
77.20000,30.92000,-0.08735,0.15497,0.11151,0.02107,-0.00000
77.30000,30.96000,-0.06877,0.14887,0.11865,0.01564,0.00000
77.40000,31.00000,-0.04989,0.14313,0.12488,0.00848,0.00000
77.50000,31.04000,-0.03079,0.13784,0.13006,-0.00019,-0.00000
77.60000,31.08000,-0.01157,0.13311,0.13407,-0.01004,0.00000
77.70000,31.12000,0.00769,0.12902,0.13682,-0.02064,-0.00000
77.80000,31.16000,0.02692,0.12566,0.13828,-0.03148,0.00000
77.90000,31.20000,0.04602,0.12310,0.13843,-0.04202,0.00000
78.00000,31.24000,0.06493,0.12141,0.13732,-0.05166,-0.00000
78.10000,31.28000,0.08355,0.12064,0.13502,-0.05983,-0.00000
78.20000,31.32000,0.10183,0.12084,0.13164,-0.06601,0.00000
78.30000,31.36000,0.11969,0.12205,0.12734,-0.06973,-0.00000
78.40000,31.40000,0.13706,0.12427,0.12228,-0.07062,0.00000
78.50000,31.44000,0.15388,0.12754,0.11662,-0.06843,-0.00000
78.60000,31.48000,0.17010,0.13184,0.11054,-0.06303,0.00000
78.70000,31.52000,0.18566,0.13719,0.10420,-0.05444,0.00000
78.80000,31.56000,0.20051,0.14356,0.09774,-0.04277,0.00000
78.90000,31.60000,0.21460,0.15094,0.09126,-0.02828,0.00000
79.00000,31.64000,0.22791,0.15929,0.08484,-0.01133,0.00000
79.10000,31.68000,0.24037,0.16858,0.07850,0.00766,0.00000
79.20000,31.72000,0.25198,0.17875,0.07224,0.02816,0.00000
79.30000,31.76000,0.26268,0.18975,0.06599,0.04966,0.00000
79.40000,31.80000,0.27246,0.20153,0.05969,0.07159,0.00000
79.50000,31.84000,0.28129,0.21401,0.05323,0.09343,-0.00000
79.60000,31.88000,0.28916,0.22712,0.04648,0.11465,0.00000
79.70000,31.92000,0.29603,0.24079,0.03933,0.13480,0.00000
79.80000,31.96000,0.30189,0.25491,0.03165,0.15348,0.00000
79.90000,32.00000,0.30673,0.26942,0.02337,0.17034,0.00000
80.00000,32.04000,0.31054,0.28421,0.01441,0.18513,-0.00000
80.10000,32.08000,0.31331,0.29919,0.00476,0.19763,0.00000
80.20000,32.12000,0.31502,0.31427,-0.00555,0.20772,0.00000
80.30000,32.16000,0.31568,0.32935,-0.01646,0.21532,0.00000
80.40000,32.20000,0.31528,0.34433,-0.02785,0.22040,0.00000
80.50000,32.24000,0.31382,0.35912,-0.03957,0.22297,0.00000
80.60000,32.28000,0.31132,0.37363,-0.05144,0.22307,0.00000
80.70000,32.32000,0.30778,0.38777,-0.06324,0.22078,-0.00000
80.80000,32.36000,0.30321,0.40145,-0.07478,0.21619,0.00000
80.90000,32.40000,0.29764,0.41458,-0.08583,0.20939,0.00000
81.00000,32.44000,0.29108,0.42709,-0.09620,0.20049,0.00000
81.10000,32.48000,0.28356,0.43891,-0.10574,0.18963,0.00000
81.20000,32.52000,0.27513,0.44996,-0.11431,0.17694,-0.00000
81.30000,32.56000,0.26581,0.46017,-0.12184,0.16257,0.00000
81.40000,32.60000,0.25564,0.46949,-0.12830,0.14669,0.00000
81.50000,32.64000,0.24469,0.47786,-0.13370,0.12946,-0.00000
81.60000,32.68000,0.23298,0.48522,-0.13811,0.11110,-0.00000
81.70000,32.72000,0.22059,0.49154,-0.14162,0.09180,0.00000
81.80000,32.76000,0.20756,0.49676,-0.14436,0.07181,-0.00000
81.90000,32.80000,0.19396,0.50087,-0.14646,0.05134,0.00000
82.00000,32.84000,0.17985,0.50382,-0.14807,0.03065,-0.00000
82.10000,32.88000,0.16529,0.50561,-0.14932,0.00999,0.00000
82.20000,32.92000,0.15035,0.50622,-0.15031,-0.01042,-0.00000
82.30000,32.96000,0.13508,0.50566,-0.15111,-0.03033,-0.00000
82.40000,33.00000,0.11956,0.50393,-0.15175,-0.04953,0.00000
82.50000,33.04000,0.10384,0.50105,-0.15222,-0.06783,0.00000
82.60000,33.08000,0.08798,0.49705,-0.15246,-0.08505,0.00000
82.70000,33.12000,0.07204,0.49198,-0.15234,-0.10105,0.00000
82.80000,33.16000,0.05607,0.48588,-0.15174,-0.11572,0.00000
82.90000,33.20000,0.04013,0.47882,-0.15048,-0.12895,0.00000
83.00000,33.24000,0.02426,0.47087,-0.14838,-0.14069,0.00000
83.10000,33.28000,0.00852,0.46210,-0.14525,-0.15087,0.00000
83.20000,33.32000,-0.00706,0.45261,-0.14091,-0.15948,0.00000
83.30000,33.36000,-0.02242,0.44249,-0.13523,-0.16649,0.00000
83.40000,33.40000,-0.03755,0.43183,-0.12809,-0.17191,0.00000
83.50000,33.44000,-0.05238,0.42074,-0.11944,-0.17572,0.00000
83.60000,33.48000,-0.06690,0.40931,-0.10926,-0.17794,0.00000
83.70000,33.52000,-0.08107,0.39765,-0.09763,-0.17859,0.00000
83.80000,33.56000,-0.09485,0.38584,-0.08465,-0.17769,-0.00000
83.90000,33.60000,-0.10822,0.37399,-0.07048,-0.17527,0.00000
84.00000,33.64000,-0.12114,0.36219,-0.05534,-0.17139,-0.00000
84.10000,33.68000,-0.13358,0.35050,-0.03948,-0.16611,0.00000
84.20000,33.72000,-0.14553,0.33902,-0.02316,-0.15950,-0.00000
84.30000,33.76000,-0.15693,0.32781,-0.00667,-0.15169,0.00000
84.40000,33.80000,-0.16778,0.31693,0.00971,-0.14280,0.00000
84.50000,33.84000,-0.17804,0.30644,0.02574,-0.13300,-0.00000
84.60000,33.88000,-0.18768,0.29638,0.04116,-0.12246,0.00000
84.70000,33.92000,-0.19667,0.28681,0.05578,-0.11139,0.00000
84.80000,33.96000,-0.20499,0.27776,0.06945,-0.10000,0.00000
84.90000,34.00000,-0.21262,0.26925,0.08206,-0.08852,0.00000
85.00000,34.04000,-0.21952,0.26133,0.09354,-0.07717,0.00000
85.10000,34.08000,-0.22567,0.25401,0.10388,-0.06616,-0.00000
85.20000,34.12000,-0.23104,0.24732,0.11309,-0.05568,0.00000
85.30000,34.16000,-0.23563,0.24127,0.12122,-0.04590,0.00000
85.40000,34.20000,-0.23940,0.23588,0.12835,-0.03693,0.00000
85.50000,34.24000,-0.24235,0.23117,0.13457,-0.02887,-0.00000
85.60000,34.28000,-0.24445,0.22714,0.13996,-0.02176,0.00000
85.70000,34.32000,-0.24571,0.22379,0.14463,-0.01557,0.00000
85.80000,34.36000,-0.24610,0.22113,0.14865,-0.01028,0.00000
85.90000,34.40000,-0.24564,0.21915,0.15210,-0.00579,0.00000
86.00000,34.44000,-0.24432,0.21785,0.15502,-0.00198,0.00000
86.10000,34.48000,-0.24216,0.21721,0.15746,0.00129,0.00000
86.20000,34.52000,-0.23916,0.21721,0.15943,0.00416,0.00000
86.30000,34.56000,-0.23534,0.21783,0.16093,0.00679,0.00000
86.40000,34.60000,-0.23075,0.21904,0.16195,0.00931,0.00000
86.50000,34.64000,-0.22539,0.22081,0.16245,0.01185,0.00000
86.60000,34.68000,-0.21932,0.22310,0.16240,0.01449,0.00000
86.70000,34.72000,-0.21258,0.22586,0.16176,0.01729,0.00000
86.80000,34.76000,-0.20522,0.22906,0.16050,0.02029,0.00000
86.90000,34.80000,-0.19730,0.23265,0.15856,0.02346,0.00000
87.00000,34.84000,-0.18887,0.23659,0.15592,0.02678,-0.00000
87.10000,34.88000,-0.18001,0.24082,0.15252,0.03018,-0.00000
87.20000,34.92000,-0.17077,0.24529,0.14834,0.03357,0.00000
87.30000,34.96000,-0.16124,0.24998,0.14334,0.03686,0.00000
87.40000,35.00000,-0.15149,0.25482,0.13747,0.03995,0.00000
87.50000,35.04000,-0.14158,0.25977,0.13070,0.04274,0.00000
87.60000,35.08000,-0.13159,0.26481,0.12298,0.04515,0.00000
87.70000,35.12000,-0.12159,0.26989,0.11428,0.04712,0.00000
87.80000,35.16000,-0.11164,0.27497,0.10456,0.04860,0.00000
87.90000,35.20000,-0.10181,0.28002,0.09377,0.04955,0.00000
88.00000,35.24000,-0.09216,0.28501,0.08189,0.04997,0.00000
88.10000,35.28000,-0.08274,0.28992,0.06892,0.04986,0.00000
88.20000,35.32000,-0.07358,0.29470,0.05484,0.04922,0.00000
88.30000,35.36000,-0.06474,0.29934,0.03970,0.04807,-0.00000
88.40000,35.40000,-0.05624,0.30380,0.02355,0.04644,-0.00000
88.50000,35.44000,-0.04810,0.30807,0.00650,0.04432,0.00000
88.60000,35.48000,-0.04034,0.31210,-0.01133,0.04171,-0.00000
88.70000,35.52000,-0.03298,0.31589,-0.02975,0.03861,0.00000
88.80000,35.56000,-0.02600,0.31941,-0.04856,0.03498,0.00000
88.90000,35.60000,-0.01942,0.32263,-0.06751,0.03082,0.00000
89.00000,35.64000,-0.01322,0.32553,-0.08631,0.02608,0.00000
89.10000,35.68000,-0.00739,0.32810,-0.10468,0.02075,0.00000
89.20000,35.72000,-0.00191,0.33032,-0.12228,0.01481,-0.00000
89.30000,35.76000,0.00325,0.33218,-0.13882,0.00829,0.00000
89.40000,35.80000,0.00810,0.33367,-0.15400,0.00123,0.00000
89.50000,35.84000,0.01268,0.33480,-0.16752,-0.00628,0.00000
89.60000,35.88000,0.01702,0.33555,-0.17916,-0.01411,0.00000
89.70000,35.92000,0.02115,0.33593,-0.18873,-0.02210,0.00000
89.80000,35.96000,0.02510,0.33597,-0.19607,-0.03002,-0.00000
89.90000,36.00000,0.02890,0.33565,-0.20111,-0.03762,0.00000
90.00000,36.04000,0.03260,0.33501,-0.20383,-0.04463,0.00000
90.10000,36.08000,0.03622,0.33407,-0.20429,-0.05076,0.00000
90.20000,36.12000,0.03980,0.33283,-0.20257,-0.05571,0.00000
90.30000,36.16000,0.04339,0.33134,-0.19885,-0.05920,0.00000
90.40000,36.20000,0.04700,0.32962,-0.19332,-0.06101,0.00000
90.50000,36.24000,0.05067,0.32769,-0.18622,-0.06093,0.00000
90.60000,36.28000,0.05443,0.32558,-0.17779,-0.05884,0.00000
90.70000,36.32000,0.05832,0.32332,-0.16831,-0.05471,0.00000
90.80000,36.36000,0.06235,0.32095,-0.15803,-0.04856,0.00000
90.90000,36.40000,0.06654,0.31847,-0.14719,-0.04052,-0.00000
91.00000,36.44000,0.07092,0.31593,-0.13601,-0.03081,0.00000
91.10000,36.48000,0.07549,0.31334,-0.12468,-0.01970,-0.00000
91.20000,36.52000,0.08026,0.31074,-0.11334,-0.00756,-0.00000
91.30000,36.56000,0.08523,0.30815,-0.10209,0.00523,0.00000
91.40000,36.60000,0.09039,0.30559,-0.09102,0.01823,-0.00000
91.50000,36.64000,0.09574,0.30308,-0.08015,0.03100,0.00000
91.60000,36.68000,0.10124,0.30065,-0.06949,0.04313,0.00000
91.70000,36.72000,0.10688,0.29832,-0.05900,0.05422,0.00000
91.80000,36.76000,0.11263,0.29611,-0.04865,0.06394,0.00000
91.90000,36.80000,0.11844,0.29403,-0.03839,0.07202,-0.00000
92.00000,36.84000,0.12426,0.29212,-0.02817,0.07828,-0.00000
92.10000,36.88000,0.13005,0.29037,-0.01795,0.08260,0.00000
92.20000,36.92000,0.13576,0.28882,-0.00769,0.08496,0.00000
92.30000,36.96000,0.14133,0.28746,0.00262,0.08540,0.00000
92.40000,37.00000,0.14669,0.28632,0.01298,0.08405,0.00000
92.50000,37.04000,0.15178,0.28539,0.02336,0.08109,0.00000
92.60000,37.08000,0.15655,0.28467,0.03371,0.07672,-0.00000
92.70000,37.12000,0.16093,0.28418,0.04397,0.07118,0.00000
92.80000,37.16000,0.16487,0.28389,0.05406,0.06472,0.00000
92.90000,37.20000,0.16830,0.28380,0.06388,0.05756,0.00000
93.00000,37.24000,0.17117,0.28389,0.07334,0.04994,0.00000
93.10000,37.28000,0.17344,0.28415,0.08232,0.04202,-0.00000
93.20000,37.32000,0.17506,0.28455,0.09072,0.03397,-0.00000
93.30000,37.36000,0.17599,0.28506,0.09845,0.02590,-0.00000
93.40000,37.40000,0.17620,0.28564,0.10539,0.01788,0.00000
93.50000,37.44000,0.17566,0.28627,0.11148,0.00999,0.00000
93.60000,37.48000,0.17436,0.28691,0.11663,0.00225,0.00000
93.70000,37.52000,0.17229,0.28752,0.12079,-0.00529,0.00000
93.80000,37.56000,0.16943,0.28805,0.12390,-0.01260,0.00000
93.90000,37.60000,0.16580,0.28848,0.12593,-0.01962,0.00000
94.00000,37.64000,0.16140,0.28875,0.12685,-0.02627,0.00000
94.10000,37.68000,0.15625,0.28884,0.12667,-0.03246,0.00000
94.20000,37.72000,0.15037,0.28872,0.12539,-0.03804,0.00000
94.30000,37.76000,0.14379,0.28833,0.12303,-0.04284,0.00000
94.40000,37.80000,0.13656,0.28767,0.11963,-0.04669,0.00000
94.50000,37.84000,0.12870,0.28671,0.11527,-0.04939,0.00000
94.60000,37.88000,0.12028,0.28543,0.11000,-0.05072,0.00000
94.70000,37.92000,0.11134,0.28381,0.10393,-0.05051,0.00000
94.80000,37.96000,0.10193,0.28185,0.09717,-0.04860,0.00000
94.90000,38.00000,0.09213,0.27954,0.08987,-0.04487,0.00000
95.00000,38.04000,0.08200,0.27690,0.08216,-0.03927,0.00000
95.10000,38.08000,0.07159,0.27393,0.07421,-0.03181,0.00000
95.20000,38.12000,0.06099,0.27065,0.06620,-0.02258,0.00000
95.30000,38.16000,0.05025,0.26709,0.05831,-0.01175,0.00000
95.40000,38.20000,0.03946,0.26327,0.05071,0.00044,0.00000
95.50000,38.24000,0.02868,0.25922,0.04358,0.01368,0.00000
95.60000,38.28000,0.01797,0.25500,0.03706,0.02760,0.00000
95.70000,38.32000,0.00741,0.25065,0.03130,0.04178,0.00000
95.80000,38.36000,-0.00295,0.24621,0.02639,0.05578,0.00000
95.90000,38.40000,-0.01303,0.24174,0.02242,0.06917,0.00000
96.00000,38.44000,-0.02280,0.23731,0.01940,0.08150,-0.00000
96.10000,38.48000,-0.03218,0.23296,0.01734,0.09240,0.00000
96.20000,38.52000,-0.04114,0.22877,0.01618,0.10150,0.00000
96.30000,38.56000,-0.04964,0.22480,0.01584,0.10854,0.00000
96.40000,38.60000,-0.05764,0.22111,0.01618,0.11332,0.00000
96.50000,38.64000,-0.06511,0.21776,0.01707,0.11571,0.00000
96.60000,38.68000,-0.07202,0.21481,0.01833,0.11569,0.00000
96.70000,38.72000,-0.07836,0.21232,0.01976,0.11330,0.00000
96.80000,38.76000,-0.08412,0.21035,0.02117,0.10866,-0.00000
96.90000,38.80000,-0.08928,0.20893,0.02238,0.10197,0.00000
97.00000,38.84000,-0.09386,0.20811,0.02322,0.09345,0.00000
97.10000,38.88000,-0.09785,0.20792,0.02354,0.08338,0.00000
97.20000,38.92000,-0.10127,0.20840,0.02323,0.07206,0.00000
97.30000,38.96000,-0.10413,0.20956,0.02222,0.05977,-0.00000
97.40000,39.00000,-0.10646,0.21140,0.02045,0.04682,0.00000
97.50000,39.04000,-0.10827,0.21393,0.01795,0.03347,0.00000
97.60000,39.08000,-0.10961,0.21714,0.01473,0.01996,0.00000
97.70000,39.12000,-0.11049,0.22101,0.01089,0.00649,0.00000
97.80000,39.16000,-0.11095,0.22551,0.00650,-0.00676,0.00000
97.90000,39.20000,-0.11103,0.23060,0.00170,-0.01967,0.00000
98.00000,39.24000,-0.11076,0.23624,-0.00340,-0.03214,0.00000
98.10000,39.28000,-0.11018,0.24236,-0.00865,-0.04412,0.00000
98.20000,39.32000,-0.10933,0.24890,-0.01395,-0.05556,-0.00000
98.30000,39.36000,-0.10823,0.25580,-0.01918,-0.06645,0.00000
98.40000,39.40000,-0.10693,0.26298,-0.02425,-0.07680,-0.00000
98.50000,39.44000,-0.10545,0.27037,-0.02910,-0.08659,0.00000
98.60000,39.48000,-0.10383,0.27788,-0.03370,-0.09584,0.00000
98.70000,39.52000,-0.10208,0.28543,-0.03804,-0.10455,-0.00000
98.80000,39.56000,-0.10025,0.29294,-0.04212,-0.11270,0.00000
98.90000,39.60000,-0.09834,0.30035,-0.04600,-0.12029,0.00000
99.00000,39.64000,-0.09638,0.30758,-0.04972,-0.12729,0.00000
99.10000,39.68000,-0.09438,0.31457,-0.05335,-0.13365,-0.00000
99.20000,39.72000,-0.09237,0.32126,-0.05694,-0.13934,0.00000
99.30000,39.76000,-0.09034,0.32761,-0.06055,-0.14431,0.00000
99.40000,39.80000,-0.08833,0.33358,-0.06422,-0.14849,0.00000
99.50000,39.84000,-0.08633,0.33916,-0.06798,-0.15181,0.00000
99.60000,39.88000,-0.08435,0.34434,-0.07183,-0.15422,0.00000
99.70000,39.92000,-0.08241,0.34912,-0.07575,-0.15563,-0.00000
99.80000,39.96000,-0.08051,0.35352,-0.07968,-0.15597,0.00000
99.90000,40.00000,-0.07866,0.35758,-0.08356,-0.15516,0.00000
100.00000,40.04000,-0.07687,0.36133,-0.08729,-0.15314,0.00000
100.10000,40.08000,-0.07513,0.36484,-0.09076,-0.14983,0.00000
100.20000,40.12000,-0.07346,0.36816,-0.09386,-0.14515,0.00000
100.30000,40.16000,-0.07186,0.37136,-0.09646,-0.13905,0.00000
100.40000,40.20000,-0.07033,0.37454,-0.09845,-0.13147,-0.00000
100.50000,40.24000,-0.06886,0.37775,-0.09973,-0.12238,0.00000
100.60000,40.28000,-0.06745,0.38110,-0.10021,-0.11175,0.00000
100.70000,40.32000,-0.06610,0.38466,-0.09982,-0.09962,0.00000
100.80000,40.36000,-0.06478,0.38850,-0.09854,-0.08601,0.00000
100.90000,40.40000,-0.06350,0.39269,-0.09635,-0.07100,-0.00000
101.00000,40.44000,-0.06222,0.39730,-0.09327,-0.05474,0.00000
101.10000,40.48000,-0.06094,0.40237,-0.08935,-0.03737,0.00000
101.20000,40.52000,-0.05962,0.40794,-0.08464,-0.01913,-0.00000
101.30000,40.56000,-0.05823,0.41404,-0.07924,-0.00027,0.00000
101.40000,40.60000,-0.05676,0.42066,-0.07323,0.01890,0.00000
101.50000,40.64000,-0.05516,0.42780,-0.06671,0.03804,-0.00000
101.60000,40.68000,-0.05340,0.43543,-0.05977,0.05679,0.00000
101.70000,40.72000,-0.05147,0.44350,-0.05248,0.07478,0.00000
101.80000,40.76000,-0.04932,0.45195,-0.04492,0.09163,0.00000
101.90000,40.80000,-0.04692,0.46069,-0.03713,0.10697,0.00000
102.00000,40.84000,-0.04426,0.46964,-0.02914,0.12048,0.00000
102.10000,40.88000,-0.04132,0.47869,-0.02095,0.13188,0.00000
102.20000,40.92000,-0.03807,0.48771,-0.01255,0.14092,0.00000
102.30000,40.96000,-0.03450,0.49657,-0.00389,0.14747,0.00000
102.40000,41.00000,-0.03062,0.50513,0.00506,0.15144,0.00000
102.50000,41.04000,-0.02641,0.51324,0.01437,0.15284,-0.00000
102.60000,41.08000,-0.02190,0.52077,0.02408,0.15175,0.00000
102.70000,41.12000,-0.01707,0.52756,0.03425,0.14835,0.00000
102.80000,41.16000,-0.01197,0.53346,0.04489,0.14288,0.00000
102.90000,41.20000,-0.00660,0.53834,0.05603,0.13564,0.00000
103.00000,41.24000,-0.00099,0.54206,0.06762,0.12697,-0.00000
103.10000,41.28000,0.00483,0.54449,0.07963,0.11727,0.00000
103.20000,41.32000,0.01081,0.54553,0.09193,0.10691,0.00000
103.30000,41.36000,0.01694,0.54506,0.10441,0.09630,0.00000
103.40000,41.40000,0.02316,0.54301,0.11689,0.08578,0.00000
103.50000,41.44000,0.02945,0.53930,0.12915,0.07570,0.00000
103.60000,41.48000,0.03575,0.53387,0.14096,0.06632,0.00000
103.70000,41.52000,0.04203,0.52670,0.15206,0.05785,0.00000
103.80000,41.56000,0.04825,0.51777,0.16217,0.05046,0.00000
103.90000,41.60000,0.05438,0.50707,0.17102,0.04420,-0.00000
104.00000,41.64000,0.06037,0.49462,0.17834,0.03910,-0.00000
104.10000,41.68000,0.06618,0.48047,0.18387,0.03511,0.00000
104.20000,41.72000,0.07179,0.46465,0.18739,0.03213,0.00000
104.30000,41.76000,0.07717,0.44724,0.18871,0.03000,0.00000
104.40000,41.80000,0.08228,0.42833,0.18769,0.02857,0.00000
104.50000,41.84000,0.08709,0.40802,0.18424,0.02763,0.00000
104.60000,41.88000,0.09159,0.38640,0.17831,0.02699,0.00000
104.70000,41.92000,0.09575,0.36362,0.16992,0.02646,0.00000
104.80000,41.96000,0.09955,0.33980,0.15914,0.02586,0.00000
104.90000,42.00000,0.10297,0.31508,0.14609,0.02506,-0.00000
105.00000,42.04000,0.10600,0.28961,0.13094,0.02394,-0.00000
105.10000,42.08000,0.10863,0.26354,0.11388,0.02240,0.00000
105.20000,42.12000,0.11084,0.23703,0.09514,0.02041,-0.00000
105.30000,42.16000,0.11264,0.21025,0.07499,0.01795,0.00000
105.40000,42.20000,0.11402,0.18334,0.05367,0.01502,0.00000
105.50000,42.24000,0.11496,0.15647,0.03146,0.01165,0.00000
105.60000,42.28000,0.11548,0.12981,0.00860,0.00791,0.00000
105.70000,42.32000,0.11558,0.10349,-0.01465,0.00384,0.00000
105.80000,42.36000,0.11526,0.07768,-0.03807,-0.00047,0.00000
105.90000,42.40000,0.11451,0.05251,-0.06145,-0.00497,-0.00000
106.00000,42.44000,0.11336,0.02814,-0.08461,-0.00959,0.00000
106.10000,42.48000,0.11181,0.00470,-0.10738,-0.01427,0.00000
106.20000,42.52000,0.10985,-0.01768,-0.12962,-0.01896,0.00000
106.30000,42.56000,0.10751,-0.03888,-0.15120,-0.02362,0.00000
106.40000,42.60000,0.10479,-0.05877,-0.17199,-0.02821,-0.00000
106.50000,42.64000,0.10171,-0.07726,-0.19187,-0.03270,0.00000
106.60000,42.68000,0.09826,-0.09422,-0.21071,-0.03707,0.00000
106.70000,42.72000,0.09447,-0.10956,-0.22838,-0.04128,0.00000
106.80000,42.76000,0.09035,-0.12319,-0.24474,-0.04532,0.00000
106.90000,42.80000,0.08590,-0.13502,-0.25962,-0.04915,0.00000
107.00000,42.84000,0.08115,-0.14497,-0.27285,-0.05274,0.00000
107.10000,42.88000,0.07611,-0.15295,-0.28424,-0.05605,-0.00000
107.20000,42.92000,0.07081,-0.15892,-0.29360,-0.05905,0.00000
107.30000,42.96000,0.06525,-0.16280,-0.30073,-0.06170,0.00000
107.40000,43.00000,0.05947,-0.16455,-0.30542,-0.06396,0.00000
107.50000,43.04000,0.05348,-0.16412,-0.30750,-0.06580,0.00000
107.60000,43.08000,0.04733,-0.16148,-0.30681,-0.06720,0.00000
107.70000,43.12000,0.04104,-0.15662,-0.30321,-0.06814,0.00000
107.80000,43.16000,0.03464,-0.14953,-0.29661,-0.06862,-0.00000
107.90000,43.20000,0.02818,-0.14021,-0.28699,-0.06867,0.00000
108.00000,43.24000,0.02168,-0.12869,-0.27434,-0.06829,0.00000
108.10000,43.28000,0.01520,-0.11501,-0.25875,-0.06755,0.00000
108.20000,43.32000,0.00876,-0.09922,-0.24034,-0.06649,0.00000
108.30000,43.36000,0.00242,-0.08139,-0.21929,-0.06519,0.00000
108.40000,43.40000,-0.00378,-0.06162,-0.19584,-0.06370,0.00000
108.50000,43.44000,-0.00980,-0.04000,-0.17027,-0.06211,0.00000
108.60000,43.48000,-0.01560,-0.01666,-0.14289,-0.06048,0.00000
108.70000,43.52000,-0.02114,0.00827,-0.11404,-0.05889,0.00000
108.80000,43.56000,-0.02637,0.03464,-0.08406,-0.05738,0.00000
108.90000,43.60000,-0.03128,0.06227,-0.05330,-0.05599,-0.00000
109.00000,43.64000,-0.03581,0.09101,-0.02210,-0.05474,-0.00000
109.10000,43.68000,-0.03996,0.12068,0.00924,-0.05362,0.00000
109.20000,43.72000,-0.04368,0.15107,0.04043,-0.05261,-0.00000
109.30000,43.76000,-0.04697,0.18201,0.07124,-0.05166,0.00000
109.40000,43.80000,-0.04980,0.21331,0.10146,-0.05070,0.00000
109.50000,43.84000,-0.05217,0.24476,0.13093,-0.04966,0.00000
109.60000,43.88000,-0.05407,0.27620,0.15952,-0.04845,0.00000
109.70000,43.92000,-0.05551,0.30742,0.18713,-0.04695,0.00000
109.80000,43.96000,-0.05649,0.33827,0.21370,-0.04509,0.00000
109.90000,44.00000,-0.05702,0.36856,0.23917,-0.04275,0.00000
110.00000,44.04000,-0.05712,0.39815,0.26349,-0.03987,0.00000
110.10000,44.08000,-0.05681,0.42688,0.28660,-0.03638,0.00000
110.20000,44.12000,-0.05611,0.45462,0.30845,-0.03224,0.00000
110.30000,44.16000,-0.05506,0.48124,0.32893,-0.02744,0.00000
110.40000,44.20000,-0.05368,0.50662,0.34795,-0.02199,0.00000
110.50000,44.24000,-0.05202,0.53066,0.36536,-0.01593,-0.00000
110.60000,44.28000,-0.05011,0.55327,0.38099,-0.00934,-0.00000
110.70000,44.32000,-0.04800,0.57437,0.39466,-0.00232,0.00000
110.80000,44.36000,-0.04573,0.59389,0.40615,0.00501,-0.00000
110.90000,44.40000,-0.04335,0.61177,0.41524,0.01251,-0.00000
111.00000,44.44000,-0.04090,0.62795,0.42171,0.02002,-0.00000
111.10000,44.48000,-0.03844,0.64242,0.42534,0.02739,0.00000
111.20000,44.52000,-0.03600,0.65514,0.42593,0.03445,0.00000
111.30000,44.56000,-0.03362,0.66610,0.42331,0.04106,0.00000
111.40000,44.60000,-0.03137,0.67530,0.41736,0.04710,0.00000
111.50000,44.64000,-0.02926,0.68276,0.40800,0.05245,-0.00000
111.60000,44.68000,-0.02734,0.68849,0.39519,0.05704,-0.00000
111.70000,44.72000,-0.02564,0.69254,0.37897,0.06083,0.00000
111.80000,44.76000,-0.02418,0.69495,0.35942,0.06383,0.00000
111.90000,44.80000,-0.02299,0.69579,0.33668,0.06607,-0.00000
112.00000,44.84000,-0.02209,0.69511,0.31095,0.06762,0.00000
112.10000,44.88000,-0.02148,0.69301,0.28248,0.06859,-0.00000
112.20000,44.92000,-0.02118,0.68956,0.25153,0.06913,0.00000
112.30000,44.96000,-0.02117,0.68487,0.21844,0.06938,-0.00000
112.40000,45.00000,-0.02147,0.67902,0.18353,0.06951,0.00000
112.50000,45.04000,-0.02205,0.67212,0.14717,0.06971,0.00000
112.60000,45.08000,-0.02290,0.66427,0.10972,0.07014,0.00000
112.70000,45.12000,-0.02401,0.65558,0.07154,0.07094,-0.00000
112.80000,45.16000,-0.02534,0.64613,0.03301,0.07224,0.00000
112.90000,45.20000,-0.02687,0.63603,-0.00552,0.07411,0.00000
113.00000,45.24000,-0.02856,0.62536,-0.04369,0.07661,0.00000
113.10000,45.28000,-0.03039,0.61421,-0.08117,0.07971,0.00000
113.20000,45.32000,-0.03232,0.60264,-0.11762,0.08338,-0.00000
113.30000,45.36000,-0.03430,0.59072,-0.15273,0.08749,-0.00000
113.40000,45.40000,-0.03630,0.57851,-0.18619,0.09191,0.00000
113.50000,45.44000,-0.03828,0.56607,-0.21772,0.09645,0.00000
113.60000,45.48000,-0.04020,0.55342,-0.24705,0.10090,-0.00000
113.70000,45.52000,-0.04202,0.54060,-0.27393,0.10502,-0.00000
113.80000,45.56000,-0.04370,0.52764,-0.29814,0.10859,0.00000
113.90000,45.60000,-0.04522,0.51457,-0.31946,0.11138,-0.00000
114.00000,45.64000,-0.04652,0.50140,-0.33775,0.11318,0.00000
114.10000,45.68000,-0.04759,0.48815,-0.35289,0.11383,0.00000
114.20000,45.72000,-0.04840,0.47483,-0.36479,0.11321,0.00000
114.30000,45.76000,-0.04891,0.46145,-0.37342,0.11123,0.00000
114.40000,45.80000,-0.04911,0.44803,-0.37883,0.10789,-0.00000
114.50000,45.84000,-0.04899,0.43458,-0.38108,0.10320,0.00000
114.60000,45.88000,-0.04851,0.42110,-0.38031,0.09728,-0.00000
114.70000,45.92000,-0.04769,0.40762,-0.37672,0.09024,0.00000
114.80000,45.96000,-0.04650,0.39414,-0.37055,0.08227,0.00000
114.90000,46.00000,-0.04495,0.38069,-0.36206,0.07355,0.00000
115.00000,46.04000,-0.04304,0.36726,-0.35157,0.06430,0.00000
115.10000,46.08000,-0.04078,0.35388,-0.33941,0.05472,0.00000
115.20000,46.12000,-0.03817,0.34056,-0.32590,0.04501,-0.00000
115.30000,46.16000,-0.03523,0.32730,-0.31138,0.03532,0.00000
115.40000,46.20000,-0.03199,0.31412,-0.29617,0.02578,-0.00000
115.50000,46.24000,-0.02845,0.30102,-0.28052,0.01646,0.00000
115.60000,46.28000,-0.02465,0.28802,-0.26470,0.00737,0.00000
115.70000,46.32000,-0.02061,0.27512,-0.24889,-0.00149,0.00000
115.80000,46.36000,-0.01637,0.26232,-0.23324,-0.01022,0.00000
115.90000,46.40000,-0.01195,0.24963,-0.21783,-0.01892,0.00000
116.00000,46.44000,-0.00739,0.23706,-0.20271,-0.02774,0.00000
116.10000,46.48000,-0.00274,0.22462,-0.18787,-0.03683,0.00000
116.20000,46.52000,0.00197,0.21232,-0.17327,-0.04636,0.00000
116.30000,46.56000,0.00671,0.20017,-0.15882,-0.05647,0.00000
116.40000,46.60000,0.01142,0.18820,-0.14444,-0.06727,-0.00000
116.50000,46.64000,0.01607,0.17642,-0.13002,-0.07884,-0.00000
116.60000,46.68000,0.02062,0.16485,-0.11546,-0.09119,0.00000
116.70000,46.72000,0.02503,0.15355,-0.10068,-0.10429,-0.00000
116.80000,46.76000,0.02926,0.14252,-0.08561,-0.11802,0.00000
116.90000,46.80000,0.03326,0.13183,-0.07022,-0.13222,0.00000
117.00000,46.84000,0.03701,0.12151,-0.05450,-0.14666,0.00000
117.10000,46.88000,0.04046,0.11161,-0.03847,-0.16106,-0.00000
117.20000,46.92000,0.04359,0.10218,-0.02218,-0.17508,0.00000
117.30000,46.96000,0.04637,0.09328,-0.00571,-0.18840,0.00000
117.40000,47.00000,0.04876,0.08495,0.01083,-0.20066,0.00000
117.50000,47.04000,0.05076,0.07725,0.02734,-0.21150,0.00000
117.60000,47.08000,0.05232,0.07022,0.04371,-0.22061,0.00000
117.70000,47.12000,0.05345,0.06391,0.05982,-0.22768,0.00000
117.80000,47.16000,0.05413,0.05837,0.07558,-0.23248,0.00000
117.90000,47.20000,0.05434,0.05363,0.09089,-0.23482,0.00000
118.00000,47.24000,0.05409,0.04972,0.10570,-0.23458,0.00000
118.10000,47.28000,0.05337,0.04666,0.11996,-0.23170,-0.00000
118.20000,47.32000,0.05218,0.04447,0.13364,-0.22619,0.00000
118.30000,47.36000,0.05053,0.04315,0.14673,-0.21812,-0.00000
118.40000,47.40000,0.04843,0.04270,0.15924,-0.20763,0.00000
118.50000,47.44000,0.04589,0.04312,0.17117,-0.19488,0.00000
118.60000,47.48000,0.04293,0.04437,0.18252,-0.18010,0.00000
118.70000,47.52000,0.03956,0.04644,0.19329,-0.16354,0.00000
118.80000,47.56000,0.03581,0.04928,0.20345,-0.14547,0.00000
118.90000,47.60000,0.03169,0.05285,0.21296,-0.12619,0.00000
119.00000,47.64000,0.02725,0.05711,0.22176,-0.10601,0.00000
119.10000,47.68000,0.02249,0.06199,0.22973,-0.08521,-0.00000
119.20000,47.72000,0.01747,0.06744,0.23677,-0.06412,0.00000
119.30000,47.76000,0.01220,0.07339,0.24273,-0.04303,0.00000
119.40000,47.80000,0.00673,0.07978,0.24744,-0.02223,0.00000
119.50000,47.84000,0.00109,0.08655,0.25075,-0.00201,0.00000
119.60000,47.88000,-0.00468,0.09363,0.25247,0.01735,0.00000
119.70000,47.92000,-0.01053,0.10096,0.25247,0.03562,0.00000
119.80000,47.96000,-0.01643,0.10848,0.25059,0.05256,0.00000
119.90000,48.00000,-0.02233,0.11614,0.24674,0.06796,0.00000
120.00000,48.04000,-0.02819,0.12389,0.24086,0.08166,0.00000
120.10000,48.08000,-0.03397,0.13168,0.23291,0.09351,0.00000
120.20000,48.12000,-0.03962,0.13949,0.22293,0.10345,-0.00000
120.30000,48.16000,-0.04510,0.14729,0.21099,0.11143,0.00000
120.40000,48.20000,-0.05037,0.15506,0.19722,0.11748,0.00000
120.50000,48.24000,-0.05539,0.16278,0.18179,0.12169,0.00000
120.60000,48.28000,-0.06011,0.17045,0.16490,0.12421,0.00000
120.70000,48.32000,-0.06451,0.17806,0.14679,0.12525,0.00000
120.80000,48.36000,-0.06853,0.18564,0.12772,0.12505,0.00000
120.90000,48.40000,-0.07216,0.19317,0.10797,0.12394,0.00000
121.00000,48.44000,-0.07536,0.20068,0.08781,0.12222,0.00000
121.10000,48.48000,-0.07811,0.20817,0.06750,0.12025,0.00000
121.20000,48.52000,-0.08036,0.21567,0.04731,0.11836,0.00000
121.30000,48.56000,-0.08212,0.22319,0.02747,0.11686,0.00000
121.40000,48.60000,-0.08334,0.23073,0.00819,0.11601,0.00000
121.50000,48.64000,-0.08402,0.23832,-0.01033,0.11601,0.00000
121.60000,48.68000,-0.08413,0.24595,-0.02793,0.11697,0.00000
121.70000,48.72000,-0.08366,0.25363,-0.04447,0.11891,-0.00000
121.80000,48.76000,-0.08259,0.26137,-0.05983,0.12178,-0.00000
121.90000,48.80000,-0.08092,0.26916,-0.07390,0.12539,0.00000
122.00000,48.84000,-0.07863,0.27700,-0.08660,0.12948,-0.00000
122.10000,48.88000,-0.07571,0.28488,-0.09785,0.13373,0.00000
122.20000,48.92000,-0.07216,0.29279,-0.10757,0.13774,-0.00000
122.30000,48.96000,-0.06796,0.30072,-0.11570,0.14107,-0.00000
122.40000,49.00000,-0.06311,0.30865,-0.12218,0.14331,0.00000
122.50000,49.04000,-0.05761,0.31658,-0.12695,0.14403,0.00000
122.60000,49.08000,-0.05145,0.32449,-0.12998,0.14288,0.00000
122.70000,49.12000,-0.04465,0.33236,-0.13123,0.13959,0.00000
122.80000,49.16000,-0.03719,0.34018,-0.13069,0.13397,-0.00000
122.90000,49.20000,-0.02911,0.34793,-0.12837,0.12598,0.00000
123.00000,49.24000,-0.02040,0.35561,-0.12429,0.11568,0.00000
123.10000,49.28000,-0.01109,0.36319,-0.11852,0.10328,0.00000
123.20000,49.32000,-0.00121,0.37066,-0.11116,0.08910,0.00000
123.30000,49.36000,0.00922,0.37800,-0.10234,0.07357,0.00000
123.40000,49.40000,0.02016,0.38519,-0.09222,0.05723,0.00000
123.50000,49.44000,0.03155,0.39221,-0.08100,0.04063,0.00000
123.60000,49.48000,0.04336,0.39903,-0.06890,0.02438,0.00000
123.70000,49.52000,0.05553,0.40563,-0.05618,0.00905,-0.00000
123.80000,49.56000,0.06798,0.41196,-0.04309,-0.00480,0.00000
123.90000,49.60000,0.08065,0.41800,-0.02992,-0.01674,0.00000
124.00000,49.64000,0.09346,0.42369,-0.01694,-0.02639,0.00000
124.10000,49.68000,0.10633,0.42901,-0.00440,-0.03355,0.00000
124.20000,49.72000,0.11918,0.43391,0.00745,-0.03813,0.00000
124.30000,49.76000,0.13191,0.43834,0.01838,-0.04017,-0.00000
124.40000,49.80000,0.14442,0.44225,0.02821,-0.03988,0.00000
124.50000,49.84000,0.15663,0.44562,0.03679,-0.03756,0.00000
124.60000,49.88000,0.16843,0.44839,0.04401,-0.03363,0.00000
124.70000,49.92000,0.17972,0.45053,0.04980,-0.02856,0.00000
124.80000,49.96000,0.19042,0.45203,0.05413,-0.02286,0.00000
124.90000,50.00000,0.20042,0.45285,0.05701,-0.01705,-0.00000
125.00000,50.04000,0.20962,0.45299,0.05848,-0.01161,0.00000
125.10000,50.08000,0.21796,0.45246,0.05862,-0.00695,0.00000
125.20000,50.12000,0.22532,0.45126,0.05752,-0.00341,-0.00000
125.30000,50.16000,0.23166,0.44942,0.05531,-0.00120,0.00000
125.40000,50.20000,0.23688,0.44698,0.05210,-0.00044,0.00000
125.50000,50.24000,0.24093,0.44399,0.04804,-0.00111,0.00000
125.60000,50.28000,0.24375,0.44050,0.04326,-0.00310,0.00000
125.70000,50.32000,0.24531,0.43660,0.03790,-0.00619,0.00000
125.80000,50.36000,0.24556,0.43235,0.03207,-0.01011,0.00000
125.90000,50.40000,0.24447,0.42785,0.02590,-0.01451,0.00000
126.00000,50.44000,0.24204,0.42319,0.01948,-0.01906,0.00000
126.10000,50.48000,0.23825,0.41847,0.01291,-0.02342,0.00000
126.20000,50.52000,0.23312,0.41380,0.00627,-0.02729,0.00000
126.30000,50.56000,0.22665,0.40926,-0.00040,-0.03044,-0.00000
126.40000,50.60000,0.21888,0.40495,-0.00703,-0.03272,0.00000
126.50000,50.64000,0.20983,0.40097,-0.01359,-0.03406,0.00000
126.60000,50.68000,0.19956,0.39740,-0.02007,-0.03448,-0.00000
126.70000,50.72000,0.18811,0.39431,-0.02645,-0.03408,0.00000
126.80000,50.76000,0.17555,0.39175,-0.03273,-0.03304,0.00000
126.90000,50.80000,0.16194,0.38978,-0.03891,-0.03159,0.00000
127.00000,50.84000,0.14736,0.38843,-0.04501,-0.02996,0.00000
127.10000,50.88000,0.13189,0.38770,-0.05105,-0.02843,-0.00000
127.20000,50.92000,0.11560,0.38761,-0.05703,-0.02722,0.00000
127.30000,50.96000,0.09860,0.38812,-0.06298,-0.02651,0.00000
127.40000,51.00000,0.08096,0.38920,-0.06889,-0.02643,0.00000
127.50000,51.04000,0.06278,0.39080,-0.07478,-0.02701,0.00000
127.60000,51.08000,0.04417,0.39286,-0.08062,-0.02822,-0.00000
127.70000,51.12000,0.02520,0.39529,-0.08639,-0.02992,0.00000
127.80000,51.16000,0.00599,0.39800,-0.09205,-0.03190,0.00000
127.90000,51.20000,-0.01338,0.40090,-0.09753,-0.03392,0.00000
128.00000,51.24000,-0.03281,0.40387,-0.10275,-0.03568,0.00000
128.10000,51.28000,-0.05221,0.40680,-0.10761,-0.03685,0.00000
128.20000,51.32000,-0.07148,0.40957,-0.11201,-0.03716,0.00000
128.30000,51.36000,-0.09053,0.41208,-0.11580,-0.03635,0.00000
128.40000,51.40000,-0.10928,0.41421,-0.11888,-0.03423,0.00000
128.50000,51.44000,-0.12764,0.41585,-0.12109,-0.03072,0.00000
128.60000,51.48000,-0.14552,0.41691,-0.12233,-0.02582,0.00000
128.70000,51.52000,-0.16286,0.41730,-0.12247,-0.01966,0.00000
128.80000,51.56000,-0.17957,0.41694,-0.12143,-0.01247,0.00000
128.90000,51.60000,-0.19558,0.41576,-0.11916,-0.00458,0.00000
129.00000,51.64000,-0.21083,0.41371,-0.11561,0.00359,0.00000
129.10000,51.68000,-0.22525,0.41074,-0.11081,0.01155,0.00000
129.20000,51.72000,-0.23879,0.40684,-0.10480,0.01879,0.00000
129.30000,51.76000,-0.25139,0.40199,-0.09767,0.02478,0.00000
129.40000,51.80000,-0.26301,0.39618,-0.08954,0.02902,0.00000
129.50000,51.84000,-0.27361,0.38943,-0.08057,0.03108,0.00000
129.60000,51.88000,-0.28316,0.38176,-0.07094,0.03060,0.00000
129.70000,51.92000,-0.29162,0.37320,-0.06084,0.02734,0.00000
129.80000,51.96000,-0.29897,0.36381,-0.05046,0.02117,0.00000
129.90000,52.00000,-0.30520,0.35362,-0.04001,0.01211,0.00000
130.00000,52.04000,-0.31029,0.34270,-0.02965,0.00030,0.00000
130.10000,52.08000,-0.31423,0.33111,-0.01954,-0.01399,0.00000
130.20000,52.12000,-0.31703,0.31894,-0.00979,-0.03036,0.00000
130.30000,52.16000,-0.31869,0.30626,-0.00049,-0.04835,0.00000
130.40000,52.20000,-0.31921,0.29314,0.00834,-0.06740,0.00000
130.50000,52.24000,-0.31861,0.27969,0.01669,-0.08692,0.00000
130.60000,52.28000,-0.31691,0.26598,0.02461,-0.10630,0.00000
130.70000,52.32000,-0.31412,0.25212,0.03218,-0.12495,0.00000
130.80000,52.36000,-0.31026,0.23820,0.03950,-0.14230,0.00000
130.90000,52.40000,-0.30535,0.22430,0.04667,-0.15786,0.00000
131.00000,52.44000,-0.29943,0.21054,0.05383,-0.17121,-0.00000
131.10000,52.48000,-0.29252,0.19701,0.06106,-0.18200,0.00000
131.20000,52.52000,-0.28465,0.18379,0.06846,-0.19000,0.00000
131.30000,52.56000,-0.27586,0.17100,0.07608,-0.19505,0.00000
131.40000,52.60000,-0.26617,0.15870,0.08395,-0.19708,-0.00000
131.50000,52.64000,-0.25562,0.14701,0.09203,-0.19613,0.00000
131.60000,52.68000,-0.24425,0.13599,0.10026,-0.19227,0.00000
131.70000,52.72000,-0.23210,0.12572,0.10853,-0.18566,0.00000
131.80000,52.76000,-0.21921,0.11628,0.11669,-0.17648,0.00000
131.90000,52.80000,-0.20563,0.10773,0.12457,-0.16496,0.00000
132.00000,52.84000,-0.19140,0.10012,0.13198,-0.15133,0.00000
132.10000,52.88000,-0.17657,0.09352,0.13872,-0.13585,-0.00000
132.20000,52.92000,-0.16119,0.08796,0.14461,-0.11878,0.00000
132.30000,52.96000,-0.14533,0.08348,0.14949,-0.10035,0.00000
132.40000,53.00000,-0.12903,0.08011,0.15320,-0.08082,0.00000
132.50000,53.04000,-0.11237,0.07786,0.15567,-0.06043,0.00000
132.60000,53.08000,-0.09540,0.07676,0.15683,-0.03940,0.00000
132.70000,53.12000,-0.07818,0.07681,0.15670,-0.01798,0.00000
132.80000,53.16000,-0.06080,0.07801,0.15531,0.00362,0.00000
132.90000,53.20000,-0.04331,0.08035,0.15277,0.02517,0.00000
133.00000,53.24000,-0.02578,0.08382,0.14920,0.04645,0.00000
133.10000,53.28000,-0.00829,0.08840,0.14477,0.06722,-0.00000
133.20000,53.32000,0.00909,0.09406,0.13963,0.08727,0.00000
133.30000,53.36000,0.02631,0.10076,0.13397,0.10638,0.00000
133.40000,53.40000,0.04328,0.10848,0.12794,0.12434,0.00000
133.50000,53.44000,0.05996,0.11715,0.12168,0.14096,-0.00000
133.60000,53.48000,0.07627,0.12672,0.11530,0.15606,-0.00000
133.70000,53.52000,0.09216,0.13712,0.10885,0.16950,0.00000
133.80000,53.56000,0.10758,0.14830,0.10234,0.18116,0.00000
133.90000,53.60000,0.12247,0.16016,0.09576,0.19093,0.00000
134.00000,53.64000,0.13680,0.17263,0.08903,0.19877,0.00000
134.10000,53.68000,0.15052,0.18560,0.08204,0.20464,0.00000
134.20000,53.72000,0.16360,0.19899,0.07466,0.20855,0.00000
134.30000,53.76000,0.17601,0.21269,0.06675,0.21053,0.00000
134.40000,53.80000,0.18771,0.22659,0.05816,0.21063,0.00000
134.50000,53.84000,0.19869,0.24059,0.04878,0.20894,-0.00000
134.60000,53.88000,0.20893,0.25458,0.03848,0.20555,0.00000
134.70000,53.92000,0.21842,0.26845,0.02723,0.20056,0.00000
134.80000,53.96000,0.22713,0.28210,0.01500,0.19407,0.00000
134.90000,54.00000,0.23507,0.29543,0.00183,0.18621,0.00000
135.00000,54.04000,0.24221,0.30834,-0.01218,0.17709,0.00000
135.10000,54.08000,0.24857,0.32074,-0.02688,0.16682,0.00000
135.20000,54.12000,0.25413,0.33257,-0.04208,0.15552,0.00000
135.30000,54.16000,0.25889,0.34375,-0.05752,0.14332,0.00000
135.40000,54.20000,0.26285,0.35421,-0.07296,0.13033,0.00000
135.50000,54.24000,0.26601,0.36392,-0.08809,0.11671,0.00000
135.60000,54.28000,0.26836,0.37284,-0.10265,0.10259,0.00000
135.70000,54.32000,0.26992,0.38093,-0.11636,0.08814,0.00000
135.80000,54.36000,0.27067,0.38818,-0.12898,0.07352,-0.00000
135.90000,54.40000,0.27063,0.39457,-0.14029,0.05892,0.00000
136.00000,54.44000,0.26979,0.40011,-0.15015,0.04453,-0.00000
136.10000,54.48000,0.26816,0.40479,-0.15842,0.03055,0.00000
136.20000,54.52000,0.26575,0.40862,-0.16506,0.01717,0.00000
136.30000,54.56000,0.26256,0.41162,-0.17006,0.00457,0.00000
136.40000,54.60000,0.25860,0.41381,-0.17347,-0.00707,0.00000
136.50000,54.64000,0.25388,0.41520,-0.17536,-0.01762,0.00000
136.60000,54.68000,0.24841,0.41582,-0.17586,-0.02696,0.00000
136.70000,54.72000,0.24222,0.41570,-0.17510,-0.03502,0.00000
136.80000,54.76000,0.23531,0.41486,-0.17324,-0.04178,-0.00000
136.90000,54.80000,0.22771,0.41333,-0.17044,-0.04724,-0.00000
137.00000,54.84000,0.21944,0.41115,-0.16685,-0.05146,-0.00000
137.10000,54.88000,0.21053,0.40834,-0.16260,-0.05454,0.00000
137.20000,54.92000,0.20102,0.40496,-0.15780,-0.05662,0.00000
137.30000,54.96000,0.19095,0.40103,-0.15256,-0.05785,0.00000
137.40000,55.00000,0.18034,0.39660,-0.14694,-0.05841,0.00000
137.50000,55.04000,0.16925,0.39171,-0.14097,-0.05849,0.00000
137.60000,55.08000,0.15772,0.38642,-0.13469,-0.05826,0.00000
137.70000,55.12000,0.14581,0.38078,-0.12808,-0.05788,0.00000
137.80000,55.16000,0.13358,0.37484,-0.12115,-0.05750,0.00000
137.90000,55.20000,0.12108,0.36866,-0.11385,-0.05722,-0.00000
138.00000,55.24000,0.10838,0.36229,-0.10616,-0.05712,0.00000
138.10000,55.28000,0.09555,0.35578,-0.09806,-0.05722,-0.00000
138.20000,55.32000,0.08266,0.34921,-0.08951,-0.05752,0.00000
138.30000,55.36000,0.06977,0.34261,-0.08049,-0.05798,-0.00000
138.40000,55.40000,0.05696,0.33605,-0.07098,-0.05854,-0.00000
138.50000,55.44000,0.04429,0.32957,-0.06098,-0.05910,0.00000
138.60000,55.48000,0.03184,0.32322,-0.05048,-0.05956,0.00000
138.70000,55.52000,0.01968,0.31704,-0.03948,-0.05982,-0.00000
138.80000,55.56000,0.00785,0.31107,-0.02798,-0.05977,0.00000
138.90000,55.60000,-0.00356,0.30534,-0.01601,-0.05934,0.00000
139.00000,55.64000,-0.01452,0.29988,-0.00356,-0.05845,0.00000
139.10000,55.68000,-0.02497,0.29472,0.00934,-0.05706,0.00000
139.20000,55.72000,-0.03488,0.28988,0.02266,-0.05515,0.00000
139.30000,55.76000,-0.04421,0.28537,0.03638,-0.05273,-0.00000
139.40000,55.80000,-0.05293,0.28122,0.05046,-0.04980,0.00000
139.50000,55.84000,-0.06104,0.27743,0.06483,-0.04642,0.00000
139.60000,55.88000,-0.06851,0.27401,0.07942,-0.04263,0.00000
139.70000,55.92000,-0.07536,0.27098,0.09413,-0.03849,0.00000
139.80000,55.96000,-0.08159,0.26834,0.10884,-0.03403,0.00000
139.90000,56.00000,-0.08721,0.26609,0.12341,-0.02932,-0.00000
140.00000,56.04000,-0.09225,0.26425,0.13764,-0.02438,0.00000
140.10000,56.08000,-0.09673,0.26280,0.15134,-0.01924,0.00000
140.20000,56.12000,-0.10068,0.26176,0.16429,-0.01392,0.00000
140.30000,56.16000,-0.10414,0.26112,0.17625,-0.00843,0.00000
140.40000,56.20000,-0.10715,0.26087,0.18697,-0.00280,0.00000
140.50000,56.24000,-0.10975,0.26102,0.19620,0.00297,0.00000
140.60000,56.28000,-0.11198,0.26155,0.20371,0.00884,0.00000
140.70000,56.32000,-0.11389,0.26245,0.20929,0.01475,0.00000
140.80000,56.36000,-0.11552,0.26370,0.21276,0.02062,0.00000
140.90000,56.40000,-0.11692,0.26528,0.21398,0.02634,0.00000
141.00000,56.44000,-0.11812,0.26717,0.21288,0.03178,0.00000
141.10000,56.48000,-0.11917,0.26935,0.20941,0.03676,0.00000
141.20000,56.52000,-0.12011,0.27178,0.20362,0.04109,0.00000
141.30000,56.56000,-0.12097,0.27443,0.19561,0.04457,0.00000
141.40000,56.60000,-0.12178,0.27727,0.18553,0.04697,0.00000
141.50000,56.64000,-0.12258,0.28026,0.17358,0.04809,0.00000
141.60000,56.68000,-0.12339,0.28338,0.16003,0.04775,-0.00000
141.70000,56.72000,-0.12425,0.28657,0.14516,0.04581,0.00000
141.80000,56.76000,-0.12516,0.28982,0.12928,0.04216,-0.00000
141.90000,56.80000,-0.12615,0.29308,0.11271,0.03678,0.00000
142.00000,56.84000,-0.12723,0.29632,0.09578,0.02971,-0.00000
142.10000,56.88000,-0.12841,0.29952,0.07877,0.02106,0.00000
142.20000,56.92000,-0.12969,0.30264,0.06196,0.01103,0.00000
142.30000,56.96000,-0.13107,0.30567,0.04560,-0.00010,0.00000
142.40000,57.00000,-0.13255,0.30857,0.02985,-0.01202,0.00000
142.50000,57.04000,-0.13412,0.31134,0.01489,-0.02433,-0.00000
142.60000,57.08000,-0.13575,0.31394,0.00078,-0.03663,0.00000
142.70000,57.12000,-0.13742,0.31637,-0.01240,-0.04848,0.00000
142.80000,57.16000,-0.13911,0.31861,-0.02467,-0.05947,0.00000
142.90000,57.20000,-0.14079,0.32065,-0.03605,-0.06920,0.00000
143.00000,57.24000,-0.14240,0.32248,-0.04660,-0.07734,-0.00000
143.10000,57.28000,-0.14392,0.32409,-0.05639,-0.08361,-0.00000
143.20000,57.32000,-0.14530,0.32547,-0.06551,-0.08781,0.00000
143.30000,57.36000,-0.14648,0.32663,-0.07406,-0.08984,0.00000
143.40000,57.40000,-0.14741,0.32756,-0.08209,-0.08967,-0.00000
143.50000,57.44000,-0.14805,0.32826,-0.08969,-0.08738,0.00000
143.60000,57.48000,-0.14834,0.32874,-0.09689,-0.08311,-0.00000
143.70000,57.52000,-0.14823,0.32899,-0.10371,-0.07709,0.00000
143.80000,57.56000,-0.14766,0.32903,-0.11016,-0.06958,-0.00000
143.90000,57.60000,-0.14660,0.32887,-0.11620,-0.06091,-0.00000
144.00000,57.64000,-0.14501,0.32852,-0.12180,-0.05139,0.00000
144.10000,57.68000,-0.14283,0.32801,-0.12688,-0.04135,0.00000
144.20000,57.72000,-0.14005,0.32735,-0.13139,-0.03111,0.00000
144.30000,57.76000,-0.13664,0.32657,-0.13523,-0.02093,0.00000
144.40000,57.80000,-0.13257,0.32570,-0.13833,-0.01106,-0.00000
144.50000,57.84000,-0.12785,0.32478,-0.14062,-0.00168,0.00000
144.60000,57.88000,-0.12246,0.32382,-0.14201,0.00706,0.00000
144.70000,57.92000,-0.11642,0.32287,-0.14247,0.01508,0.00000
144.80000,57.96000,-0.10972,0.32197,-0.14194,0.02233,0.00000
144.90000,58.00000,-0.10240,0.32114,-0.14039,0.02878,-0.00000
145.00000,58.04000,-0.09447,0.32042,-0.13783,0.03444,0.00000
145.10000,58.08000,-0.08598,0.31984,-0.13425,0.03931,0.00000
145.20000,58.12000,-0.07696,0.31944,-0.12969,0.04341,0.00000
145.30000,58.16000,-0.06746,0.31924,-0.12417,0.04672,0.00000
145.40000,58.20000,-0.05753,0.31927,-0.11776,0.04922,0.00000
145.50000,58.24000,-0.04722,0.31954,-0.11053,0.05088,0.00000
145.60000,58.28000,-0.03659,0.32007,-0.10255,0.05160,0.00000
145.70000,58.32000,-0.02572,0.32086,-0.09393,0.05132,0.00000
145.80000,58.36000,-0.01466,0.32192,-0.08475,0.04994,0.00000
145.90000,58.40000,-0.00348,0.32325,-0.07515,0.04735,0.00000
146.00000,58.44000,0.00774,0.32484,-0.06523,0.04346,0.00000
146.10000,58.48000,0.01893,0.32668,-0.05515,0.03823,0.00000
146.20000,58.52000,0.03003,0.32873,-0.04504,0.03162,-0.00000
146.30000,58.56000,0.04097,0.33099,-0.03505,0.02367,0.00000
146.40000,58.60000,0.05166,0.33341,-0.02534,0.01445,0.00000
146.50000,58.64000,0.06206,0.33596,-0.01604,0.00413,0.00000
146.60000,58.68000,0.07208,0.33860,-0.00733,-0.00709,0.00000
146.70000,58.72000,0.08168,0.34129,0.00068,-0.01893,0.00000
146.80000,58.76000,0.09080,0.34397,0.00786,-0.03104,0.00000
146.90000,58.80000,0.09937,0.34661,0.01410,-0.04307,0.00000
147.00000,58.84000,0.10737,0.34913,0.01932,-0.05461,0.00000
147.10000,58.88000,0.11474,0.35150,0.02349,-0.06524,0.00000
147.20000,58.92000,0.12146,0.35365,0.02657,-0.07458,0.00000
147.30000,58.96000,0.12748,0.35553,0.02860,-0.08225,0.00000
147.40000,59.00000,0.13280,0.35708,0.02964,-0.08794,0.00000
147.50000,59.04000,0.13740,0.35827,0.02977,-0.09140,0.00000
147.60000,59.08000,0.14126,0.35903,0.02914,-0.09244,0.00000
147.70000,59.12000,0.14439,0.35933,0.02790,-0.09098,0.00000
147.80000,59.16000,0.14680,0.35912,0.02622,-0.08702,0.00000
147.90000,59.20000,0.14848,0.35837,0.02431,-0.08064,0.00000
148.00000,59.24000,0.14946,0.35705,0.02235,-0.07202,0.00000
148.10000,59.28000,0.14977,0.35514,0.02055,-0.06141,0.00000
148.20000,59.32000,0.14943,0.35262,0.01909,-0.04909,0.00000
148.30000,59.36000,0.14847,0.34950,0.01812,-0.03543,0.00000
148.40000,59.40000,0.14693,0.34576,0.01777,-0.02078,0.00000
148.50000,59.44000,0.14485,0.34142,0.01813,-0.00553,0.00000
148.60000,59.48000,0.14228,0.33650,0.01925,0.00996,-0.00000
148.70000,59.52000,0.13925,0.33103,0.02114,0.02533,0.00000
148.80000,59.56000,0.13583,0.32504,0.02376,0.04028,0.00000
148.90000,59.60000,0.13205,0.31858,0.02705,0.05455,-0.00000
149.00000,59.64000,0.12796,0.31170,0.03090,0.06792,0.00000
149.10000,59.68000,0.12363,0.30445,0.03518,0.08024,0.00000
149.20000,59.72000,0.11908,0.29691,0.03975,0.09139,0.00000
149.30000,59.76000,0.11437,0.28914,0.04446,0.10131,-0.00000
149.40000,59.80000,0.10954,0.28121,0.04914,0.11000,-0.00000
149.50000,59.84000,0.10464,0.27322,0.05367,0.11746,0.00000
149.60000,59.88000,0.09970,0.26522,0.05792,0.12374,0.00000
149.70000,59.92000,0.09475,0.25731,0.06180,0.12889,0.00000
149.80000,59.96000,0.08983,0.24957,0.06522,0.13298,-0.00000
149.90000,60.00000,0.08496,0.24205,0.06816,0.13607,0.00000
150.00000,60.04000,0.08017,0.23485,0.07061,0.13822,-0.00000
150.10000,60.08000,0.07548,0.22801,0.07258,0.13949,0.00000
150.20000,60.12000,0.07090,0.22161,0.07411,0.13991,0.00000
150.30000,60.16000,0.06644,0.21568,0.07528,0.13950,-0.00000
150.40000,60.20000,0.06211,0.21026,0.07613,0.13827,0.00000
150.50000,60.24000,0.05792,0.20539,0.07675,0.13622,0.00000
150.60000,60.28000,0.05387,0.20108,0.07720,0.13335,0.00000
150.70000,60.32000,0.04997,0.19733,0.07753,0.12963,0.00000
150.80000,60.36000,0.04620,0.19414,0.07778,0.12505,0.00000
150.90000,60.40000,0.04258,0.19148,0.07796,0.11958,0.00000
151.00000,60.44000,0.03910,0.18932,0.07807,0.11320,0.00000
151.10000,60.48000,0.03575,0.18762,0.07807,0.10590,0.00000
151.20000,60.52000,0.03253,0.18632,0.07789,0.09766,0.00000
151.30000,60.56000,0.02944,0.18536,0.07747,0.08847,0.00000
151.40000,60.60000,0.02648,0.18468,0.07672,0.07833,-0.00000
151.50000,60.64000,0.02362,0.18420,0.07554,0.06725,0.00000
151.60000,60.68000,0.02088,0.18384,0.07382,0.05524,0.00000
151.70000,60.72000,0.01823,0.18353,0.07149,0.04234,0.00000
151.80000,60.76000,0.01568,0.18320,0.06847,0.02860,-0.00000
151.90000,60.80000,0.01320,0.18276,0.06469,0.01407,0.00000
152.00000,60.84000,0.01079,0.18218,0.06013,-0.00117,0.00000
152.10000,60.88000,0.00842,0.18137,0.05478,-0.01699,0.00000
152.20000,60.92000,0.00609,0.18032,0.04867,-0.03326,0.00000
152.30000,60.96000,0.00376,0.17898,0.04184,-0.04982,0.00000
152.40000,61.00000,0.00143,0.17733,0.03437,-0.06646,0.00000
152.50000,61.04000,-0.00094,0.17539,0.02636,-0.08296,-0.00000
152.60000,61.08000,-0.00337,0.17315,0.01791,-0.09906,0.00000
152.70000,61.12000,-0.00588,0.17067,0.00915,-0.11448,0.00000
152.80000,61.16000,-0.00850,0.16797,0.00021,-0.12893,0.00000
152.90000,61.20000,-0.01124,0.16513,-0.00881,-0.14210,-0.00000
153.00000,61.24000,-0.01414,0.16222,-0.01780,-0.15370,0.00000
153.10000,61.28000,-0.01721,0.15934,-0.02666,-0.16344,0.00000
153.20000,61.32000,-0.02046,0.15658,-0.03534,-0.17107,0.00000
153.30000,61.36000,-0.02391,0.15406,-0.04377,-0.17638,0.00000
153.40000,61.40000,-0.02755,0.15189,-0.05194,-0.17920,0.00000
153.50000,61.44000,-0.03140,0.15021,-0.05985,-0.17945,0.00000
153.60000,61.48000,-0.03544,0.14913,-0.06751,-0.17710,0.00000
153.70000,61.52000,-0.03966,0.14879,-0.07494,-0.17220,0.00000
153.80000,61.56000,-0.04406,0.14930,-0.08219,-0.16489,0.00000
153.90000,61.60000,-0.04860,0.15079,-0.08929,-0.15538,-0.00000
154.00000,61.64000,-0.05326,0.15335,-0.09627,-0.14394,0.00000
154.10000,61.68000,-0.05800,0.15710,-0.10313,-0.13091,0.00000
154.20000,61.72000,-0.06280,0.16212,-0.10989,-0.11668,0.00000
154.30000,61.76000,-0.06761,0.16847,-0.11650,-0.10165,0.00000
154.40000,61.80000,-0.07240,0.17622,-0.12290,-0.08627,-0.00000
154.50000,61.84000,-0.07712,0.18540,-0.12900,-0.07094,0.00000
154.60000,61.88000,-0.08173,0.19603,-0.13467,-0.05607,-0.00000
154.70000,61.92000,-0.08619,0.20812,-0.13977,-0.04201,0.00000
154.80000,61.96000,-0.09045,0.22164,-0.14412,-0.02908,0.00000
154.90000,62.00000,-0.09448,0.23657,-0.14751,-0.01750,0.00000
155.00000,62.04000,-0.09825,0.25284,-0.14975,-0.00745,0.00000
155.10000,62.08000,-0.10171,0.27039,-0.15061,0.00099,0.00000
155.20000,62.12000,-0.10483,0.28912,-0.14991,0.00780,0.00000
155.30000,62.16000,-0.10760,0.30893,-0.14746,0.01305,-0.00000
155.40000,62.20000,-0.10998,0.32970,-0.14310,0.01685,0.00000
155.50000,62.24000,-0.11196,0.35129,-0.13672,0.01938,0.00000
155.60000,62.28000,-0.11351,0.37357,-0.12823,0.02086,0.00000
155.70000,62.32000,-0.11463,0.39638,-0.11763,0.02152,-0.00000
155.80000,62.36000,-0.11530,0.41956,-0.10492,0.02162,0.00000
155.90000,62.40000,-0.11552,0.44295,-0.09020,0.02139,0.00000
156.00000,62.44000,-0.11529,0.46637,-0.07361,0.02108,0.00000
156.10000,62.48000,-0.11461,0.48966,-0.05532,0.02087,-0.00000
156.20000,62.52000,-0.11348,0.51265,-0.03557,0.02094,0.00000
156.30000,62.56000,-0.11191,0.53515,-0.01463,0.02141,-0.00000
156.40000,62.60000,-0.10990,0.55702,0.00720,0.02235,0.00000
156.50000,62.64000,-0.10746,0.57809,0.02962,0.02381,-0.00000
156.60000,62.68000,-0.10462,0.59820,0.05229,0.02578,0.00000
156.70000,62.72000,-0.10139,0.61722,0.07491,0.02824,0.00000
156.80000,62.76000,-0.09777,0.63500,0.09715,0.03111,0.00000
156.90000,62.80000,-0.09380,0.65141,0.11874,0.03431,0.00000
157.00000,62.84000,-0.08949,0.66634,0.13941,0.03775,0.00000
157.10000,62.88000,-0.08487,0.67968,0.15893,0.04134,-0.00000
157.20000,62.92000,-0.07995,0.69134,0.17710,0.04496,0.00000
157.30000,62.96000,-0.07476,0.70124,0.19376,0.04854,0.00000
157.40000,63.00000,-0.06932,0.70929,0.20878,0.05199,-0.00000
157.50000,63.04000,-0.06365,0.71545,0.22207,0.05525,0.00000
157.60000,63.08000,-0.05779,0.71966,0.23354,0.05826,0.00000
157.70000,63.12000,-0.05174,0.72188,0.24315,0.06100,-0.00000
157.80000,63.16000,-0.04554,0.72208,0.25085,0.06342,0.00000
157.90000,63.20000,-0.03921,0.72026,0.25661,0.06552,0.00000
158.00000,63.24000,-0.03277,0.71639,0.26039,0.06728,0.00000
158.10000,63.28000,-0.02624,0.71048,0.26216,0.06869,0.00000
158.20000,63.32000,-0.01966,0.70253,0.26187,0.06974,0.00000
158.30000,63.36000,-0.01303,0.69257,0.25947,0.07043,0.00000
158.40000,63.40000,-0.00639,0.68063,0.25491,0.07074,0.00000
158.50000,63.44000,0.00023,0.66673,0.24813,0.07068,0.00000
158.60000,63.48000,0.00682,0.65092,0.23906,0.07021,0.00000
158.70000,63.52000,0.01333,0.63326,0.22766,0.06933,0.00000
158.80000,63.56000,0.01975,0.61381,0.21390,0.06804,0.00000
158.90000,63.60000,0.02605,0.59263,0.19775,0.06633,0.00000
159.00000,63.64000,0.03218,0.56982,0.17925,0.06422,0.00000
159.10000,63.68000,0.03813,0.54546,0.15844,0.06170,0.00000
159.20000,63.72000,0.04386,0.51966,0.13543,0.05882,0.00000
159.30000,63.76000,0.04933,0.49253,0.11037,0.05561,0.00000
159.40000,63.80000,0.05451,0.46421,0.08344,0.05212,-0.00000
159.50000,63.84000,0.05937,0.43483,0.05490,0.04841,0.00000
159.60000,63.88000,0.06388,0.40454,0.02504,0.04455,0.00000
159.70000,63.92000,0.06801,0.37350,-0.00582,0.04061,0.00000
159.80000,63.96000,0.07174,0.34188,-0.03731,0.03667,-0.00000
159.90000,64.00000,0.07503,0.30987,-0.06907,0.03278,0.00000
160.00000,64.04000,0.07787,0.27764,-0.10071,0.02902,-0.00000
160.10000,64.08000,0.08024,0.24539,-0.13183,0.02542,0.00000
160.20000,64.12000,0.08213,0.21330,-0.16209,0.02202,0.00000
160.30000,64.16000,0.08352,0.18159,-0.19114,0.01883,0.00000
160.40000,64.20000,0.08442,0.15043,-0.21867,0.01584,0.00000
160.50000,64.24000,0.08483,0.12002,-0.24444,0.01303,0.00000
160.60000,64.28000,0.08475,0.09054,-0.26823,0.01035,0.00000
160.70000,64.32000,0.08420,0.06216,-0.28989,0.00773,0.00000
160.80000,64.36000,0.08319,0.03505,-0.30931,0.00512,0.00000
160.90000,64.40000,0.08174,0.00936,-0.32642,0.00241,0.00000
161.00000,64.44000,0.07989,-0.01477,-0.34122,-0.00046,0.00000
161.10000,64.48000,0.07765,-0.03722,-0.35371,-0.00359,0.00000
161.20000,64.52000,0.07506,-0.05788,-0.36392,-0.00704,0.00000
161.30000,64.56000,0.07217,-0.07667,-0.37191,-0.01088,0.00000
161.40000,64.60000,0.06901,-0.09350,-0.37771,-0.01513,-0.00000
161.50000,64.64000,0.06562,-0.10831,-0.38136,-0.01983,0.00000
161.60000,64.68000,0.06205,-0.12108,-0.38290,-0.02496,0.00000
161.70000,64.72000,0.05834,-0.13176,-0.38232,-0.03048,-0.00000
161.80000,64.76000,0.05455,-0.14035,-0.37961,-0.03633,0.00000
161.90000,64.80000,0.05072,-0.14686,-0.37472,-0.04242,0.00000
162.00000,64.84000,0.04689,-0.15129,-0.36761,-0.04864,0.00000
162.10000,64.88000,0.04312,-0.15367,-0.35818,-0.05487,0.00000
162.20000,64.92000,0.03944,-0.15404,-0.34636,-0.06096,0.00000
162.30000,64.96000,0.03590,-0.15246,-0.33207,-0.06677,0.00000
162.40000,65.00000,0.03254,-0.14898,-0.31523,-0.07215,0.00000
162.50000,65.04000,0.02940,-0.14367,-0.29580,-0.07696,0.00000
162.60000,65.08000,0.02650,-0.13661,-0.27377,-0.08109,0.00000
162.70000,65.12000,0.02388,-0.12789,-0.24915,-0.08443,0.00000
162.80000,65.16000,0.02156,-0.11760,-0.22203,-0.08693,0.00000
162.90000,65.20000,0.01955,-0.10585,-0.19251,-0.08852,0.00000
163.00000,65.24000,0.01787,-0.09274,-0.16079,-0.08922,0.00000
163.10000,65.28000,0.01652,-0.07839,-0.12709,-0.08905,-0.00000
163.20000,65.32000,0.01551,-0.06292,-0.09169,-0.08808,0.00000
163.30000,65.36000,0.01483,-0.04647,-0.05491,-0.08641,0.00000
163.40000,65.40000,0.01447,-0.02914,-0.01710,-0.08417,0.00000
163.50000,65.44000,0.01442,-0.01108,0.02135,-0.08150,0.00000
163.60000,65.48000,0.01465,0.00758,0.06003,-0.07857,-0.00000
163.70000,65.52000,0.01515,0.02672,0.09855,-0.07556,0.00000
163.80000,65.56000,0.01587,0.04620,0.13650,-0.07262,-0.00000
163.90000,65.60000,0.01678,0.06592,0.17347,-0.06990,-0.00000
164.00000,65.64000,0.01786,0.08576,0.20911,-0.06755,0.00000
164.10000,65.68000,0.01906,0.10561,0.24305,-0.06565,0.00000
164.20000,65.72000,0.02034,0.12537,0.27498,-0.06426,0.00000
164.30000,65.76000,0.02166,0.14496,0.30462,-0.06341,0.00000
164.40000,65.80000,0.02298,0.16431,0.33169,-0.06306,0.00000
164.50000,65.84000,0.02426,0.18335,0.35599,-0.06315,-0.00000
164.60000,65.88000,0.02546,0.20203,0.37731,-0.06355,-0.00000
164.70000,65.92000,0.02654,0.22030,0.39551,-0.06411,0.00000
164.80000,65.96000,0.02746,0.23814,0.41046,-0.06465,0.00000
164.90000,66.00000,0.02818,0.25553,0.42206,-0.06496,0.00000
165.00000,66.04000,0.02869,0.27245,0.43024,-0.06484,0.00000
165.10000,66.08000,0.02895,0.28890,0.43497,-0.06406,0.00000
165.20000,66.12000,0.02894,0.30486,0.43625,-0.06244,0.00000
165.30000,66.16000,0.02863,0.32036,0.43411,-0.05982,0.00000
165.40000,66.20000,0.02802,0.33539,0.42863,-0.05606,0.00000
165.50000,66.24000,0.02709,0.34996,0.41991,-0.05109,0.00000
165.60000,66.28000,0.02584,0.36407,0.40810,-0.04487,0.00000
165.70000,66.32000,0.02426,0.37774,0.39341,-0.03745,-0.00000
165.80000,66.36000,0.02236,0.39097,0.37607,-0.02889,0.00000
165.90000,66.40000,0.02014,0.40375,0.35634,-0.01934,0.00000
166.00000,66.44000,0.01762,0.41611,0.33456,-0.00896,0.00000
166.10000,66.48000,0.01480,0.42803,0.31106,0.00203,0.00000
166.20000,66.52000,0.01172,0.43951,0.28621,0.01340,0.00000
166.30000,66.56000,0.00838,0.45056,0.26038,0.02492,-0.00000
166.40000,66.60000,0.00482,0.46117,0.23396,0.03636,0.00000
166.50000,66.64000,0.00107,0.47134,0.20732,0.04751,0.00000
166.60000,66.68000,-0.00285,0.48107,0.18080,0.05819,0.00000
166.70000,66.72000,-0.00690,0.49035,0.15472,0.06828,-0.00000
166.80000,66.76000,-0.01104,0.49919,0.12936,0.07767,0.00000
166.90000,66.80000,-0.01523,0.50758,0.10493,0.08635,-0.00000
167.00000,66.84000,-0.01945,0.51552,0.08160,0.09433,0.00000
167.10000,66.88000,-0.02364,0.52301,0.05949,0.10167,0.00000
167.20000,66.92000,-0.02778,0.53006,0.03863,0.10848,0.00000
167.30000,66.96000,-0.03181,0.53665,0.01903,0.11488,0.00000
167.40000,67.00000,-0.03570,0.54280,0.00063,0.12103,-0.00000
167.50000,67.04000,-0.03942,0.54848,-0.01667,0.12707,-0.00000
167.60000,67.08000,-0.04292,0.55370,-0.03298,0.13313,0.00000
167.70000,67.12000,-0.04618,0.55844,-0.04845,0.13931,0.00000
167.80000,67.16000,-0.04915,0.56270,-0.06322,0.14567,0.00000
167.90000,67.20000,-0.05180,0.56644,-0.07744,0.15222,0.00000
168.00000,67.24000,-0.05411,0.56967,-0.09121,0.15891,-0.00000
168.10000,67.28000,-0.05606,0.57234,-0.10465,0.16563,0.00000
168.20000,67.32000,-0.05761,0.57444,-0.11781,0.17223,0.00000
168.30000,67.36000,-0.05875,0.57593,-0.13072,0.17848,0.00000
168.40000,67.40000,-0.05947,0.57680,-0.14339,0.18413,0.00000
168.50000,67.44000,-0.05975,0.57700,-0.15576,0.18890,-0.00000
168.60000,67.48000,-0.05958,0.57651,-0.16777,0.19248,0.00000
168.70000,67.52000,-0.05897,0.57531,-0.17933,0.19459,0.00000
168.80000,67.56000,-0.05791,0.57336,-0.19033,0.19495,0.00000
168.90000,67.60000,-0.05640,0.57066,-0.20068,0.19331,0.00000
169.00000,67.64000,-0.05446,0.56719,-0.21025,0.18947,0.00000
169.10000,67.68000,-0.05210,0.56293,-0.21895,0.18331,0.00000
169.20000,67.72000,-0.04933,0.55789,-0.22671,0.17476,0.00000
169.30000,67.76000,-0.04618,0.55208,-0.23346,0.16381,-0.00000
169.40000,67.80000,-0.04266,0.54550,-0.23917,0.15053,0.00000
169.50000,67.84000,-0.03880,0.53819,-0.24383,0.13508,-0.00000
169.60000,67.88000,-0.03464,0.53016,-0.24744,0.11764,0.00000
169.70000,67.92000,-0.03019,0.52147,-0.25003,0.09848,0.00000
169.80000,67.96000,-0.02550,0.51215,-0.25164,0.07789,0.00000
169.90000,68.00000,-0.02061,0.50226,-0.25228,0.05621,0.00000
170.00000,68.04000,-0.01553,0.49185,-0.25201,0.03378,0.00000
170.10000,68.08000,-0.01033,0.48100,-0.25083,0.01096,0.00000
170.20000,68.12000,-0.00503,0.46976,-0.24876,-0.01190,0.00000
170.30000,68.16000,0.00033,0.45822,-0.24577,-0.03446,0.00000
170.40000,68.20000,0.00571,0.44644,-0.24184,-0.05638,0.00000
170.50000,68.24000,0.01105,0.43450,-0.23691,-0.07738,0.00000
170.60000,68.28000,0.01634,0.42247,-0.23091,-0.09717,0.00000
170.70000,68.32000,0.02151,0.41043,-0.22375,-0.11551,0.00000
170.80000,68.36000,0.02654,0.39844,-0.21533,-0.13220,0.00000
170.90000,68.40000,0.03138,0.38656,-0.20559,-0.14705,-0.00000
171.00000,68.44000,0.03600,0.37485,-0.19444,-0.15992,0.00000
171.10000,68.48000,0.04035,0.36336,-0.18184,-0.17068,0.00000
171.20000,68.52000,0.04439,0.35215,-0.16776,-0.17928,-0.00000
171.30000,68.56000,0.04810,0.34123,-0.15223,-0.18566,0.00000
171.40000,68.60000,0.05144,0.33065,-0.13530,-0.18983,0.00000
171.50000,68.64000,0.05437,0.32042,-0.11708,-0.19184,0.00000
171.60000,68.68000,0.05688,0.31055,-0.09773,-0.19176,0.00000
171.70000,68.72000,0.05892,0.30105,-0.07743,-0.18973,0.00000
171.80000,68.76000,0.06048,0.29191,-0.05642,-0.18594,0.00000
171.90000,68.80000,0.06154,0.28312,-0.03496,-0.18061,0.00000
172.00000,68.84000,0.06207,0.27467,-0.01334,-0.17400,0.00000
172.10000,68.88000,0.06207,0.26653,0.00816,-0.16641,0.00000
172.20000,68.92000,0.06153,0.25870,0.02924,-0.15817,0.00000
172.30000,68.96000,0.06044,0.25113,0.04962,-0.14961,0.00000
172.40000,69.00000,0.05879,0.24381,0.06902,-0.14107,0.00000
172.50000,69.04000,0.05659,0.23671,0.08722,-0.13285,-0.00000
172.60000,69.08000,0.05383,0.22982,0.10400,-0.12523,0.00000
172.70000,69.12000,0.05053,0.22310,0.11919,-0.11844,-0.00000
172.80000,69.16000,0.04669,0.21656,0.13266,-0.11264,0.00000
172.90000,69.20000,0.04233,0.21017,0.14432,-0.10790,0.00000
173.00000,69.24000,0.03745,0.20393,0.15410,-0.10423,-0.00000
173.10000,69.28000,0.03208,0.19784,0.16198,-0.10153,-0.00000
173.20000,69.32000,0.02622,0.19189,0.16795,-0.09962,0.00000
173.30000,69.36000,0.01991,0.18610,0.17203,-0.09824,-0.00000
173.40000,69.40000,0.01315,0.18047,0.17425,-0.09708,0.00000
173.50000,69.44000,0.00597,0.17501,0.17467,-0.09575,0.00000
173.60000,69.48000,-0.00160,0.16974,0.17333,-0.09389,-0.00000
173.70000,69.52000,-0.00954,0.16467,0.17030,-0.09111,0.00000
173.80000,69.56000,-0.01783,0.15982,0.16564,-0.08706,0.00000
173.90000,69.60000,-0.02644,0.15519,0.15943,-0.08145,0.00000
174.00000,69.64000,-0.03533,0.15082,0.15174,-0.07406,-0.00000
174.10000,69.68000,-0.04447,0.14670,0.14266,-0.06481,-0.00000
174.20000,69.72000,-0.05382,0.14285,0.13230,-0.05368,0.00000
174.30000,69.76000,-0.06334,0.13929,0.12078,-0.04082,0.00000
174.40000,69.80000,-0.07299,0.13603,0.10823,-0.02647,0.00000
174.50000,69.84000,-0.08271,0.13309,0.09482,-0.01099,0.00000
174.60000,69.88000,-0.09246,0.13046,0.08074,0.00516,-0.00000
174.70000,69.92000,-0.10217,0.12818,0.06619,0.02147,0.00000
174.80000,69.96000,-0.11179,0.12624,0.05139,0.03737,0.00000
174.90000,70.00000,-0.12124,0.12468,0.03659,0.05230,0.00000
175.00000,70.04000,-0.13047,0.12350,0.02203,0.06573,0.00000
175.10000,70.08000,-0.13939,0.12272,0.00798,0.07716,-0.00000
175.20000,70.12000,-0.14793,0.12237,-0.00532,0.08622,0.00000
175.30000,70.16000,-0.15602,0.12246,-0.01763,0.09264,0.00000
175.40000,70.20000,-0.16358,0.12302,-0.02873,0.09628,0.00000
175.50000,70.24000,-0.17052,0.12407,-0.03844,0.09714,0.00000
175.60000,70.28000,-0.17678,0.12563,-0.04660,0.09537,0.00000
175.70000,70.32000,-0.18227,0.12771,-0.05311,0.09124,-0.00000
175.80000,70.36000,-0.18692,0.13033,-0.05788,0.08516,0.00000
175.90000,70.40000,-0.19066,0.13350,-0.06090,0.07759,0.00000
176.00000,70.44000,-0.19343,0.13722,-0.06219,0.06908,0.00000
176.10000,70.48000,-0.19517,0.14148,-0.06182,0.06019,0.00000
176.20000,70.52000,-0.19582,0.14628,-0.05988,0.05148,0.00000
176.30000,70.56000,-0.19533,0.15159,-0.05650,0.04343,0.00000
176.40000,70.60000,-0.19367,0.15737,-0.05185,0.03650,0.00000
176.50000,70.64000,-0.19081,0.16359,-0.04611,0.03099,0.00000
176.60000,70.68000,-0.18672,0.17020,-0.03947,0.02713,0.00000
176.70000,70.72000,-0.18141,0.17712,-0.03211,0.02499,0.00000
176.80000,70.76000,-0.17486,0.18431,-0.02424,0.02455,0.00000
176.90000,70.80000,-0.16709,0.19167,-0.01603,0.02563,0.00000
177.00000,70.84000,-0.15811,0.19913,-0.00765,0.02800,-0.00000
177.10000,70.88000,-0.14796,0.20659,0.00074,0.03131,0.00000
177.20000,70.92000,-0.13667,0.21397,0.00902,0.03520,0.00000
177.30000,70.96000,-0.12431,0.22118,0.01707,0.03928,0.00000
177.40000,71.00000,-0.11092,0.22813,0.02480,0.04317,-0.00000
177.50000,71.04000,-0.09657,0.23474,0.03215,0.04654,0.00000
177.60000,71.08000,-0.08135,0.24092,0.03906,0.04913,0.00000
177.70000,71.12000,-0.06533,0.24661,0.04550,0.05076,0.00000
177.80000,71.16000,-0.04860,0.25175,0.05145,0.05133,0.00000
177.90000,71.20000,-0.03127,0.25630,0.05691,0.05086,0.00000
178.00000,71.24000,-0.01342,0.26022,0.06190,0.04945,0.00000
178.10000,71.28000,0.00482,0.26348,0.06642,0.04726,0.00000
178.20000,71.32000,0.02337,0.26610,0.07049,0.04454,-0.00000
178.30000,71.36000,0.04211,0.26808,0.07415,0.04154,-0.00000
178.40000,71.40000,0.06092,0.26946,0.07742,0.03853,0.00000
178.50000,71.44000,0.07971,0.27027,0.08033,0.03578,0.00000
178.60000,71.48000,0.09837,0.27059,0.08290,0.03348,0.00000
178.70000,71.52000,0.11679,0.27047,0.08514,0.03178,-0.00000
178.80000,71.56000,0.13486,0.27002,0.08707,0.03077,-0.00000
178.90000,71.60000,0.15250,0.26932,0.08869,0.03043,0.00000
179.00000,71.64000,0.16961,0.26847,0.08997,0.03067,0.00000
179.10000,71.68000,0.18609,0.26760,0.09089,0.03132,0.00000
179.20000,71.72000,0.20186,0.26681,0.09141,0.03216,0.00000
179.30000,71.76000,0.21685,0.26621,0.09147,0.03293,0.00000
179.40000,71.80000,0.23098,0.26591,0.09101,0.03337,0.00000
179.50000,71.84000,0.24419,0.26603,0.08995,0.03319,0.00000
179.60000,71.88000,0.25640,0.26664,0.08821,0.03219,0.00000
179.70000,71.92000,0.26758,0.26786,0.08570,0.03021,0.00000
179.80000,71.96000,0.27765,0.26974,0.08235,0.02717,0.00000
179.90000,72.00000,0.28660,0.27236,0.07808,0.02309,-0.00000
180.00000,72.04000,0.29437,0.27576,0.07284,0.01809,0.00000
180.10000,72.08000,0.30093,0.27997,0.06660,0.01239,0.00000
180.20000,72.12000,0.30627,0.28502,0.05935,0.00631,0.00000
180.30000,72.16000,0.31036,0.29091,0.05112,0.00022,-0.00000
180.40000,72.20000,0.31320,0.29762,0.04196,-0.00543,0.00000
180.50000,72.24000,0.31477,0.30513,0.03198,-0.01018,0.00000
180.60000,72.28000,0.31508,0.31339,0.02128,-0.01359,0.00000
180.70000,72.32000,0.31414,0.32236,0.01004,-0.01525,0.00000
180.80000,72.36000,0.31196,0.33196,-0.00158,-0.01481,-0.00000
180.90000,72.40000,0.30856,0.34212,-0.01337,-0.01203,0.00000
181.00000,72.44000,0.30396,0.35276,-0.02513,-0.00678,0.00000
181.10000,72.48000,0.29819,0.36379,-0.03666,0.00097,0.00000
181.20000,72.52000,0.29129,0.37512,-0.04777,0.01108,0.00000
181.30000,72.56000,0.28330,0.38665,-0.05828,0.02329,-0.00000
181.40000,72.60000,0.27427,0.39828,-0.06806,0.03725,0.00000
181.50000,72.64000,0.26424,0.40991,-0.07701,0.05246,0.00000
181.60000,72.68000,0.25326,0.42145,-0.08505,0.06838,0.00000
181.70000,72.72000,0.24139,0.43278,-0.09216,0.08441,-0.00000
181.80000,72.76000,0.22869,0.44382,-0.09838,0.09993,0.00000
181.90000,72.80000,0.21520,0.45446,-0.10376,0.11431,0.00000
182.00000,72.84000,0.20100,0.46462,-0.10840,0.12699,-0.00000
182.10000,72.88000,0.18614,0.47422,-0.11240,0.13745,0.00000
182.20000,72.92000,0.17068,0.48315,-0.11590,0.14527,0.00000
182.30000,72.96000,0.15469,0.49136,-0.11903,0.15013,0.00000
182.40000,73.00000,0.13822,0.49875,-0.12190,0.15180,0.00000
182.50000,73.04000,0.12134,0.50527,-0.12462,0.15019,0.00000
182.60000,73.08000,0.10411,0.51086,-0.12726,0.14530,-0.00000
182.70000,73.12000,0.08657,0.51546,-0.12985,0.13725,0.00000
182.80000,73.16000,0.06881,0.51902,-0.13238,0.12624,-0.00000
182.90000,73.20000,0.05087,0.52151,-0.13480,0.11253,0.00000
183.00000,73.24000,0.03281,0.52289,-0.13703,0.09646,0.00000
183.10000,73.28000,0.01470,0.52314,-0.13894,0.07839,-0.00000
183.20000,73.32000,-0.00342,0.52226,-0.14040,0.05870,-0.00000
183.30000,73.36000,-0.02147,0.52023,-0.14123,0.03779,0.00000
183.40000,73.40000,-0.03940,0.51707,-0.14127,0.01604,0.00000
183.50000,73.44000,-0.05714,0.51278,-0.14037,-0.00619,-0.00000
183.60000,73.48000,-0.07465,0.50739,-0.13841,-0.02857,0.00000
183.70000,73.52000,-0.09185,0.50093,-0.13527,-0.05077,0.00000
183.80000,73.56000,-0.10869,0.49344,-0.13090,-0.07253,0.00000
183.90000,73.60000,-0.12511,0.48495,-0.12530,-0.09360,-0.00000
184.00000,73.64000,-0.14105,0.47553,-0.11850,-0.11375,0.00000
184.10000,73.68000,-0.15644,0.46523,-0.11058,-0.13278,-0.00000
184.20000,73.72000,-0.17124,0.45410,-0.10167,-0.15051,0.00000
184.30000,73.76000,-0.18538,0.44222,-0.09195,-0.16678,-0.00000
184.40000,73.80000,-0.19882,0.42966,-0.08159,-0.18144,0.00000
184.50000,73.84000,-0.21150,0.41649,-0.07080,-0.19434,0.00000
184.60000,73.88000,-0.22339,0.40280,-0.05978,-0.20539,0.00000
184.70000,73.92000,-0.23443,0.38865,-0.04872,-0.21445,0.00000
184.80000,73.96000,-0.24460,0.37415,-0.03777,-0.22146,0.00000
184.90000,74.00000,-0.25386,0.35937,-0.02706,-0.22635,-0.00000
185.00000,74.04000,-0.26219,0.34441,-0.01668,-0.22908,0.00000
185.10000,74.08000,-0.26956,0.32936,-0.00666,-0.22964,0.00000
185.20000,74.12000,-0.27596,0.31433,0.00300,-0.22805,0.00000
185.30000,74.16000,-0.28139,0.29940,0.01236,-0.22437,0.00000
185.40000,74.20000,-0.28583,0.28469,0.02150,-0.21869,0.00000
185.50000,74.24000,-0.28929,0.27028,0.03054,-0.21111,0.00000
185.60000,74.28000,-0.29177,0.25627,0.03959,-0.20179,0.00000
185.70000,74.32000,-0.29330,0.24277,0.04877,-0.19087,0.00000
185.80000,74.36000,-0.29387,0.22986,0.05820,-0.17854,0.00000
185.90000,74.40000,-0.29351,0.21764,0.06796,-0.16498,-0.00000
186.00000,74.44000,-0.29225,0.20619,0.07809,-0.15040,0.00000
186.10000,74.48000,-0.29010,0.19557,0.08858,-0.13497,0.00000
186.20000,74.52000,-0.28709,0.18587,0.09939,-0.11889,0.00000
186.30000,74.56000,-0.28325,0.17713,0.11041,-0.10234,0.00000
186.40000,74.60000,-0.27862,0.16939,0.12148,-0.08548,0.00000
186.50000,74.64000,-0.27320,0.16270,0.13242,-0.06848,0.00000
186.60000,74.68000,-0.26705,0.15708,0.14299,-0.05149,-0.00000
186.70000,74.72000,-0.26019,0.15252,0.15294,-0.03465,0.00000
186.80000,74.76000,-0.25264,0.14904,0.16201,-0.01811,0.00000
186.90000,74.80000,-0.24444,0.14663,0.16996,-0.00199,0.00000
187.00000,74.84000,-0.23562,0.14524,0.17655,0.01355,0.00000
187.10000,74.88000,-0.22621,0.14487,0.18158,0.02840,-0.00000
187.20000,74.92000,-0.21624,0.14546,0.18491,0.04240,0.00000
187.30000,74.96000,-0.20573,0.14696,0.18644,0.05543,-0.00000
187.40000,75.00000,-0.19473,0.14934,0.18611,0.06734,0.00000
187.50000,75.04000,-0.18325,0.15252,0.18395,0.07803,0.00000
187.60000,75.08000,-0.17134,0.15645,0.18002,0.08737,0.00000
187.70000,75.12000,-0.15903,0.16108,0.17445,0.09527,0.00000
187.80000,75.16000,-0.14635,0.16633,0.16739,0.10168,0.00000
187.90000,75.20000,-0.13333,0.17216,0.15904,0.10655,-0.00000
188.00000,75.24000,-0.12002,0.17849,0.14961,0.10989,0.00000
188.10000,75.28000,-0.10646,0.18528,0.13932,0.11173,0.00000
188.20000,75.32000,-0.09268,0.19246,0.12839,0.11216,0.00000
188.30000,75.36000,-0.07873,0.19997,0.11701,0.11130,0.00000
188.40000,75.40000,-0.06465,0.20775,0.10537,0.10930,0.00000
188.50000,75.44000,-0.05050,0.21576,0.09363,0.10633,0.00000
188.60000,75.48000,-0.03632,0.22393,0.08189,0.10260,-0.00000
188.70000,75.52000,-0.02217,0.23222,0.07026,0.09833,0.00000
188.80000,75.56000,-0.00809,0.24055,0.05877,0.09371,0.00000
188.90000,75.60000,0.00585,0.24889,0.04747,0.08896,0.00000
189.00000,75.64000,0.01960,0.25716,0.03634,0.08425,0.00000
189.10000,75.68000,0.03311,0.26533,0.02537,0.07973,-0.00000
189.20000,75.72000,0.04630,0.27333,0.01453,0.07552,-0.00000
189.30000,75.76000,0.05914,0.28111,0.00379,0.07168,-0.00000
189.40000,75.80000,0.07154,0.28862,-0.00689,0.06824,-0.00000
189.50000,75.84000,0.08347,0.29583,-0.01755,0.06520,0.00000
189.60000,75.88000,0.09487,0.30268,-0.02821,0.06251,0.00000
189.70000,75.92000,0.10567,0.30913,-0.03887,0.06008,0.00000
189.80000,75.96000,0.11585,0.31515,-0.04955,0.05782,0.00000
189.90000,76.00000,0.12534,0.32072,-0.06023,0.05562,0.00000
190.00000,76.04000,0.13411,0.32581,-0.07090,0.05336,0.00000
190.10000,76.08000,0.14214,0.33041,-0.08153,0.05092,0.00000
190.20000,76.12000,0.14938,0.33449,-0.09208,0.04823,0.00000
190.30000,76.16000,0.15583,0.33806,-0.10251,0.04520,-0.00000
190.40000,76.20000,0.16148,0.34112,-0.11278,0.04179,0.00000
190.50000,76.24000,0.16631,0.34367,-0.12284,0.03799,0.00000
190.60000,76.28000,0.17033,0.34571,-0.13263,0.03381,0.00000
190.70000,76.32000,0.17356,0.34725,-0.14209,0.02929,0.00000
190.80000,76.36000,0.17602,0.34832,-0.15116,0.02447,0.00000
190.90000,76.40000,0.17774,0.34892,-0.15975,0.01944,0.00000
191.00000,76.44000,0.17875,0.34907,-0.16778,0.01427,0.00000
191.10000,76.48000,0.17909,0.34878,-0.17512,0.00904,0.00000
191.20000,76.52000,0.17880,0.34809,-0.18168,0.00383,0.00000
191.30000,76.56000,0.17795,0.34700,-0.18730,-0.00130,0.00000
191.40000,76.60000,0.17659,0.34554,-0.19184,-0.00630,0.00000
191.50000,76.64000,0.17477,0.34372,-0.19513,-0.01112,0.00000
191.60000,76.68000,0.17255,0.34158,-0.19703,-0.01573,-0.00000
191.70000,76.72000,0.16999,0.33913,-0.19736,-0.02010,0.00000
191.80000,76.76000,0.16714,0.33639,-0.19598,-0.02422,0.00000
191.90000,76.80000,0.16407,0.33340,-0.19275,-0.02805,-0.00000
192.00000,76.84000,0.16082,0.33018,-0.18758,-0.03156,-0.00000
192.10000,76.88000,0.15744,0.32677,-0.18039,-0.03470,-0.00000
192.20000,76.92000,0.15399,0.32318,-0.17116,-0.03740,-0.00000
192.30000,76.96000,0.15050,0.31947,-0.15992,-0.03958,0.00000
192.40000,77.00000,0.14701,0.31565,-0.14675,-0.04112,0.00000
192.50000,77.04000,0.14355,0.31178,-0.13180,-0.04191,0.00000
192.60000,77.08000,0.14015,0.30788,-0.11524,-0.04180,-0.00000
192.70000,77.12000,0.13684,0.30400,-0.09733,-0.04068,0.00000
192.80000,77.16000,0.13363,0.30017,-0.07834,-0.03842,0.00000
192.90000,77.20000,0.13053,0.29642,-0.05860,-0.03493,0.00000
193.00000,77.24000,0.12757,0.29279,-0.03844,-0.03014,0.00000
193.10000,77.28000,0.12473,0.28931,-0.01822,-0.02404,0.00000
193.20000,77.32000,0.12202,0.28600,0.00174,-0.01666,0.00000
193.30000,77.36000,0.11944,0.28290,0.02109,-0.00812,0.00000
193.40000,77.40000,0.11698,0.28003,0.03955,0.00143,0.00000
193.50000,77.44000,0.11462,0.27739,0.05687,0.01175,0.00000
193.60000,77.48000,0.11235,0.27502,0.07283,0.02255,0.00000
193.70000,77.52000,0.11015,0.27290,0.08730,0.03349,0.00000
193.80000,77.56000,0.10800,0.27106,0.10016,0.04420,0.00000
193.90000,77.60000,0.10585,0.26950,0.11140,0.05429,0.00000
194.00000,77.64000,0.10369,0.26821,0.12102,0.06338,0.00000
194.10000,77.68000,0.10148,0.26720,0.12908,0.07110,0.00000
194.20000,77.72000,0.09917,0.26646,0.13568,0.07712,0.00000
194.30000,77.76000,0.09673,0.26598,0.14095,0.08119,0.00000
194.40000,77.80000,0.09411,0.26575,0.14503,0.08311,0.00000
194.50000,77.84000,0.09128,0.26578,0.14808,0.08279,0.00000
194.60000,77.88000,0.08819,0.26604,0.15023,0.08021,0.00000
194.70000,77.92000,0.08480,0.26652,0.15163,0.07545,0.00000
194.80000,77.96000,0.08107,0.26720,0.15239,0.06869,0.00000
194.90000,78.00000,0.07696,0.26808,0.15259,0.06017,-0.00000
195.00000,78.04000,0.07245,0.26913,0.15231,0.05021,-0.00000
195.10000,78.08000,0.06749,0.27033,0.15157,0.03917,0.00000
195.20000,78.12000,0.06208,0.27166,0.15038,0.02742,-0.00000
195.30000,78.16000,0.05620,0.27311,0.14872,0.01537,0.00000
195.40000,78.20000,0.04983,0.27463,0.14657,0.00339,0.00000
195.50000,78.24000,0.04298,0.27620,0.14387,-0.00817,0.00000
195.60000,78.28000,0.03566,0.27781,0.14057,-0.01900,0.00000
195.70000,78.32000,0.02787,0.27940,0.13661,-0.02886,0.00000
195.80000,78.36000,0.01964,0.28097,0.13196,-0.03756,0.00000
195.90000,78.40000,0.01100,0.28247,0.12657,-0.04500,0.00000
196.00000,78.44000,0.00199,0.28388,0.12041,-0.05110,0.00000
196.10000,78.48000,-0.00736,0.28516,0.11349,-0.05587,0.00000
196.20000,78.52000,-0.01699,0.28630,0.10581,-0.05934,-0.00000
196.30000,78.56000,-0.02685,0.28726,0.09742,-0.06159,0.00000
196.40000,78.60000,-0.03688,0.28804,0.08835,-0.06271,0.00000
196.50000,78.64000,-0.04702,0.28860,0.07869,-0.06280,-0.00000
196.60000,78.68000,-0.05719,0.28894,0.06850,-0.06193,0.00000
196.70000,78.72000,-0.06734,0.28906,0.05789,-0.06020,0.00000
196.80000,78.76000,-0.07740,0.28895,0.04696,-0.05764,0.00000
196.90000,78.80000,-0.08729,0.28861,0.03582,-0.05430,-0.00000
197.00000,78.84000,-0.09695,0.28806,0.02460,-0.05018,-0.00000
197.10000,78.88000,-0.10630,0.28730,0.01341,-0.04527,0.00000
197.20000,78.92000,-0.11529,0.28637,0.00238,-0.03958,-0.00000
197.30000,78.96000,-0.12384,0.28528,-0.00837,-0.03307,0.00000
197.40000,79.00000,-0.13190,0.28407,-0.01872,-0.02578,0.00000
197.50000,79.04000,-0.13941,0.28277,-0.02853,-0.01773,-0.00000
197.60000,79.08000,-0.14632,0.28142,-0.03770,-0.00898,-0.00000
197.70000,79.12000,-0.15258,0.28005,-0.04612,0.00033,0.00000
197.80000,79.16000,-0.15815,0.27873,-0.05367,0.01004,0.00000
197.90000,79.20000,-0.16298,0.27748,-0.06026,0.01993,0.00000
198.00000,79.24000,-0.16706,0.27636,-0.06582,0.02975,0.00000
198.10000,79.28000,-0.17036,0.27542,-0.07029,0.03918,0.00000
198.20000,79.32000,-0.17286,0.27470,-0.07363,0.04790,0.00000
198.30000,79.36000,-0.17455,0.27424,-0.07583,0.05556,0.00000
198.40000,79.40000,-0.17542,0.27410,-0.07690,0.06184,0.00000
198.50000,79.44000,-0.17550,0.27431,-0.07689,0.06640,-0.00000
198.60000,79.48000,-0.17477,0.27490,-0.07587,0.06899,-0.00000
198.70000,79.52000,-0.17326,0.27592,-0.07396,0.06939,0.00000
198.80000,79.56000,-0.17101,0.27739,-0.07129,0.06746,0.00000
198.90000,79.60000,-0.16802,0.27933,-0.06803,0.06314,0.00000
199.00000,79.64000,-0.16435,0.28176,-0.06434,0.05647,0.00000
199.10000,79.68000,-0.16004,0.28469,-0.06044,0.04755,0.00000
199.20000,79.72000,-0.15512,0.28812,-0.05651,0.03659,0.00000
199.30000,79.76000,-0.14965,0.29205,-0.05275,0.02387,0.00000
199.40000,79.80000,-0.14369,0.29646,-0.04934,0.00974,0.00000
199.50000,79.84000,-0.13728,0.30134,-0.04645,-0.00541,0.00000
199.60000,79.88000,-0.13049,0.30667,-0.04420,-0.02117,0.00000
199.70000,79.92000,-0.12338,0.31240,-0.04270,-0.03710,0.00000
199.80000,79.96000,-0.11600,0.31849,-0.04200,-0.05277,0.00000
199.90000,80.00000,-0.10841,0.32491,-0.04211,-0.06780,0.00000
200.00000,80.04000,-0.10068,0.33158,-0.04301,-0.08183,-0.00000
200.10000,80.08000,-0.09286,0.33846,-0.04462,-0.09456,0.00000
200.20000,80.12000,-0.08500,0.34547,-0.04684,-0.10575,0.00000
200.30000,80.16000,-0.07717,0.35255,-0.04954,-0.11523,0.00000
200.40000,80.20000,-0.06940,0.35963,-0.05256,-0.12290,0.00000
200.50000,80.24000,-0.06174,0.36663,-0.05573,-0.12873,0.00000
200.60000,80.28000,-0.05424,0.37347,-0.05887,-0.13273,-0.00000
200.70000,80.32000,-0.04693,0.38009,-0.06182,-0.13497,0.00000
200.80000,80.36000,-0.03984,0.38640,-0.06444,-0.13555,0.00000
200.90000,80.40000,-0.03300,0.39235,-0.06659,-0.13462,0.00000
201.00000,80.44000,-0.02644,0.39786,-0.06818,-0.13232,0.00000
201.10000,80.48000,-0.02017,0.40287,-0.06914,-0.12880,-0.00000
201.20000,80.52000,-0.01420,0.40733,-0.06946,-0.12422,0.00000
201.30000,80.56000,-0.00854,0.41120,-0.06912,-0.11871,0.00000
201.40000,80.60000,-0.00319,0.41445,-0.06816,-0.11239,0.00000
201.50000,80.64000,0.00185,0.41703,-0.06665,-0.10536,0.00000
201.60000,80.68000,0.00658,0.41894,-0.06465,-0.09771,0.00000
201.70000,80.72000,0.01101,0.42018,-0.06227,-0.08950,-0.00000
201.80000,80.76000,0.01515,0.42075,-0.05959,-0.08076,0.00000
201.90000,80.80000,0.01901,0.42067,-0.05669,-0.07154,0.00000
202.00000,80.84000,0.02261,0.41997,-0.05365,-0.06184,0.00000
202.10000,80.88000,0.02596,0.41868,-0.05053,-0.05168,0.00000
202.20000,80.92000,0.02908,0.41686,-0.04735,-0.04109,-0.00000
202.30000,80.96000,0.03198,0.41457,-0.04414,-0.03006,-0.00000
202.40000,81.00000,0.03468,0.41187,-0.04087,-0.01862,0.00000
202.50000,81.04000,0.03720,0.40883,-0.03751,-0.00678,0.00000
202.60000,81.08000,0.03954,0.40553,-0.03400,0.00540,-0.00000
202.70000,81.12000,0.04173,0.40204,-0.03027,0.01791,0.00000
202.80000,81.16000,0.04378,0.39844,-0.02626,0.03067,0.00000
202.90000,81.20000,0.04570,0.39481,-0.02187,0.04364,0.00000
203.00000,81.24000,0.04751,0.39120,-0.01705,0.05675,-0.00000
203.10000,81.28000,0.04922,0.38770,-0.01175,0.06991,0.00000
203.20000,81.32000,0.05085,0.38433,-0.00592,0.08301,0.00000
203.30000,81.36000,0.05242,0.38117,0.00043,0.09597,0.00000
203.40000,81.40000,0.05393,0.37822,0.00729,0.10864,0.00000
203.50000,81.44000,0.05541,0.37551,0.01461,0.12089,0.00000
203.60000,81.48000,0.05688,0.37304,0.02233,0.13256,-0.00000
203.70000,81.52000,0.05835,0.37081,0.03034,0.14348,-0.00000
203.80000,81.56000,0.05984,0.36878,0.03852,0.15346,0.00000
203.90000,81.60000,0.06137,0.36691,0.04677,0.16229,0.00000
204.00000,81.64000,0.06296,0.36515,0.05492,0.16978,-0.00000
204.10000,81.68000,0.06462,0.36343,0.06287,0.17571,0.00000
204.20000,81.72000,0.06636,0.36166,0.07047,0.17989,0.00000
204.30000,81.76000,0.06820,0.35977,0.07763,0.18212,-0.00000
204.40000,81.80000,0.07013,0.35766,0.08424,0.18224,0.00000
204.50000,81.84000,0.07217,0.35521,0.09024,0.18014,0.00000
204.60000,81.88000,0.07431,0.35233,0.09558,0.17573,0.00000
204.70000,81.92000,0.07654,0.34892,0.10025,0.16898,0.00000
204.80000,81.96000,0.07886,0.34487,0.10424,0.15994,0.00000
204.90000,82.00000,0.08123,0.34009,0.10759,0.14871,0.00000
205.00000,82.04000,0.08365,0.33448,0.11032,0.13546,0.00000
205.10000,82.08000,0.08608,0.32798,0.11248,0.12042,0.00000
205.20000,82.12000,0.08850,0.32051,0.11412,0.10389,0.00000
205.30000,82.16000,0.09087,0.31202,0.11528,0.08624,0.00000
205.40000,82.20000,0.09315,0.30248,0.11599,0.06785,-0.00000
205.50000,82.24000,0.09530,0.29187,0.11627,0.04915,-0.00000
205.60000,82.28000,0.09728,0.28019,0.11611,0.03056,0.00000
205.70000,82.32000,0.09906,0.26746,0.11547,0.01252,0.00000
205.80000,82.36000,0.10060,0.25372,0.11430,-0.00456,0.00000
205.90000,82.40000,0.10185,0.23902,0.11251,-0.02034,0.00000
206.00000,82.44000,0.10278,0.22345,0.11000,-0.03450,0.00000
206.10000,82.48000,0.10337,0.20708,0.10664,-0.04679,-0.00000
206.20000,82.52000,0.10358,0.19003,0.10230,-0.05707,-0.00000
206.30000,82.56000,0.10340,0.17242,0.09684,-0.06524,-0.00000
206.40000,82.60000,0.10280,0.15439,0.09014,-0.07132,0.00000
206.50000,82.64000,0.10176,0.13609,0.08207,-0.07538,0.00000
206.60000,82.68000,0.10030,0.11766,0.07255,-0.07758,0.00000
206.70000,82.72000,0.09839,0.09928,0.06152,-0.07813,-0.00000
206.80000,82.76000,0.09603,0.08110,0.04895,-0.07730,-0.00000
206.90000,82.80000,0.09325,0.06330,0.03487,-0.07536,0.00000
207.00000,82.84000,0.09003,0.04605,0.01935,-0.07265,0.00000
207.10000,82.88000,0.08641,0.02952,0.00252,-0.06945,-0.00000
207.20000,82.92000,0.08238,0.01386,-0.01545,-0.06606,0.00000
207.30000,82.96000,0.07798,-0.00076,-0.03434,-0.06274,0.00000
207.40000,83.00000,0.07323,-0.01420,-0.05390,-0.05972,0.00000
207.50000,83.04000,0.06814,-0.02630,-0.07382,-0.05716,0.00000
207.60000,83.08000,0.06274,-0.03696,-0.09379,-0.05519,0.00000
207.70000,83.12000,0.05707,-0.04604,-0.11349,-0.05386,0.00000
207.80000,83.16000,0.05115,-0.05344,-0.13257,-0.05320,0.00000
207.90000,83.20000,0.04501,-0.05907,-0.15072,-0.05318,0.00000
208.00000,83.24000,0.03868,-0.06285,-0.16761,-0.05371,0.00000
208.10000,83.28000,0.03220,-0.06473,-0.18298,-0.05472,0.00000
208.20000,83.32000,0.02559,-0.06466,-0.19657,-0.05607,0.00000
208.30000,83.36000,0.01889,-0.06261,-0.20817,-0.05763,0.00000
208.40000,83.40000,0.01212,-0.05855,-0.21762,-0.05927,0.00000
208.50000,83.44000,0.00533,-0.05249,-0.22482,-0.06087,0.00000
208.60000,83.48000,-0.00147,-0.04444,-0.22968,-0.06231,0.00000
208.70000,83.52000,-0.00824,-0.03443,-0.23217,-0.06350,0.00000
208.80000,83.56000,-0.01496,-0.02250,-0.23232,-0.06436,-0.00000
208.90000,83.60000,-0.02159,-0.00869,-0.23015,-0.06484,0.00000
209.00000,83.64000,-0.02811,0.00694,-0.22573,-0.06490,0.00000
209.10000,83.68000,-0.03450,0.02430,-0.21915,-0.06454,0.00000
209.20000,83.72000,-0.04073,0.04334,-0.21051,-0.06374,0.00000
209.30000,83.76000,-0.04678,0.06394,-0.19989,-0.06252,-0.00000
209.40000,83.80000,-0.05263,0.08603,-0.18740,-0.06090,0.00000
209.50000,83.84000,-0.05826,0.10950,-0.17312,-0.05890,-0.00000
209.60000,83.88000,-0.06365,0.13424,-0.15715,-0.05653,0.00000
209.70000,83.92000,-0.06878,0.16014,-0.13955,-0.05382,0.00000
209.80000,83.96000,-0.07362,0.18708,-0.12040,-0.05079,0.00000
209.90000,84.00000,-0.07817,0.21493,-0.09976,-0.04745,0.00000
210.00000,84.04000,-0.08240,0.24358,-0.07771,-0.04382,0.00000
210.10000,84.08000,-0.08629,0.27289,-0.05434,-0.03991,-0.00000
210.20000,84.12000,-0.08983,0.30272,-0.02973,-0.03573,0.00000
210.30000,84.16000,-0.09300,0.33293,-0.00402,-0.03132,0.00000
210.40000,84.20000,-0.09578,0.36338,0.02265,-0.02670,0.00000
210.50000,84.24000,-0.09815,0.39392,0.05011,-0.02189,0.00000
210.60000,84.28000,-0.10009,0.42439,0.07812,-0.01696,0.00000
210.70000,84.32000,-0.10160,0.45463,0.10645,-0.01193,-0.00000
210.80000,84.36000,-0.10266,0.48449,0.13480,-0.00689,0.00000
210.90000,84.40000,-0.10326,0.51380,0.16287,-0.00188,-0.00000
211.00000,84.44000,-0.10340,0.54238,0.19031,0.00303,-0.00000
211.10000,84.48000,-0.10306,0.57008,0.21677,0.00777,-0.00000
211.20000,84.52000,-0.10224,0.59673,0.24190,0.01229,0.00000
211.30000,84.56000,-0.10096,0.62216,0.26535,0.01653,0.00000
211.40000,84.60000,-0.09922,0.64622,0.28680,0.02047,-0.00000
211.50000,84.64000,-0.09702,0.66874,0.30594,0.02407,0.00000
211.60000,84.68000,-0.09439,0.68959,0.32253,0.02733,-0.00000
211.70000,84.72000,-0.09135,0.70863,0.33635,0.03027,0.00000
211.80000,84.76000,-0.08792,0.72573,0.34725,0.03292,-0.00000
211.90000,84.80000,-0.08413,0.74078,0.35514,0.03533,-0.00000
212.00000,84.84000,-0.08001,0.75369,0.35998,0.03755,0.00000
212.10000,84.88000,-0.07561,0.76438,0.36178,0.03966,0.00000
212.20000,84.92000,-0.07096,0.77280,0.36063,0.04174,0.00000
212.30000,84.96000,-0.06610,0.77891,0.35663,0.04385,0.00000
212.40000,85.00000,-0.06108,0.78267,0.34992,0.04607,-0.00000
212.50000,85.04000,-0.05595,0.78410,0.34069,0.04846,0.00000
212.60000,85.08000,-0.05075,0.78320,0.32911,0.05107,0.00000
212.70000,85.12000,-0.04553,0.78001,0.31537,0.05392,-0.00000
212.80000,85.16000,-0.04034,0.77460,0.29963,0.05700,0.00000
212.90000,85.20000,-0.03523,0.76701,0.28206,0.06031,0.00000
213.00000,85.24000,-0.03023,0.75734,0.26279,0.06378,0.00000
213.10000,85.28000,-0.02540,0.74568,0.24192,0.06736,0.00000
213.20000,85.32000,-0.02077,0.73213,0.21956,0.07095,-0.00000
213.30000,85.36000,-0.01639,0.71681,0.19574,0.07444,0.00000
213.40000,85.40000,-0.01228,0.69985,0.17053,0.07770,0.00000
213.50000,85.44000,-0.00847,0.68138,0.14395,0.08063,0.00000
213.60000,85.48000,-0.00500,0.66152,0.11603,0.08308,0.00000
213.70000,85.52000,-0.00188,0.64042,0.08682,0.08493,-0.00000
213.80000,85.56000,0.00087,0.61822,0.05637,0.08608,-0.00000
213.90000,85.60000,0.00323,0.59507,0.02476,0.08644,0.00000
214.00000,85.64000,0.00522,0.57111,-0.00788,0.08595,-0.00000
214.10000,85.68000,0.00681,0.54648,-0.04141,0.08457,0.00000
214.20000,85.72000,0.00803,0.52134,-0.07561,0.08231,0.00000
214.30000,85.76000,0.00887,0.49583,-0.11024,0.07919,0.00000
214.40000,85.80000,0.00937,0.47009,-0.14503,0.07527,0.00000
214.50000,85.84000,0.00953,0.44426,-0.17965,0.07067,0.00000
214.60000,85.88000,0.00938,0.41849,-0.21374,0.06549,0.00000
214.70000,85.92000,0.00897,0.39290,-0.24694,0.05988,0.00000
214.80000,85.96000,0.00831,0.36764,-0.27886,0.05401,-0.00000
214.90000,86.00000,0.00745,0.34280,-0.30913,0.04803,0.00000
215.00000,86.04000,0.00642,0.31853,-0.33738,0.04213,-0.00000
215.10000,86.08000,0.00528,0.29491,-0.36326,0.03644,0.00000
215.20000,86.12000,0.00406,0.27204,-0.38645,0.03111,0.00000
215.30000,86.16000,0.00280,0.25001,-0.40669,0.02626,0.00000
215.40000,86.20000,0.00156,0.22888,-0.42373,0.02194,0.00000
215.50000,86.24000,0.00037,0.20873,-0.43740,0.01822,0.00000
215.60000,86.28000,-0.00073,0.18959,-0.44755,0.01507,0.00000
215.70000,86.32000,-0.00170,0.17149,-0.45410,0.01246,0.00000
215.80000,86.36000,-0.00250,0.15446,-0.45701,0.01029,0.00000
215.90000,86.40000,-0.00309,0.13850,-0.45628,0.00845,-0.00000
216.00000,86.44000,-0.00346,0.12361,-0.45196,0.00678,0.00000
216.10000,86.48000,-0.00358,0.10977,-0.44412,0.00510,0.00000
216.20000,86.52000,-0.00343,0.09697,-0.43287,0.00321,0.00000
216.30000,86.56000,-0.00299,0.08516,-0.41837,0.00094,-0.00000
216.40000,86.60000,-0.00226,0.07433,-0.40077,-0.00191,-0.00000
216.50000,86.64000,-0.00123,0.06442,-0.38028,-0.00550,-0.00000
216.60000,86.68000,0.00010,0.05539,-0.35711,-0.00994,0.00000
216.70000,86.72000,0.00173,0.04721,-0.33150,-0.01533,0.00000
216.80000,86.76000,0.00364,0.03983,-0.30373,-0.02170,0.00000
216.90000,86.80000,0.00583,0.03322,-0.27409,-0.02903,-0.00000
217.00000,86.84000,0.00826,0.02733,-0.24288,-0.03727,0.00000
217.10000,86.88000,0.01093,0.02215,-0.21045,-0.04627,-0.00000
217.20000,86.92000,0.01380,0.01763,-0.17715,-0.05589,0.00000
217.30000,86.96000,0.01685,0.01375,-0.14335,-0.06591,-0.00000
217.40000,87.00000,0.02005,0.01050,-0.10942,-0.07611,0.00000
217.50000,87.04000,0.02335,0.00785,-0.07575,-0.08624,0.00000
217.60000,87.08000,0.02673,0.00580,-0.04271,-0.09605,0.00000
217.70000,87.12000,0.03015,0.00431,-0.01065,-0.10530,0.00000
217.80000,87.16000,0.03357,0.00340,0.02011,-0.11380,0.00000
217.90000,87.20000,0.03696,0.00304,0.04925,-0.12138,0.00000
218.00000,87.24000,0.04026,0.00322,0.07655,-0.12790,0.00000
218.10000,87.28000,0.04345,0.00393,0.10180,-0.13330,0.00000
218.20000,87.32000,0.04649,0.00517,0.12486,-0.13756,0.00000
218.30000,87.36000,0.04934,0.00692,0.14567,-0.14071,0.00000
218.40000,87.40000,0.05196,0.00918,0.16421,-0.14284,0.00000
218.50000,87.44000,0.05433,0.01192,0.18051,-0.14406,0.00000
218.60000,87.48000,0.05641,0.01515,0.19469,-0.14452,0.00000
218.70000,87.52000,0.05818,0.01886,0.20689,-0.14438,0.00000
218.80000,87.56000,0.05960,0.02303,0.21729,-0.14380,0.00000
218.90000,87.60000,0.06067,0.02767,0.22609,-0.14292,0.00000
219.00000,87.64000,0.06135,0.03277,0.23351,-0.14187,-0.00000
219.10000,87.68000,0.06163,0.03833,0.23976,-0.14071,0.00000
219.20000,87.72000,0.06151,0.04435,0.24505,-0.13948,0.00000
219.30000,87.76000,0.06097,0.05083,0.24955,-0.13815,0.00000
219.40000,87.80000,0.06002,0.05779,0.25341,-0.13664,0.00000
219.50000,87.84000,0.05864,0.06522,0.25673,-0.13482,0.00000
219.60000,87.88000,0.05685,0.07315,0.25958,-0.13252,-0.00000
219.70000,87.92000,0.05466,0.08156,0.26198,-0.12953,0.00000
219.80000,87.96000,0.05208,0.09047,0.26391,-0.12562,0.00000
219.90000,88.00000,0.04912,0.09989,0.26533,-0.12055,-0.00000
220.00000,88.04000,0.04581,0.10981,0.26616,-0.11411,-0.00000
220.10000,88.08000,0.04216,0.12023,0.26632,-0.10610,0.00000
220.20000,88.12000,0.03821,0.13115,0.26571,-0.09636,-0.00000
220.30000,88.16000,0.03398,0.14255,0.26424,-0.08479,0.00000
220.40000,88.20000,0.02952,0.15440,0.26182,-0.07136,0.00000
220.50000,88.24000,0.02484,0.16669,0.25839,-0.05611,0.00000
220.60000,88.28000,0.02000,0.17938,0.25391,-0.03912,0.00000
220.70000,88.32000,0.01503,0.19243,0.24837,-0.02058,0.00000
220.80000,88.36000,0.00996,0.20579,0.24178,-0.00072,-0.00000
220.90000,88.40000,0.00485,0.21941,0.23417,0.02016,0.00000
221.00000,88.44000,-0.00027,0.23322,0.22560,0.04173,-0.00000
221.10000,88.48000,-0.00535,0.24717,0.21613,0.06363,0.00000
221.20000,88.52000,-0.01036,0.26118,0.20586,0.08548,0.00000
221.30000,88.56000,-0.01525,0.27519,0.19485,0.10688,0.00000
221.40000,88.60000,-0.01999,0.28912,0.18317,0.12747,0.00000
221.50000,88.64000,-0.02453,0.30290,0.17088,0.14690,-0.00000
221.60000,88.68000,-0.02884,0.31646,0.15803,0.16485,-0.00000
221.70000,88.72000,-0.03288,0.32972,0.14463,0.18105,-0.00000
221.80000,88.76000,-0.03661,0.34262,0.13068,0.19525,-0.00000
221.90000,88.80000,-0.04001,0.35510,0.11619,0.20728,0.00000
222.00000,88.84000,-0.04305,0.36710,0.10113,0.21700,0.00000
222.10000,88.88000,-0.04570,0.37856,0.08546,0.22432,-0.00000
222.20000,88.92000,-0.04793,0.38946,0.06916,0.22919,0.00000
222.30000,88.96000,-0.04972,0.39974,0.05223,0.23162,0.00000
222.40000,89.00000,-0.05105,0.40939,0.03466,0.23164,-0.00000
222.50000,89.04000,-0.05190,0.41838,0.01648,0.22932,0.00000
222.60000,89.08000,-0.05226,0.42672,-0.00223,0.22477,0.00000
222.70000,89.12000,-0.05213,0.43439,-0.02139,0.21814,0.00000
222.80000,89.16000,-0.05148,0.44141,-0.04084,0.20959,-0.00000
222.90000,89.20000,-0.05032,0.44779,-0.06041,0.19932,0.00000
223.00000,89.24000,-0.04865,0.45355,-0.07990,0.18758,-0.00000
223.10000,89.28000,-0.04646,0.45873,-0.09907,0.17461,0.00000
223.20000,89.32000,-0.04377,0.46336,-0.11765,0.16070,0.00000
223.30000,89.36000,-0.04059,0.46748,-0.13537,0.14614,0.00000
223.40000,89.40000,-0.03692,0.47112,-0.15198,0.13127,0.00000
223.50000,89.44000,-0.03279,0.47433,-0.16721,0.11639,0.00000
223.60000,89.48000,-0.02822,0.47714,-0.18082,0.10181,0.00000
223.70000,89.52000,-0.02322,0.47960,-0.19261,0.08783,0.00000
223.80000,89.56000,-0.01783,0.48173,-0.20241,0.07473,-0.00000
223.90000,89.60000,-0.01207,0.48358,-0.21010,0.06272,0.00000
224.00000,89.64000,-0.00598,0.48516,-0.21560,0.05196,0.00000
224.10000,89.68000,0.00042,0.48650,-0.21887,0.04257,0.00000
224.20000,89.72000,0.00707,0.48762,-0.21992,0.03457,-0.00000
224.30000,89.76000,0.01396,0.48851,-0.21882,0.02791,-0.00000
224.40000,89.80000,0.02105,0.48920,-0.21564,0.02246,-0.00000
224.50000,89.84000,0.02829,0.48968,-0.21050,0.01802,-0.00000
224.60000,89.88000,0.03564,0.48995,-0.20355,0.01431,0.00000
224.70000,89.92000,0.04308,0.48999,-0.19494,0.01103,0.00000
224.80000,89.96000,0.05056,0.48981,-0.18483,0.00782,0.00000
224.90000,90.00000,0.05803,0.48938,-0.17339,0.00432,0.00000
225.00000,90.04000,0.06547,0.48870,-0.16079,0.00020,-0.00000
225.10000,90.08000,0.07284,0.48775,-0.14718,-0.00485,-0.00000
225.20000,90.12000,0.08008,0.48652,-0.13274,-0.01107,0.00000
225.30000,90.16000,0.08717,0.48501,-0.11761,-0.01863,0.00000
225.40000,90.20000,0.09405,0.48319,-0.10194,-0.02757,0.00000
225.50000,90.24000,0.10069,0.48107,-0.08591,-0.03786,-0.00000
225.60000,90.28000,0.10704,0.47863,-0.06965,-0.04933,0.00000
225.70000,90.32000,0.11305,0.47587,-0.05335,-0.06171,-0.00000
225.80000,90.36000,0.11869,0.47280,-0.03717,-0.07463,0.00000
225.90000,90.40000,0.12388,0.46940,-0.02128,-0.08766,0.00000
226.00000,90.44000,0.12860,0.46568,-0.00590,-0.10030,0.00000
226.10000,90.48000,0.13278,0.46163,0.00880,-0.11203,0.00000
226.20000,90.52000,0.13637,0.45725,0.02261,-0.12234,0.00000
226.30000,90.56000,0.13933,0.45255,0.03533,-0.13076,0.00000
226.40000,90.60000,0.14159,0.44751,0.04677,-0.13690,-0.00000
226.50000,90.64000,0.14310,0.44215,0.05676,-0.14045,-0.00000
226.60000,90.68000,0.14383,0.43645,0.06513,-0.14124,-0.00000
226.70000,90.72000,0.14371,0.43041,0.07176,-0.13923,0.00000
226.80000,90.76000,0.14271,0.42405,0.07657,-0.13452,0.00000
226.90000,90.80000,0.14078,0.41735,0.07948,-0.12733,-0.00000
227.00000,90.84000,0.13790,0.41032,0.08049,-0.11803,-0.00000
227.10000,90.88000,0.13403,0.40298,0.07964,-0.10709,0.00000
227.20000,90.92000,0.12915,0.39533,0.07700,-0.09503,0.00000
227.30000,90.96000,0.12325,0.38740,0.07270,-0.08244,0.00000
227.40000,91.00000,0.11632,0.37921,0.06688,-0.06993,0.00000
227.50000,91.04000,0.10836,0.37080,0.05974,-0.05804,-0.00000
227.60000,91.08000,0.09939,0.36220,0.05149,-0.04730,0.00000
227.70000,91.12000,0.08942,0.35347,0.04237,-0.03810,0.00000
227.80000,91.16000,0.07849,0.34465,0.03262,-0.03076,0.00000
227.90000,91.20000,0.06663,0.33581,0.02249,-0.02545,0.00000
228.00000,91.24000,0.05389,0.32701,0.01219,-0.02221,0.00000
228.10000,91.28000,0.04033,0.31833,0.00196,-0.02094,0.00000
228.20000,91.32000,0.02601,0.30985,-0.00800,-0.02144,0.00000
228.30000,91.36000,0.01102,0.30162,-0.01753,-0.02340,0.00000
228.40000,91.40000,-0.00457,0.29374,-0.02647,-0.02644,0.00000
228.50000,91.44000,-0.02067,0.28627,-0.03471,-0.03012,0.00000
228.60000,91.48000,-0.03718,0.27928,-0.04216,-0.03400,-0.00000
228.70000,91.52000,-0.05400,0.27284,-0.04877,-0.03768,0.00000
228.80000,91.56000,-0.07102,0.26699,-0.05449,-0.04078,0.00000
228.90000,91.60000,-0.08815,0.26178,-0.05933,-0.04301,-0.00000
229.00000,91.64000,-0.10526,0.25724,-0.06330,-0.04416,0.00000
229.10000,91.68000,-0.12224,0.25340,-0.06642,-0.04415,0.00000
229.20000,91.72000,-0.13899,0.25025,-0.06873,-0.04296,0.00000
229.30000,91.76000,-0.15539,0.24779,-0.07029,-0.04070,0.00000
229.40000,91.80000,-0.17133,0.24599,-0.07115,-0.03757,0.00000
229.50000,91.84000,-0.18671,0.24481,-0.07138,-0.03379,0.00000
229.60000,91.88000,-0.20143,0.24420,-0.07102,-0.02966,-0.00000
229.70000,91.92000,-0.21538,0.24409,-0.07014,-0.02547,0.00000
229.80000,91.96000,-0.22849,0.24440,-0.06878,-0.02151,-0.00000
229.90000,92.00000,-0.24066,0.24505,-0.06701,-0.01801,-0.00000
230.00000,92.04000,-0.25181,0.24594,-0.06484,-0.01515,-0.00000
230.10000,92.08000,-0.26189,0.24696,-0.06231,-0.01304,0.00000
230.20000,92.12000,-0.27082,0.24800,-0.05945,-0.01170,0.00000
230.30000,92.16000,-0.27856,0.24896,-0.05624,-0.01107,-0.00000
230.40000,92.20000,-0.28506,0.24973,-0.05270,-0.01101,0.00000
230.50000,92.24000,-0.29028,0.25021,-0.04881,-0.01133,0.00000
230.60000,92.28000,-0.29420,0.25029,-0.04453,-0.01178,-0.00000
230.70000,92.32000,-0.29680,0.24990,-0.03984,-0.01212,0.00000
230.80000,92.36000,-0.29806,0.24895,-0.03469,-0.01209,0.00000
230.90000,92.40000,-0.29798,0.24738,-0.02905,-0.01149,0.00000
231.00000,92.44000,-0.29657,0.24515,-0.02287,-0.01016,0.00000
231.10000,92.48000,-0.29384,0.24221,-0.01612,-0.00801,0.00000
231.20000,92.52000,-0.28979,0.23856,-0.00876,-0.00505,0.00000
231.30000,92.56000,-0.28447,0.23419,-0.00080,-0.00139,0.00000
231.40000,92.60000,-0.27789,0.22912,0.00777,0.00278,0.00000
231.50000,92.64000,-0.27010,0.22339,0.01690,0.00720,-0.00000
231.60000,92.68000,-0.26114,0.21704,0.02654,0.01151,0.00000
231.70000,92.72000,-0.25105,0.21014,0.03661,0.01536,0.00000
231.80000,92.76000,-0.23988,0.20276,0.04698,0.01833,0.00000
231.90000,92.80000,-0.22770,0.19499,0.05751,0.02007,0.00000
232.00000,92.84000,-0.21456,0.18692,0.06805,0.02023,-0.00000
232.10000,92.88000,-0.20052,0.17865,0.07841,0.01856,0.00000
232.20000,92.92000,-0.18566,0.17030,0.08841,0.01490,0.00000
232.30000,92.96000,-0.17005,0.16196,0.09785,0.00920,0.00000
232.40000,93.00000,-0.15376,0.15376,0.10657,0.00152,0.00000
232.50000,93.04000,-0.13686,0.14579,0.11438,-0.00791,-0.00000
232.60000,93.08000,-0.11944,0.13817,0.12116,-0.01880,0.00000
232.70000,93.12000,-0.10158,0.13099,0.12680,-0.03071,0.00000
232.80000,93.16000,-0.08334,0.12436,0.13124,-0.04313,0.00000
232.90000,93.20000,-0.06482,0.11835,0.13444,-0.05549,0.00000
233.00000,93.24000,-0.04609,0.11306,0.13642,-0.06718,0.00000
233.10000,93.28000,-0.02723,0.10855,0.13725,-0.07762,0.00000
233.20000,93.32000,-0.00832,0.10490,0.13701,-0.08623,0.00000
233.30000,93.36000,0.01057,0.10217,0.13585,-0.09252,0.00000
233.40000,93.40000,0.02937,0.10039,0.13389,-0.09606,0.00000
233.50000,93.44000,0.04800,0.09962,0.13130,-0.09655,-0.00000
233.60000,93.48000,0.06640,0.09989,0.12825,-0.09380,0.00000
233.70000,93.52000,0.08450,0.10123,0.12486,-0.08774,0.00000
233.80000,93.56000,0.10225,0.10363,0.12127,-0.07844,0.00000
233.90000,93.60000,0.11958,0.10712,0.11757,-0.06608,0.00000
234.00000,93.64000,0.13644,0.11170,0.11382,-0.05093,0.00000
234.10000,93.68000,0.15277,0.11734,0.11003,-0.03339,-0.00000
234.20000,93.72000,0.16854,0.12403,0.10618,-0.01387,0.00000
234.30000,93.76000,0.18368,0.13175,0.10221,0.00714,0.00000
234.40000,93.80000,0.19816,0.14045,0.09802,0.02913,-0.00000
234.50000,93.84000,0.21193,0.15009,0.09349,0.05160,-0.00000
234.60000,93.88000,0.22496,0.16062,0.08850,0.07407,0.00000
234.70000,93.92000,0.23719,0.17198,0.08291,0.09608,0.00000
234.80000,93.96000,0.24861,0.18410,0.07660,0.11724,0.00000
234.90000,94.00000,0.25916,0.19691,0.06947,0.13718,-0.00000
235.00000,94.04000,0.26882,0.21033,0.06145,0.15562,0.00000
235.10000,94.08000,0.27756,0.22428,0.05251,0.17231,0.00000
235.20000,94.12000,0.28535,0.23867,0.04269,0.18706,0.00000
235.30000,94.16000,0.29216,0.25342,0.03203,0.19973,0.00000
235.40000,94.20000,0.29796,0.26842,0.02066,0.21023,0.00000
235.50000,94.24000,0.30275,0.28360,0.00873,0.21849,0.00000
235.60000,94.28000,0.30650,0.29885,-0.00358,0.22447,0.00000
235.70000,94.32000,0.30919,0.31409,-0.01607,0.22817,-0.00000
235.80000,94.36000,0.31083,0.32922,-0.02851,0.22959,-0.00000
235.90000,94.40000,0.31140,0.34415,-0.04070,0.22875,0.00000
236.00000,94.44000,0.31092,0.35879,-0.05244,0.22570,0.00000
236.10000,94.48000,0.30938,0.37306,-0.06357,0.22048,-0.00000
236.20000,94.52000,0.30680,0.38686,-0.07395,0.21317,-0.00000
236.30000,94.56000,0.30319,0.40012,-0.08351,0.20387,0.00000
236.40000,94.60000,0.29859,0.41276,-0.09220,0.19268,0.00000
236.50000,94.64000,0.29301,0.42469,-0.10004,0.17974,0.00000
236.60000,94.68000,0.28650,0.43584,-0.10708,0.16521,0.00000
236.70000,94.72000,0.27908,0.44615,-0.11341,0.14927,0.00000
236.80000,94.76000,0.27081,0.45555,-0.11915,0.13213,0.00000
236.90000,94.80000,0.26172,0.46397,-0.12443,0.11400,0.00000
237.00000,94.84000,0.25187,0.47136,-0.12936,0.09511,0.00000
237.10000,94.88000,0.24130,0.47767,-0.13408,0.07571,0.00000
237.20000,94.92000,0.23008,0.48287,-0.13866,0.05603,0.00000
237.30000,94.96000,0.21825,0.48692,-0.14317,0.03630,0.00000
237.40000,95.00000,0.20587,0.48981,-0.14762,0.01675,0.00000
237.50000,95.04000,0.19300,0.49152,-0.15196,-0.00242,0.00000
237.60000,95.08000,0.17968,0.49206,-0.15612,-0.02101,0.00000
237.70000,95.12000,0.16597,0.49144,-0.15997,-0.03887,0.00000
237.80000,95.16000,0.15193,0.48968,-0.16333,-0.05584,0.00000
237.90000,95.20000,0.13760,0.48682,-0.16603,-0.07180,0.00000
238.00000,95.24000,0.12303,0.48290,-0.16784,-0.08664,-0.00000
238.10000,95.28000,0.10828,0.47799,-0.16856,-0.10028,0.00000
238.20000,95.32000,0.09338,0.47215,-0.16799,-0.11265,0.00000
238.30000,95.36000,0.07838,0.46545,-0.16595,-0.12367,0.00000
238.40000,95.40000,0.06332,0.45798,-0.16231,-0.13328,-0.00000
238.50000,95.44000,0.04824,0.44981,-0.15700,-0.14145,-0.00000
238.60000,95.48000,0.03318,0.44105,-0.14997,-0.14812,0.00000
238.70000,95.52000,0.01818,0.43177,-0.14126,-0.15326,-0.00000
238.80000,95.56000,0.00328,0.42207,-0.13095,-0.15684,-0.00000
238.90000,95.60000,-0.01149,0.41203,-0.11918,-0.15884,0.00000
239.00000,95.64000,-0.02608,0.40175,-0.10615,-0.15928,0.00000
239.10000,95.68000,-0.04047,0.39130,-0.09209,-0.15817,0.00000
239.20000,95.72000,-0.05461,0.38076,-0.07724,-0.15557,0.00000
239.30000,95.76000,-0.06847,0.37021,-0.06186,-0.15155,0.00000
239.40000,95.80000,-0.08200,0.35971,-0.04624,-0.14622,0.00000
239.50000,95.84000,-0.09518,0.34933,-0.03061,-0.13973,-0.00000
239.60000,95.88000,-0.10795,0.33912,-0.01522,-0.13223,0.00000
239.70000,95.92000,-0.12029,0.32914,-0.00026,-0.12393,-0.00000
239.80000,95.96000,-0.13216,0.31945,0.01411,-0.11503,0.00000
239.90000,96.00000,-0.14350,0.31008,0.02777,-0.10577,0.00000
240.00000,96.04000,-0.15430,0.30108,0.04065,-0.09636,0.00000
240.10000,96.08000,-0.16450,0.29249,0.05270,-0.08703,-0.00000
240.20000,96.12000,-0.17407,0.28435,0.06392,-0.07798,-0.00000
240.30000,96.16000,-0.18297,0.27669,0.07434,-0.06937,0.00000
240.40000,96.20000,-0.19117,0.26956,0.08401,-0.06135,-0.00000
240.50000,96.24000,-0.19863,0.26297,0.09299,-0.05402,0.00000
240.60000,96.28000,-0.20533,0.25695,0.10136,-0.04742,0.00000
240.70000,96.32000,-0.21123,0.25153,0.10917,-0.04157,0.00000
240.80000,96.36000,-0.21630,0.24672,0.11649,-0.03644,0.00000
240.90000,96.40000,-0.22054,0.24254,0.12337,-0.03195,0.00000
241.00000,96.44000,-0.22392,0.23900,0.12984,-0.02800,0.00000
241.10000,96.48000,-0.22643,0.23610,0.13592,-0.02446,0.00000
241.20000,96.52000,-0.22806,0.23384,0.14162,-0.02120,0.00000
241.30000,96.56000,-0.22882,0.23221,0.14691,-0.01809,0.00000
241.40000,96.60000,-0.22872,0.23119,0.15179,-0.01500,0.00000
241.50000,96.64000,-0.22776,0.23078,0.15620,-0.01182,0.00000
241.60000,96.68000,-0.22597,0.23093,0.16012,-0.00847,0.00000
241.70000,96.72000,-0.22339,0.23163,0.16350,-0.00490,0.00000
241.80000,96.76000,-0.22003,0.23285,0.16628,-0.00109,0.00000
241.90000,96.80000,-0.21595,0.23454,0.16843,0.00295,0.00000
242.00000,96.84000,-0.21120,0.23668,0.16988,0.00717,0.00000
242.10000,96.88000,-0.20583,0.23922,0.17060,0.01151,0.00000
242.20000,96.92000,-0.19990,0.24212,0.17051,0.01590,0.00000
242.30000,96.96000,-0.19347,0.24536,0.16958,0.02023,0.00000
242.40000,97.00000,-0.18661,0.24888,0.16772,0.02441,0.00000
242.50000,97.04000,-0.17939,0.25265,0.16488,0.02835,0.00000
242.60000,97.08000,-0.17188,0.25664,0.16098,0.03197,0.00000
242.70000,97.12000,-0.16414,0.26080,0.15595,0.03521,0.00000
242.80000,97.16000,-0.15625,0.26511,0.14970,0.03802,0.00000
242.90000,97.20000,-0.14827,0.26954,0.14216,0.04037,-0.00000
243.00000,97.24000,-0.14027,0.27404,0.13326,0.04224,-0.00000
243.10000,97.28000,-0.13230,0.27860,0.12296,0.04362,0.00000
243.20000,97.32000,-0.12441,0.28317,0.11121,0.04451,0.00000
243.30000,97.36000,-0.11666,0.28772,0.09802,0.04491,0.00000
243.40000,97.40000,-0.10907,0.29223,0.08341,0.04480,-0.00000
243.50000,97.44000,-0.10170,0.29666,0.06745,0.04418,0.00000
243.60000,97.48000,-0.09455,0.30098,0.05025,0.04301,0.00000
243.70000,97.52000,-0.08767,0.30516,0.03198,0.04124,0.00000
243.80000,97.56000,-0.08106,0.30916,0.01283,0.03884,0.00000
243.90000,97.60000,-0.07472,0.31297,-0.00694,0.03573,-0.00000
244.00000,97.64000,-0.06867,0.31654,-0.02707,0.03186,0.00000
244.10000,97.68000,-0.06291,0.31986,-0.04723,0.02719,0.00000
244.20000,97.72000,-0.05741,0.32290,-0.06710,0.02168,0.00000
244.30000,97.76000,-0.05219,0.32563,-0.08635,0.01534,0.00000
244.40000,97.80000,-0.04721,0.32805,-0.10465,0.00819,0.00000
244.50000,97.84000,-0.04246,0.33014,-0.12168,0.00033,0.00000
244.60000,97.88000,-0.03791,0.33189,-0.13717,-0.00813,0.00000
244.70000,97.92000,-0.03356,0.33329,-0.15088,-0.01699,-0.00000
244.80000,97.96000,-0.02935,0.33435,-0.16262,-0.02602,0.00000
244.90000,98.00000,-0.02527,0.33507,-0.17228,-0.03496,0.00000
245.00000,98.04000,-0.02129,0.33545,-0.17978,-0.04349,-0.00000
245.10000,98.08000,-0.01737,0.33551,-0.18513,-0.05129,0.00000
245.20000,98.12000,-0.01347,0.33527,-0.18837,-0.05803,0.00000
245.30000,98.16000,-0.00956,0.33473,-0.18962,-0.06339,-0.00000
245.40000,98.20000,-0.00561,0.33392,-0.18903,-0.06709,-0.00000
245.50000,98.24000,-0.00158,0.33286,-0.18679,-0.06889,0.00000
245.60000,98.28000,0.00257,0.33157,-0.18311,-0.06864,0.00000
245.70000,98.32000,0.00687,0.33008,-0.17823,-0.06623,-0.00000
245.80000,98.36000,0.01134,0.32840,-0.17235,-0.06167,0.00000
245.90000,98.40000,0.01603,0.32657,-0.16571,-0.05505,0.00000
246.00000,98.44000,0.02095,0.32459,-0.15848,-0.04655,0.00000
246.10000,98.48000,0.02613,0.32251,-0.15083,-0.03641,0.00000
246.20000,98.52000,0.03158,0.32034,-0.14291,-0.02498,0.00000
246.30000,98.56000,0.03730,0.31811,-0.13479,-0.01263,0.00000
246.40000,98.60000,0.04332,0.31585,-0.12655,0.00023,0.00000
246.50000,98.64000,0.04961,0.31357,-0.11821,0.01316,0.00000
246.60000,98.68000,0.05618,0.31130,-0.10977,0.02574,-0.00000
246.70000,98.72000,0.06301,0.30906,-0.10122,0.03758,0.00000
246.80000,98.76000,0.07006,0.30689,-0.09251,0.04833,-0.00000
246.90000,98.80000,0.07731,0.30481,-0.08360,0.05771,0.00000
247.00000,98.84000,0.08473,0.30283,-0.07446,0.06550,0.00000
247.10000,98.88000,0.09226,0.30099,-0.06503,0.07157,0.00000
247.20000,98.92000,0.09986,0.29930,-0.05530,0.07585,0.00000
247.30000,98.96000,0.10747,0.29778,-0.04526,0.07836,0.00000
247.40000,99.00000,0.11503,0.29644,-0.03491,0.07917,0.00000
247.50000,99.04000,0.12248,0.29531,-0.02429,0.07842,-0.00000
247.60000,99.08000,0.12976,0.29439,-0.01344,0.07627,0.00000
247.70000,99.12000,0.13681,0.29369,-0.00244,0.07290,0.00000
247.80000,99.16000,0.14355,0.29320,0.00863,0.06852,0.00000
247.90000,99.20000,0.14992,0.29292,0.01968,0.06330,0.00000
248.00000,99.24000,0.15586,0.29285,0.03060,0.05743,0.00000
248.10000,99.28000,0.16131,0.29296,0.04127,0.05104,-0.00000
248.20000,99.32000,0.16622,0.29325,0.05157,0.04425,0.00000
248.30000,99.36000,0.17053,0.29368,0.06141,0.03715,0.00000
248.40000,99.40000,0.17419,0.29423,0.07067,0.02981,0.00000
248.50000,99.44000,0.17716,0.29487,0.07924,0.02225,0.00000
248.60000,99.48000,0.17940,0.29555,0.08703,0.01453,0.00000
248.70000,99.52000,0.18089,0.29626,0.09395,0.00667,0.00000
248.80000,99.56000,0.18160,0.29693,0.09993,-0.00127,0.00000
248.90000,99.60000,0.18151,0.29754,0.10490,-0.00923,0.00000
249.00000,99.64000,0.18062,0.29803,0.10881,-0.01710,0.00000
249.10000,99.68000,0.17892,0.29838,0.11163,-0.02473,0.00000
249.20000,99.72000,0.17641,0.29853,0.11331,-0.03197,0.00000
249.30000,99.76000,0.17310,0.29845,0.11387,-0.03859,0.00000
249.40000,99.80000,0.16902,0.29811,0.11330,-0.04438,-0.00000
249.50000,99.84000,0.16418,0.29747,0.11164,-0.04906,0.00000
249.60000,99.88000,0.15862,0.29650,0.10894,-0.05241,-0.00000
249.70000,99.92000,0.15238,0.29518,0.10527,-0.05417,0.00000
249.80000,99.96000,0.14550,0.29349,0.10074,-0.05414,0.00000
249.90000,100.00000,0.13802,0.29142,0.09546,-0.05216,0.00000
250.00000,100.04000,0.13000,0.28896,0.08957,-0.04812,0.00000
250.10000,100.08000,0.12149,0.28611,0.08324,-0.04201,0.00000
250.20000,100.12000,0.11257,0.28287,0.07665,-0.03386,0.00000
250.30000,100.16000,0.10328,0.27925,0.06997,-0.02380,-0.00000
250.40000,100.20000,0.09370,0.27529,0.06340,-0.01207,-0.00000
250.50000,100.24000,0.08389,0.27099,0.05713,0.00106,0.00000
250.60000,100.28000,0.07393,0.26639,0.05132,0.01523,-0.00000
250.70000,100.32000,0.06387,0.26154,0.04613,0.03004,0.00000
250.80000,100.36000,0.05379,0.25647,0.04168,0.04505,0.00000
250.90000,100.40000,0.04374,0.25123,0.03807,0.05980,-0.00000
251.00000,100.44000,0.03380,0.24588,0.03535,0.07387,0.00000
251.10000,100.48000,0.02402,0.24048,0.03354,0.08682,0.00000
251.20000,100.52000,0.01445,0.23508,0.03260,0.09831,-0.00000
251.30000,100.56000,0.00516,0.22977,0.03246,0.10800,0.00000
251.40000,100.60000,-0.00381,0.22459,0.03302,0.11567,0.00000
251.50000,100.64000,-0.01243,0.21962,0.03414,0.12115,0.00000
251.60000,100.68000,-0.02065,0.21492,0.03566,0.12437,0.00000
251.70000,100.72000,-0.02844,0.21057,0.03738,0.12531,0.00000
251.80000,100.76000,-0.03577,0.20662,0.03914,0.12404,0.00000
251.90000,100.80000,-0.04263,0.20314,0.04074,0.12069,0.00000
252.00000,100.84000,-0.04899,0.20018,0.04201,0.11546,-0.00000
252.10000,100.88000,-0.05486,0.19779,0.04281,0.10854,-0.00000
252.20000,100.92000,-0.06023,0.19602,0.04301,0.10020,0.00000
252.30000,100.96000,-0.06509,0.19489,0.04254,0.09067,0.00000
252.40000,101.00000,-0.06946,0.19445,0.04135,0.08020,0.00000
252.50000,101.04000,-0.07335,0.19470,0.03942,0.06904,0.00000
252.60000,101.08000,-0.07677,0.19565,0.03678,0.05738,0.00000
252.70000,101.12000,-0.07975,0.19731,0.03350,0.04541,0.00000
252.80000,101.16000,-0.08230,0.19966,0.02966,0.03329,-0.00000
252.90000,101.20000,-0.08446,0.20268,0.02536,0.02114,0.00000
253.00000,101.24000,-0.08625,0.20634,0.02072,0.00903,0.00000
253.10000,101.28000,-0.08769,0.21059,0.01586,-0.00295,0.00000
253.20000,101.32000,-0.08882,0.21539,0.01088,-0.01478,0.00000
253.30000,101.36000,-0.08967,0.22067,0.00587,-0.02641,0.00000
253.40000,101.40000,-0.09027,0.22638,0.00093,-0.03785,0.00000
253.50000,101.44000,-0.09064,0.23243,-0.00390,-0.04907,0.00000
253.60000,101.48000,-0.09080,0.23876,-0.00859,-0.06006,0.00000
253.70000,101.52000,-0.09080,0.24528,-0.01315,-0.07080,0.00000
253.80000,101.56000,-0.09064,0.25192,-0.01758,-0.08128,0.00000
253.90000,101.60000,-0.09035,0.25859,-0.02194,-0.09145,0.00000
254.00000,101.64000,-0.08995,0.26523,-0.02627,-0.10128,0.00000
254.10000,101.68000,-0.08945,0.27175,-0.03065,-0.11072,0.00000
254.20000,101.72000,-0.08889,0.27811,-0.03512,-0.11971,0.00000
254.30000,101.76000,-0.08826,0.28425,-0.03976,-0.12818,0.00000
254.40000,101.80000,-0.08758,0.29011,-0.04459,-0.13604,0.00000
254.50000,101.84000,-0.08688,0.29568,-0.04965,-0.14323,-0.00000
254.60000,101.88000,-0.08615,0.30092,-0.05492,-0.14964,-0.00000
254.70000,101.92000,-0.08542,0.30584,-0.06039,-0.15519,0.00000
254.80000,101.96000,-0.08470,0.31043,-0.06600,-0.15976,0.00000
254.90000,102.00000,-0.08399,0.31473,-0.07167,-0.16325,0.00000
255.00000,102.04000,-0.08331,0.31876,-0.07729,-0.16555,0.00000
255.10000,102.08000,-0.08266,0.32258,-0.08277,-0.16655,0.00000
255.20000,102.12000,-0.08207,0.32623,-0.08796,-0.16613,0.00000
255.30000,102.16000,-0.08152,0.32980,-0.09275,-0.16417,0.00000
255.40000,102.20000,-0.08104,0.33335,-0.09701,-0.16059,0.00000
255.50000,102.24000,-0.08062,0.33698,-0.10062,-0.15528,-0.00000
255.60000,102.28000,-0.08026,0.34076,-0.10349,-0.14819,0.00000
255.70000,102.32000,-0.07996,0.34478,-0.10554,-0.13928,0.00000
255.80000,102.36000,-0.07970,0.34913,-0.10673,-0.12853,0.00000
255.90000,102.40000,-0.07949,0.35389,-0.10703,-0.11600,0.00000
256.00000,102.44000,-0.07930,0.35915,-0.10645,-0.10177,0.00000
256.10000,102.48000,-0.07911,0.36495,-0.10501,-0.08598,-0.00000
256.20000,102.52000,-0.07890,0.37137,-0.10277,-0.06883,0.00000
256.30000,102.56000,-0.07865,0.37843,-0.09979,-0.05056,-0.00000
256.40000,102.60000,-0.07831,0.38618,-0.09614,-0.03147,-0.00000
256.50000,102.64000,-0.07787,0.39462,-0.09191,-0.01191,0.00000
256.60000,102.68000,-0.07728,0.40374,-0.08717,0.00776,0.00000
256.70000,102.72000,-0.07652,0.41353,-0.08198,0.02713,0.00000
256.80000,102.76000,-0.07554,0.42393,-0.07638,0.04580,0.00000
256.90000,102.80000,-0.07432,0.43489,-0.07041,0.06337,0.00000
257.00000,102.84000,-0.07282,0.44633,-0.06408,0.07947,0.00000
257.10000,102.88000,-0.07102,0.45815,-0.05736,0.09376,0.00000
257.20000,102.92000,-0.06889,0.47026,-0.05022,0.10598,-0.00000
257.30000,102.96000,-0.06641,0.48252,-0.04261,0.11589,0.00000
257.40000,103.00000,-0.06357,0.49480,-0.03445,0.12338,-0.00000
257.50000,103.04000,-0.06037,0.50696,-0.02567,0.12840,0.00000
257.60000,103.08000,-0.05678,0.51885,-0.01619,0.13097,-0.00000
257.70000,103.12000,-0.05283,0.53032,-0.00595,0.13121,0.00000
257.80000,103.16000,-0.04851,0.54120,0.00509,0.12932,0.00000
257.90000,103.20000,-0.04384,0.55133,0.01698,0.12554,0.00000
258.00000,103.24000,-0.03884,0.56058,0.02968,0.12021,0.00000
258.10000,103.28000,-0.03353,0.56878,0.04317,0.11364,0.00000
258.20000,103.32000,-0.02793,0.57579,0.05735,0.10622,0.00000
258.30000,103.36000,-0.02208,0.58148,0.07210,0.09831,0.00000
258.40000,103.40000,-0.01601,0.58573,0.08724,0.09026,0.00000
258.50000,103.44000,-0.00974,0.58842,0.10255,0.08238,0.00000
258.60000,103.48000,-0.00332,0.58947,0.11780,0.07496,-0.00000
258.70000,103.52000,0.00321,0.58880,0.13271,0.06821,-0.00000
258.80000,103.56000,0.00983,0.58633,0.14698,0.06229,0.00000
258.90000,103.60000,0.01648,0.58203,0.16031,0.05730,0.00000
259.00000,103.64000,0.02314,0.57586,0.17240,0.05326,0.00000
259.10000,103.68000,0.02977,0.56781,0.18296,0.05016,0.00000
259.20000,103.72000,0.03633,0.55788,0.19172,0.04792,-0.00000
259.30000,103.76000,0.04279,0.54611,0.19844,0.04641,0.00000
259.40000,103.80000,0.04911,0.53252,0.20293,0.04550,0.00000
259.50000,103.84000,0.05527,0.51718,0.20503,0.04502,0.00000
259.60000,103.88000,0.06123,0.50014,0.20465,0.04479,0.00000
259.70000,103.92000,0.06696,0.48150,0.20175,0.04464,0.00000
259.80000,103.96000,0.07244,0.46134,0.19632,0.04443,0.00000
259.90000,104.00000,0.07764,0.43979,0.18844,0.04401,0.00000
260.00000,104.04000,0.08254,0.41694,0.17820,0.04327,0.00000
260.10000,104.08000,0.08713,0.39294,0.16574,0.04215,0.00000
260.20000,104.12000,0.09138,0.36790,0.15124,0.04058,0.00000
260.30000,104.16000,0.09527,0.34198,0.13489,0.03855,0.00000
260.40000,104.20000,0.09880,0.31531,0.11691,0.03605,0.00000
260.50000,104.24000,0.10196,0.28804,0.09751,0.03311,0.00000
260.60000,104.28000,0.10473,0.26033,0.07691,0.02976,0.00000
260.70000,104.32000,0.10710,0.23231,0.05532,0.02606,0.00000
260.80000,104.36000,0.10908,0.20414,0.03293,0.02206,-0.00000
260.90000,104.40000,0.11065,0.17598,0.00992,0.01780,0.00000
261.00000,104.44000,0.11181,0.14796,-0.01355,0.01333,0.00000
261.10000,104.48000,0.11256,0.12024,-0.03731,0.00871,0.00000
261.20000,104.52000,0.11290,0.09295,-0.06124,0.00397,0.00000
261.30000,104.56000,0.11282,0.06625,-0.08520,-0.00085,0.00000
261.40000,104.60000,0.11233,0.04027,-0.10906,-0.00572,0.00000
261.50000,104.64000,0.11143,0.01514,-0.13269,-0.01062,0.00000
261.60000,104.68000,0.11012,-0.00900,-0.15593,-0.01551,0.00000
261.70000,104.72000,0.10839,-0.03202,-0.17864,-0.02037,0.00000
261.80000,104.76000,0.10627,-0.05379,-0.20063,-0.02516,0.00000
261.90000,104.80000,0.10373,-0.07419,-0.22169,-0.02985,0.00000
262.00000,104.84000,0.10081,-0.09310,-0.24162,-0.03440,0.00000
262.10000,104.88000,0.09750,-0.11040,-0.26018,-0.03876,-0.00000
262.20000,104.92000,0.09381,-0.12599,-0.27710,-0.04287,0.00000
262.30000,104.96000,0.08977,-0.13974,-0.29213,-0.04670,0.00000
262.40000,105.00000,0.08537,-0.15157,-0.30500,-0.05020,0.00000
262.50000,105.04000,0.08066,-0.16139,-0.31546,-0.05332,-0.00000
262.60000,105.08000,0.07564,-0.16910,-0.32329,-0.05603,0.00000
262.70000,105.12000,0.07034,-0.17464,-0.32828,-0.05831,-0.00000
262.80000,105.16000,0.06480,-0.17795,-0.33026,-0.06015,-0.00000
262.90000,105.20000,0.05905,-0.17898,-0.32912,-0.06156,0.00000
263.00000,105.24000,0.05312,-0.17770,-0.32480,-0.06256,0.00000
263.10000,105.28000,0.04705,-0.17409,-0.31731,-0.06320,0.00000
263.20000,105.32000,0.04089,-0.16814,-0.30668,-0.06352,0.00000
263.30000,105.36000,0.03467,-0.15989,-0.29306,-0.06359,-0.00000
263.40000,105.40000,0.02844,-0.14937,-0.27660,-0.06349,0.00000
263.50000,105.44000,0.02226,-0.13663,-0.25752,-0.06328,0.00000
263.60000,105.48000,0.01615,-0.12174,-0.23608,-0.06304,-0.00000
263.70000,105.52000,0.01018,-0.10481,-0.21257,-0.06283,0.00000
263.80000,105.56000,0.00437,-0.08593,-0.18729,-0.06271,0.00000
263.90000,105.60000,-0.00122,-0.06522,-0.16054,-0.06271,-0.00000
264.00000,105.64000,-0.00655,-0.04284,-0.13261,-0.06285,0.00000
264.10000,105.68000,-0.01159,-0.01892,-0.10380,-0.06313,0.00000
264.20000,105.72000,-0.01631,0.00637,-0.07434,-0.06352,-0.00000
264.30000,105.76000,-0.02066,0.03286,-0.04448,-0.06398,0.00000
264.40000,105.80000,-0.02464,0.06039,-0.01439,-0.06442,-0.00000
264.50000,105.84000,-0.02820,0.08877,0.01577,-0.06477,0.00000
264.60000,105.88000,-0.03135,0.11782,0.04587,-0.06493,0.00000
264.70000,105.92000,-0.03406,0.14738,0.07582,-0.06479,0.00000
264.80000,105.96000,-0.03634,0.17725,0.10553,-0.06424,0.00000
264.90000,106.00000,-0.03817,0.20728,0.13494,-0.06318,0.00000
265.00000,106.04000,-0.03956,0.23728,0.16398,-0.06152,0.00000
265.10000,106.08000,-0.04052,0.26710,0.19256,-0.05918,0.00000
265.20000,106.12000,-0.04107,0.29659,0.22060,-0.05611,-0.00000
265.30000,106.16000,-0.04122,0.32559,0.24796,-0.05227,0.00000
265.40000,106.20000,-0.04100,0.35396,0.27451,-0.04768,-0.00000
265.50000,106.24000,-0.04043,0.38158,0.30006,-0.04237,-0.00000
265.60000,106.28000,-0.03956,0.40831,0.32440,-0.03639,0.00000
265.70000,106.32000,-0.03841,0.43405,0.34727,-0.02985,-0.00000
265.80000,106.36000,-0.03702,0.45868,0.36842,-0.02285,-0.00000
265.90000,106.40000,-0.03544,0.48212,0.38755,-0.01554,0.00000
266.00000,106.44000,-0.03371,0.50427,0.40439,-0.00808,0.00000
266.10000,106.48000,-0.03187,0.52505,0.41865,-0.00062,-0.00000
266.20000,106.52000,-0.02998,0.54441,0.43005,0.00667,0.00000
266.30000,106.56000,-0.02807,0.56228,0.43835,0.01364,-0.00000
266.40000,106.60000,-0.02619,0.57864,0.44335,0.02015,0.00000
266.50000,106.64000,-0.02439,0.59344,0.44487,0.02608,0.00000
266.60000,106.68000,-0.02270,0.60667,0.44282,0.03135,-0.00000
266.70000,106.72000,-0.02116,0.61834,0.43714,0.03590,0.00000
266.80000,106.76000,-0.01982,0.62844,0.42781,0.03972,-0.00000
266.90000,106.80000,-0.01869,0.63700,0.41490,0.04285,0.00000
267.00000,106.84000,-0.01780,0.64406,0.39852,0.04533,0.00000
267.10000,106.88000,-0.01718,0.64967,0.37883,0.04729,0.00000
267.20000,106.92000,-0.01684,0.65387,0.35603,0.04885,0.00000
267.30000,106.96000,-0.01678,0.65674,0.33036,0.05016,0.00000
267.40000,107.00000,-0.01703,0.65835,0.30209,0.05141,0.00000
267.50000,107.04000,-0.01757,0.65877,0.27152,0.05276,0.00000
267.60000,107.08000,-0.01839,0.65808,0.23895,0.05440,0.00000
267.70000,107.12000,-0.01950,0.65637,0.20471,0.05648,0.00000
267.80000,107.16000,-0.02087,0.65372,0.16914,0.05913,0.00000
267.90000,107.20000,-0.02248,0.65021,0.13257,0.06243,0.00000
268.00000,107.24000,-0.02431,0.64592,0.09534,0.06645,-0.00000
268.10000,107.28000,-0.02633,0.64092,0.05781,0.07119,0.00000
268.20000,107.32000,-0.02851,0.63527,0.02030,0.07659,0.00000
268.30000,107.36000,-0.03081,0.62904,-0.01684,0.08256,0.00000
268.40000,107.40000,-0.03321,0.62227,-0.05327,0.08896,0.00000
268.50000,107.44000,-0.03566,0.61502,-0.08865,0.09560,0.00000
268.60000,107.48000,-0.03812,0.60732,-0.12265,0.10226,0.00000
268.70000,107.52000,-0.04056,0.59922,-0.15497,0.10871,0.00000
268.80000,107.56000,-0.04294,0.59073,-0.18530,0.11470,0.00000
268.90000,107.60000,-0.04522,0.58188,-0.21338,0.12001,-0.00000
269.00000,107.64000,-0.04736,0.57270,-0.23895,0.12442,0.00000
269.10000,107.68000,-0.04932,0.56319,-0.26181,0.12774,-0.00000
269.20000,107.72000,-0.05108,0.55339,-0.28181,0.12984,-0.00000
269.30000,107.76000,-0.05259,0.54330,-0.29884,0.13061,0.00000
269.40000,107.80000,-0.05383,0.53293,-0.31283,0.13003,0.00000
269.50000,107.84000,-0.05478,0.52231,-0.32380,0.12811,0.00000
269.60000,107.88000,-0.05541,0.51145,-0.33182,0.12493,0.00000
269.70000,107.92000,-0.05570,0.50036,-0.33699,0.12060,0.00000
269.80000,107.96000,-0.05563,0.48906,-0.33951,0.11527,-0.00000
269.90000,108.00000,-0.05519,0.47757,-0.33958,0.10912,0.00000
270.00000,108.04000,-0.05438,0.46589,-0.33747,0.10235,0.00000
270.10000,108.08000,-0.05319,0.45404,-0.33346,0.09515,0.00000
270.20000,108.12000,-0.05161,0.44203,-0.32785,0.08769,0.00000
270.30000,108.16000,-0.04966,0.42988,-0.32093,0.08011,-0.00000
270.40000,108.20000,-0.04733,0.41759,-0.31299,0.07252,0.00000
270.50000,108.24000,-0.04465,0.40518,-0.30429,0.06498,-0.00000
270.60000,108.28000,-0.04163,0.39264,-0.29506,0.05749,-0.00000
270.70000,108.32000,-0.03828,0.37998,-0.28546,0.05000,0.00000
270.80000,108.36000,-0.03463,0.36721,-0.27566,0.04244,0.00000
270.90000,108.40000,-0.03071,0.35434,-0.26572,0.03465,0.00000
271.00000,108.44000,-0.02654,0.34136,-0.25569,0.02649,0.00000
271.10000,108.48000,-0.02215,0.32829,-0.24557,0.01777,0.00000
271.20000,108.52000,-0.01759,0.31514,-0.23532,0.00832,-0.00000
271.30000,108.56000,-0.01288,0.30191,-0.22487,-0.00202,0.00000
271.40000,108.60000,-0.00807,0.28864,-0.21413,-0.01339,0.00000
271.50000,108.64000,-0.00320,0.27533,-0.20301,-0.02588,0.00000
271.60000,108.68000,0.00171,0.26201,-0.19142,-0.03951,0.00000
271.70000,108.72000,0.00659,0.24873,-0.17928,-0.05427,0.00000
271.80000,108.76000,0.01141,0.23551,-0.16653,-0.07004,-0.00000
271.90000,108.80000,0.01614,0.22240,-0.15315,-0.08667,-0.00000
272.00000,108.84000,0.02072,0.20945,-0.13913,-0.10393,-0.00000
272.10000,108.88000,0.02512,0.19670,-0.12450,-0.12155,0.00000
272.20000,108.92000,0.02930,0.18423,-0.10931,-0.13918,0.00000
272.30000,108.96000,0.03322,0.17208,-0.09363,-0.15649,0.00000
272.40000,109.00000,0.03685,0.16031,-0.07758,-0.17309,0.00000
272.50000,109.04000,0.04015,0.14900,-0.06124,-0.18861,0.00000
272.60000,109.08000,0.04310,0.13820,-0.04473,-0.20270,0.00000
272.70000,109.12000,0.04567,0.12796,-0.02815,-0.21504,0.00000
272.80000,109.16000,0.04784,0.11835,-0.01160,-0.22532,0.00000
272.90000,109.20000,0.04958,0.10941,0.00486,-0.23333,0.00000
273.00000,109.24000,0.05088,0.10120,0.02116,-0.23887,0.00000
273.10000,109.28000,0.05172,0.09375,0.03727,-0.24184,0.00000
273.20000,109.32000,0.05209,0.08710,0.05316,-0.24218,0.00000
273.30000,109.36000,0.05199,0.08127,0.06882,-0.23988,0.00000
273.40000,109.40000,0.05142,0.07627,0.08427,-0.23502,0.00000
273.50000,109.44000,0.05036,0.07212,0.09949,-0.22770,0.00000
273.60000,109.48000,0.04883,0.06882,0.11449,-0.21806,0.00000
273.70000,109.52000,0.04683,0.06634,0.12925,-0.20631,-0.00000
273.80000,109.56000,0.04437,0.06469,0.14374,-0.19265,0.00000
273.90000,109.60000,0.04146,0.06382,0.15788,-0.17733,0.00000
274.00000,109.64000,0.03813,0.06371,0.17159,-0.16060,0.00000
274.10000,109.68000,0.03437,0.06430,0.18475,-0.14275,0.00000
274.20000,109.72000,0.03023,0.06557,0.19720,-0.12405,-0.00000
274.30000,109.76000,0.02572,0.06744,0.20877,-0.10480,-0.00000
274.40000,109.80000,0.02087,0.06988,0.21927,-0.08530,0.00000
274.50000,109.84000,0.01570,0.07282,0.22848,-0.06583,0.00000
274.60000,109.88000,0.01026,0.07620,0.23621,-0.04669,0.00000
274.70000,109.92000,0.00458,0.07997,0.24225,-0.02817,0.00000
274.80000,109.96000,-0.00130,0.08408,0.24642,-0.01054,0.00000
274.90000,110.00000,-0.00736,0.08846,0.24857,0.00596,0.00000
275.00000,110.04000,-0.01354,0.09308,0.24860,0.02109,0.00000
275.10000,110.08000,-0.01980,0.09789,0.24643,0.03468,0.00000
275.20000,110.12000,-0.02610,0.10285,0.24205,0.04659,0.00000
275.30000,110.16000,-0.03240,0.10795,0.23548,0.05674,0.00000
275.40000,110.20000,-0.03866,0.11315,0.22680,0.06511,0.00000
275.50000,110.24000,-0.04482,0.11843,0.21614,0.07175,0.00000
275.60000,110.28000,-0.05085,0.12380,0.20366,0.07678,0.00000
275.70000,110.32000,-0.05671,0.12924,0.18957,0.08037,0.00000
275.80000,110.36000,-0.06235,0.13476,0.17407,0.08276,0.00000
275.90000,110.40000,-0.06774,0.14036,0.15743,0.08426,0.00000
276.00000,110.44000,-0.07284,0.14606,0.13987,0.08518,0.00000
276.10000,110.48000,-0.07760,0.15185,0.12165,0.08586,0.00000
276.20000,110.52000,-0.08200,0.15777,0.10301,0.08665,0.00000
276.30000,110.56000,-0.08601,0.16380,0.08418,0.08787,0.00000
276.40000,110.60000,-0.08959,0.16998,0.06537,0.08978,0.00000
276.50000,110.64000,-0.09271,0.17630,0.04676,0.09259,-0.00000
276.60000,110.68000,-0.09534,0.18278,0.02855,0.09643,0.00000
276.70000,110.72000,-0.09746,0.18942,0.01088,0.10133,0.00000
276.80000,110.76000,-0.09903,0.19623,-0.00610,0.10721,-0.00000
276.90000,110.80000,-0.10003,0.20320,-0.02224,0.11389,0.00000
277.00000,110.84000,-0.10044,0.21033,-0.03742,0.12112,-0.00000
277.10000,110.88000,-0.10022,0.21761,-0.05152,0.12854,0.00000
277.20000,110.92000,-0.09936,0.22504,-0.06442,0.13573,0.00000
277.30000,110.96000,-0.09783,0.23261,-0.07600,0.14225,0.00000
277.40000,111.00000,-0.09561,0.24031,-0.08614,0.14762,-0.00000
277.50000,111.04000,-0.09268,0.24812,-0.09475,0.15142,-0.00000
277.60000,111.08000,-0.08901,0.25605,-0.10170,0.15325,0.00000
277.70000,111.12000,-0.08460,0.26407,-0.10693,0.15280,0.00000
277.80000,111.16000,-0.07942,0.27218,-0.11035,0.14986,0.00000
277.90000,111.20000,-0.07347,0.28037,-0.11193,0.14434,0.00000
278.00000,111.24000,-0.06675,0.28862,-0.11163,0.13631,0.00000
278.10000,111.28000,-0.05926,0.29691,-0.10949,0.12592,-0.00000
278.20000,111.32000,-0.05100,0.30524,-0.10554,0.11350,0.00000
278.30000,111.36000,-0.04198,0.31359,-0.09988,0.09945,0.00000
278.40000,111.40000,-0.03222,0.32194,-0.09264,0.08431,0.00000
278.50000,111.44000,-0.02176,0.33026,-0.08399,0.06863,0.00000
278.60000,111.48000,-0.01061,0.33853,-0.07413,0.05301,-0.00000
278.70000,111.52000,0.00116,0.34671,-0.06329,0.03806,0.00000
278.80000,111.56000,0.01352,0.35476,-0.05171,0.02432,-0.00000
278.90000,111.60000,0.02641,0.36266,-0.03967,0.01226,0.00000
279.00000,111.64000,0.03975,0.37034,-0.02744,0.00227,0.00000
279.10000,111.68000,0.05349,0.37776,-0.01528,-0.00542,0.00000
279.20000,111.72000,0.06753,0.38487,-0.00345,-0.01068,0.00000
279.30000,111.76000,0.08181,0.39161,0.00782,-0.01355,0.00000
279.40000,111.80000,0.09621,0.39792,0.01832,-0.01419,-0.00000
279.50000,111.84000,0.11065,0.40376,0.02787,-0.01287,0.00000
279.60000,111.88000,0.12503,0.40906,0.03633,-0.00999,-0.00000
279.70000,111.92000,0.13925,0.41379,0.04362,-0.00598,0.00000
279.80000,111.96000,0.15320,0.41789,0.04964,-0.00133,-0.00000
279.90000,112.00000,0.16678,0.42133,0.05439,0.00347,-0.00000
280.00000,112.04000,0.17988,0.42408,0.05787,0.00796,0.00000
280.10000,112.08000,0.19240,0.42614,0.06011,0.01174,-0.00000
280.20000,112.12000,0.20424,0.42748,0.06117,0.01450,0.00000
280.30000,112.16000,0.21530,0.42814,0.06113,0.01602,0.00000
280.40000,112.20000,0.22549,0.42811,0.06009,0.01620,0.00000
280.50000,112.24000,0.23472,0.42744,0.05814,0.01505,0.00000
280.60000,112.28000,0.24291,0.42618,0.05540,0.01269,0.00000
280.70000,112.32000,0.24999,0.42438,0.05197,0.00932,0.00000
280.80000,112.36000,0.25590,0.42212,0.04796,0.00522,0.00000
280.90000,112.40000,0.26057,0.41948,0.04346,0.00069,-0.00000
281.00000,112.44000,0.26396,0.41654,0.03856,-0.00393,0.00000
281.10000,112.48000,0.26603,0.41341,0.03335,-0.00834,-0.00000
281.20000,112.52000,0.26675,0.41018,0.02789,-0.01225,0.00000
281.30000,112.56000,0.26611,0.40697,0.02224,-0.01547,0.00000
281.40000,112.60000,0.26409,0.40386,0.01644,-0.01784,-0.00000
281.50000,112.64000,0.26071,0.40096,0.01053,-0.01933,0.00000
281.60000,112.68000,0.25597,0.39837,0.00452,-0.01997,0.00000
281.70000,112.72000,0.24989,0.39617,-0.00157,-0.01988,0.00000
281.80000,112.76000,0.24251,0.39444,-0.00774,-0.01924,0.00000
281.90000,112.80000,0.23386,0.39324,-0.01401,-0.01827,0.00000
282.00000,112.84000,0.22398,0.39263,-0.02038,-0.01724,0.00000
282.10000,112.88000,0.21293,0.39264,-0.02687,-0.01639,0.00000
282.20000,112.92000,0.20077,0.39329,-0.03351,-0.01594,0.00000
282.30000,112.96000,0.18757,0.39458,-0.04030,-0.01605,0.00000
282.40000,113.00000,0.17339,0.39650,-0.04727,-0.01684,0.00000
282.50000,113.04000,0.15831,0.39901,-0.05440,-0.01831,0.00000
282.60000,113.08000,0.14240,0.40208,-0.06170,-0.02039,0.00000
282.70000,113.12000,0.12576,0.40562,-0.06912,-0.02294,0.00000
282.80000,113.16000,0.10845,0.40958,-0.07663,-0.02573,0.00000
282.90000,113.20000,0.09058,0.41386,-0.08416,-0.02846,0.00000
283.00000,113.24000,0.07222,0.41836,-0.09161,-0.03082,0.00000
283.10000,113.28000,0.05347,0.42297,-0.09887,-0.03246,-0.00000
283.20000,113.32000,0.03441,0.42759,-0.10582,-0.03309,0.00000
283.30000,113.36000,0.01513,0.43210,-0.11231,-0.03242,0.00000
283.40000,113.40000,-0.00426,0.43639,-0.11819,-0.03026,0.00000
283.50000,113.44000,-0.02370,0.44034,-0.12331,-0.02651,-0.00000
283.60000,113.48000,-0.04309,0.44385,-0.12752,-0.02117,0.00000
283.70000,113.52000,-0.06233,0.44681,-0.13068,-0.01437,-0.00000
283.80000,113.56000,-0.08135,0.44913,-0.13267,-0.00633,-0.00000
283.90000,113.60000,-0.10007,0.45073,-0.13341,0.00259,0.00000
284.00000,113.64000,-0.11840,0.45154,-0.13285,0.01196,0.00000
284.10000,113.68000,-0.13627,0.45148,-0.13097,0.02128,0.00000
284.20000,113.72000,-0.15360,0.45050,-0.12780,0.03001,0.00000
284.30000,113.76000,-0.17033,0.44858,-0.12341,0.03758,0.00000
284.40000,113.80000,-0.18638,0.44567,-0.11789,0.04346,0.00000
284.50000,113.84000,-0.20171,0.44177,-0.11140,0.04717,0.00000
284.60000,113.88000,-0.21625,0.43686,-0.10408,0.04831,0.00000
284.70000,113.92000,-0.22996,0.43096,-0.09613,0.04659,-0.00000
284.80000,113.96000,-0.24278,0.42408,-0.08773,0.04183,0.00000
284.90000,114.00000,-0.25468,0.41624,-0.07907,0.03398,0.00000
285.00000,114.04000,-0.26562,0.40748,-0.07031,0.02313,0.00000
285.10000,114.08000,-0.27558,0.39784,-0.06159,0.00950,0.00000
285.20000,114.12000,-0.28453,0.38738,-0.05304,-0.00657,0.00000
285.30000,114.16000,-0.29244,0.37614,-0.04471,-0.02467,0.00000
285.40000,114.20000,-0.29931,0.36420,-0.03665,-0.04428,0.00000
285.50000,114.24000,-0.30511,0.35162,-0.02885,-0.06484,0.00000
285.60000,114.28000,-0.30985,0.33849,-0.02125,-0.08577,-0.00000
285.70000,114.32000,-0.31351,0.32487,-0.01378,-0.10650,-0.00000
285.80000,114.36000,-0.31610,0.31087,-0.00634,-0.12646,-0.00000
285.90000,114.40000,-0.31761,0.29656,0.00119,-0.14516,-0.00000
286.00000,114.44000,-0.31805,0.28204,0.00892,-0.16213,0.00000
286.10000,114.48000,-0.31743,0.26741,0.01696,-0.17702,0.00000
286.20000,114.52000,-0.31574,0.25276,0.02539,-0.18953,0.00000
286.30000,114.56000,-0.31302,0.23819,0.03427,-0.19944,-0.00000
286.40000,114.60000,-0.30925,0.22379,0.04360,-0.20664,0.00000
286.50000,114.64000,-0.30447,0.20967,0.05336,-0.21105,0.00000
286.60000,114.68000,-0.29869,0.19591,0.06347,-0.21270,0.00000
286.70000,114.72000,-0.29193,0.18261,0.07381,-0.21163,0.00000
286.80000,114.76000,-0.28422,0.16986,0.08424,-0.20795,0.00000
286.90000,114.80000,-0.27557,0.15773,0.09455,-0.20180,0.00000
287.00000,114.84000,-0.26603,0.14630,0.10456,-0.19332,0.00000
287.10000,114.88000,-0.25563,0.13565,0.11406,-0.18270,0.00000
287.20000,114.92000,-0.24440,0.12584,0.12285,-0.17012,0.00000
287.30000,114.96000,-0.23239,0.11693,0.13074,-0.15576,0.00000
287.40000,115.00000,-0.21965,0.10898,0.13759,-0.13981,0.00000
287.50000,115.04000,-0.20622,0.10203,0.14330,-0.12247,0.00000
287.60000,115.08000,-0.19216,0.09613,0.14779,-0.10393,-0.00000
287.70000,115.12000,-0.17753,0.09131,0.15106,-0.08440,0.00000
287.80000,115.16000,-0.16238,0.08760,0.15314,-0.06410,0.00000
287.90000,115.20000,-0.14679,0.08503,0.15411,-0.04324,0.00000
288.00000,115.24000,-0.13081,0.08360,0.15409,-0.02205,0.00000
288.10000,115.28000,-0.11452,0.08334,0.15322,-0.00077,-0.00000
288.20000,115.32000,-0.09798,0.08423,0.15165,0.02037,0.00000
288.30000,115.36000,-0.08127,0.08628,0.14954,0.04112,0.00000
288.40000,115.40000,-0.06444,0.08947,0.14703,0.06125,0.00000
288.50000,115.44000,-0.04757,0.09379,0.14424,0.08054,0.00000
288.60000,115.48000,-0.03072,0.09919,0.14125,0.09877,0.00000
288.70000,115.52000,-0.01396,0.10565,0.13811,0.11577,0.00000
288.80000,115.56000,0.00266,0.11310,0.13481,0.13136,-0.00000
288.90000,115.60000,0.01908,0.12151,0.13130,0.14542,0.00000
289.00000,115.64000,0.03523,0.13079,0.12749,0.15782,0.00000
289.10000,115.68000,0.05108,0.14087,0.12325,0.16851,0.00000
289.20000,115.72000,0.06658,0.15167,0.11843,0.17744,-0.00000
289.30000,115.76000,0.08167,0.16310,0.11288,0.18457,0.00000
289.40000,115.80000,0.09633,0.17505,0.10642,0.18993,0.00000
289.50000,115.84000,0.11052,0.18744,0.09891,0.19354,0.00000
289.60000,115.88000,0.12420,0.20014,0.09023,0.19542,-0.00000
289.70000,115.92000,0.13734,0.21307,0.08032,0.19564,0.00000
289.80000,115.96000,0.14992,0.22610,0.06913,0.19424,0.00000
289.90000,116.00000,0.16192,0.23914,0.05669,0.19130,-0.00000
290.00000,116.04000,0.17330,0.25208,0.04310,0.18688,0.00000
290.10000,116.08000,0.18406,0.26483,0.02849,0.18105,0.00000
290.20000,116.12000,0.19417,0.27730,0.01304,0.17390,0.00000
290.30000,116.16000,0.20361,0.28942,-0.00300,0.16551,0.00000
290.40000,116.20000,0.21237,0.30109,-0.01937,0.15599,0.00000
290.50000,116.24000,0.22042,0.31227,-0.03579,0.14546,0.00000
290.60000,116.28000,0.22776,0.32289,-0.05198,0.13404,-0.00000
290.70000,116.32000,0.23437,0.33290,-0.06766,0.12190,0.00000
290.80000,116.36000,0.24023,0.34228,-0.08256,0.10920,0.00000
290.90000,116.40000,0.24533,0.35097,-0.09647,0.09614,-0.00000
291.00000,116.44000,0.24966,0.35896,-0.10922,0.08291,0.00000
291.10000,116.48000,0.25321,0.36623,-0.12065,0.06974,0.00000
291.20000,116.52000,0.25596,0.37277,-0.13070,0.05683,-0.00000
291.30000,116.56000,0.25791,0.37857,-0.13933,0.04439,0.00000
291.40000,116.60000,0.25904,0.38362,-0.14654,0.03261,0.00000
291.50000,116.64000,0.25936,0.38792,-0.15240,0.02167,-0.00000
291.60000,116.68000,0.25885,0.39147,-0.15698,0.01169,0.00000
291.70000,116.72000,0.25752,0.39428,-0.16040,0.00278,0.00000
291.80000,116.76000,0.25538,0.39636,-0.16277,-0.00500,-0.00000
291.90000,116.80000,0.25241,0.39772,-0.16421,-0.01164,0.00000
292.00000,116.84000,0.24864,0.39837,-0.16486,-0.01718,0.00000
292.10000,116.88000,0.24408,0.39833,-0.16481,-0.02170,0.00000
292.20000,116.92000,0.23874,0.39763,-0.16415,-0.02530,0.00000
292.30000,116.96000,0.23265,0.39628,-0.16297,-0.02812,0.00000
292.40000,117.00000,0.22583,0.39432,-0.16130,-0.03033,0.00000
292.50000,117.04000,0.21831,0.39179,-0.15918,-0.03209,0.00000
292.60000,117.08000,0.21014,0.38872,-0.15662,-0.03356,0.00000
292.70000,117.12000,0.20135,0.38514,-0.15360,-0.03489,0.00000
292.80000,117.16000,0.19199,0.38112,-0.15010,-0.03621,-0.00000
292.90000,117.20000,0.18212,0.37670,-0.14610,-0.03762,0.00000
293.00000,117.24000,0.17179,0.37193,-0.14157,-0.03919,0.00000
293.10000,117.28000,0.16106,0.36686,-0.13646,-0.04092,-0.00000
293.20000,117.32000,0.15001,0.36154,-0.13075,-0.04283,0.00000
293.30000,117.36000,0.13869,0.35603,-0.12440,-0.04486,-0.00000
293.40000,117.40000,0.12719,0.35038,-0.11740,-0.04695,0.00000
293.50000,117.44000,0.11557,0.34464,-0.10971,-0.04901,0.00000
293.60000,117.48000,0.10390,0.33886,-0.10132,-0.05094,0.00000
293.70000,117.52000,0.09227,0.33309,-0.09221,-0.05264,0.00000
293.80000,117.56000,0.08073,0.32736,-0.08237,-0.05401,0.00000
293.90000,117.60000,0.06937,0.32171,-0.07178,-0.05498,0.00000
294.00000,117.64000,0.05823,0.31618,-0.06044,-0.05547,0.00000
294.10000,117.68000,0.04739,0.31080,-0.04833,-0.05544,-0.00000
294.20000,117.72000,0.03688,0.30561,-0.03547,-0.05486,0.00000
294.30000,117.76000,0.02677,0.30062,-0.02184,-0.05374,0.00000
294.40000,117.80000,0.01709,0.29586,-0.00748,-0.05209,0.00000
294.50000,117.84000,0.00787,0.29135,0.00758,-0.04993,0.00000
294.60000,117.88000,-0.00086,0.28712,0.02328,-0.04730,0.00000
294.70000,117.92000,-0.00909,0.28318,0.03952,-0.04423,-0.00000
294.80000,117.96000,-0.01681,0.27955,0.05620,-0.04075,0.00000
294.90000,118.00000,-0.02402,0.27625,0.07316,-0.03689,0.00000
295.00000,118.04000,-0.03072,0.27329,0.09021,-0.03266,0.00000
295.10000,118.08000,-0.03692,0.27068,0.10714,-0.02805,0.00000
295.20000,118.12000,-0.04265,0.26845,0.12370,-0.02308,-0.00000
295.30000,118.16000,-0.04793,0.26658,0.13963,-0.01774,-0.00000
295.40000,118.20000,-0.05278,0.26511,0.15465,-0.01202,0.00000
295.50000,118.24000,-0.05723,0.26402,0.16847,-0.00595,0.00000
295.60000,118.28000,-0.06132,0.26332,0.18081,0.00046,0.00000
295.70000,118.32000,-0.06509,0.26301,0.19142,0.00714,0.00000
295.80000,118.36000,-0.06856,0.26307,0.20007,0.01401,0.00000
295.90000,118.40000,-0.07179,0.26350,0.20657,0.02093,0.00000
296.00000,118.44000,-0.07479,0.26429,0.21079,0.02775,0.00000
296.10000,118.48000,-0.07763,0.26541,0.21264,0.03426,0.00000
296.20000,118.52000,-0.08032,0.26684,0.21211,0.04025,0.00000
296.30000,118.56000,-0.08291,0.26856,0.20924,0.04546,0.00000
296.40000,118.60000,-0.08544,0.27053,0.20414,0.04964,0.00000
296.50000,118.64000,-0.08793,0.27274,0.19698,0.05254,0.00000
296.60000,118.68000,-0.09042,0.27514,0.18795,0.05393,0.00000
296.70000,118.72000,-0.09294,0.27771,0.17733,0.05363,-0.00000
296.80000,118.76000,-0.09551,0.28041,0.16537,0.05149,0.00000
296.90000,118.80000,-0.09817,0.28322,0.15239,0.04746,0.00000
297.00000,118.84000,-0.10092,0.28609,0.13866,0.04153,0.00000
297.10000,118.88000,-0.10379,0.28901,0.12447,0.03380,0.00000
297.20000,118.92000,-0.10679,0.29193,0.11009,0.02443,-0.00000
297.30000,118.96000,-0.10993,0.29485,0.09574,0.01368,0.00000
297.40000,119.00000,-0.11320,0.29772,0.08161,0.00186,0.00000
297.50000,119.04000,-0.11660,0.30053,0.06785,-0.01066,0.00000
297.60000,119.08000,-0.12014,0.30325,0.05456,-0.02344,0.00000
297.70000,119.12000,-0.12378,0.30586,0.04180,-0.03607,0.00000
297.80000,119.16000,-0.12750,0.30835,0.02960,-0.04811,0.00000
297.90000,119.20000,-0.13129,0.31070,0.01793,-0.05915,0.00000
298.00000,119.24000,-0.13510,0.31288,0.00677,-0.06883,0.00000
298.10000,119.28000,-0.13889,0.31489,-0.00395,-0.07684,-0.00000
298.20000,119.32000,-0.14262,0.31671,-0.01428,-0.08296,-0.00000
298.30000,119.36000,-0.14625,0.31834,-0.02429,-0.08703,0.00000
298.40000,119.40000,-0.14971,0.31975,-0.03404,-0.08901,0.00000
298.50000,119.44000,-0.15296,0.32095,-0.04357,-0.08891,0.00000
298.60000,119.48000,-0.15593,0.32192,-0.05291,-0.08684,0.00000
298.70000,119.52000,-0.15858,0.32268,-0.06205,-0.08299,0.00000
298.80000,119.56000,-0.16083,0.32321,-0.07098,-0.07756,-0.00000
298.90000,119.60000,-0.16264,0.32353,-0.07967,-0.07084,-0.00000
299.00000,119.64000,-0.16396,0.32365,-0.08804,-0.06311,0.00000
299.10000,119.68000,-0.16473,0.32357,-0.09604,-0.05465,0.00000
299.20000,119.72000,-0.16491,0.32332,-0.10356,-0.04574,0.00000
299.30000,119.76000,-0.16446,0.32292,-0.11052,-0.03662,0.00000
299.40000,119.80000,-0.16334,0.32238,-0.11683,-0.02752,0.00000
299.50000,119.84000,-0.16154,0.32175,-0.12239,-0.01859,0.00000
299.60000,119.88000,-0.15902,0.32105,-0.12711,-0.00997,0.00000
299.70000,119.92000,-0.15578,0.32032,-0.13093,-0.00175,0.00000
299.80000,119.96000,-0.15181,0.31959,-0.13377,0.00601,0.00000
299.90000,120.00000,-0.14711,0.31890,-0.13560,0.01329,-0.00000
300.00000,120.04000,-0.14169,0.31829,-0.13637,0.02005,0.00000
300.10000,120.08000,-0.13556,0.31779,-0.13607,0.02628,0.00000
300.20000,120.12000,-0.12875,0.31744,-0.13469,0.03196,0.00000
300.30000,120.16000,-0.12129,0.31727,-0.13224,0.03702,0.00000
300.40000,120.20000,-0.11321,0.31732,-0.12877,0.04141,0.00000
300.50000,120.24000,-0.10456,0.31760,-0.12429,0.04502,0.00000
300.60000,120.28000,-0.09538,0.31815,-0.11888,0.04775,0.00000
300.70000,120.32000,-0.08573,0.31898,-0.11260,0.04944,0.00000
300.80000,120.36000,-0.07566,0.32010,-0.10553,0.04994,0.00000
300.90000,120.40000,-0.06524,0.32153,-0.09779,0.04912,-0.00000
301.00000,120.44000,-0.05453,0.32325,-0.08949,0.04684,0.00000
301.10000,120.48000,-0.04359,0.32527,-0.08074,0.04299,0.00000
301.20000,120.52000,-0.03251,0.32758,-0.07171,0.03751,0.00000
301.30000,120.56000,-0.02134,0.33017,-0.06254,0.03041,0.00000
301.40000,120.60000,-0.01015,0.33299,-0.05340,0.02173,0.00000
301.50000,120.64000,0.00097,0.33604,-0.04444,0.01161,0.00000
301.60000,120.68000,0.01196,0.33928,-0.03585,0.00026,0.00000
301.70000,120.72000,0.02276,0.34265,-0.02777,-0.01206,0.00000
301.80000,120.76000,0.03330,0.34614,-0.02036,-0.02502,0.00000
301.90000,120.80000,0.04351,0.34967,-0.01375,-0.03822,0.00000
302.00000,120.84000,0.05333,0.35321,-0.00803,-0.05125,0.00000
302.10000,120.88000,0.06272,0.35670,-0.00330,-0.06369,0.00000
302.20000,120.92000,0.07162,0.36007,0.00042,-0.07511,0.00000
302.30000,120.96000,0.07998,0.36328,0.00313,-0.08510,0.00000
302.40000,121.00000,0.08778,0.36627,0.00485,-0.09332,0.00000
302.50000,121.04000,0.09497,0.36896,0.00566,-0.09945,-0.00000
302.60000,121.08000,0.10154,0.37132,0.00568,-0.10329,0.00000
302.70000,121.12000,0.10745,0.37328,0.00505,-0.10469,-0.00000
302.80000,121.16000,0.11271,0.37479,0.00394,-0.10360,0.00000
302.90000,121.20000,0.11730,0.37580,0.00254,-0.10005,0.00000
303.00000,121.24000,0.12122,0.37627,0.00103,-0.09415,0.00000
303.10000,121.28000,0.12448,0.37616,-0.00037,-0.08610,-0.00000
303.20000,121.32000,0.12708,0.37544,-0.00150,-0.07615,-0.00000
303.30000,121.36000,0.12906,0.37409,-0.00218,-0.06460,-0.00000
303.40000,121.40000,0.13042,0.37209,-0.00228,-0.05176,-0.00000
303.50000,121.44000,0.13120,0.36943,-0.00171,-0.03799,0.00000
303.60000,121.48000,0.13142,0.36612,-0.00040,-0.02362,-0.00000
303.70000,121.52000,0.13112,0.36216,0.00167,-0.00896,-0.00000
303.80000,121.56000,0.13034,0.35758,0.00449,0.00568,0.00000
303.90000,121.60000,0.12912,0.35240,0.00798,0.02005,0.00000
304.00000,121.64000,0.12750,0.34667,0.01207,0.03395,0.00000
304.10000,121.68000,0.12552,0.34042,0.01664,0.04720,-0.00000
304.20000,121.72000,0.12323,0.33371,0.02155,0.05968,0.00000
304.30000,121.76000,0.12066,0.32661,0.02667,0.07132,0.00000
304.40000,121.80000,0.11787,0.31919,0.03185,0.08208,0.00000
304.50000,121.84000,0.11488,0.31150,0.03696,0.09194,0.00000
304.60000,121.88000,0.11174,0.30364,0.04189,0.10091,0.00000
304.70000,121.92000,0.10848,0.29568,0.04655,0.10901,0.00000
304.80000,121.96000,0.10513,0.28770,0.05086,0.11627,-0.00000
304.90000,122.00000,0.10173,0.27978,0.05480,0.12273,-0.00000
305.00000,122.04000,0.09830,0.27200,0.05836,0.12840,0.00000
305.10000,122.08000,0.09486,0.26442,0.06155,0.13331,0.00000
305.20000,122.12000,0.09144,0.25713,0.06441,0.13746,-0.00000
305.30000,122.16000,0.08804,0.25017,0.06700,0.14085,0.00000
305.40000,122.20000,0.08469,0.24361,0.06938,0.14346,0.00000
305.50000,122.24000,0.08140,0.23747,0.07162,0.14527,-0.00000
305.60000,122.28000,0.07817,0.23179,0.07377,0.14624,0.00000
305.70000,122.32000,0.07501,0.22660,0.07588,0.14633,0.00000
305.80000,122.36000,0.07193,0.22189,0.07798,0.14550,0.00000
305.90000,122.40000,0.06893,0.21765,0.08006,0.14371,0.00000
306.00000,122.44000,0.06601,0.21388,0.08212,0.14090,0.00000
306.10000,122.48000,0.06319,0.21052,0.08410,0.13704,0.00000
306.20000,122.52000,0.06045,0.20756,0.08594,0.13208,0.00000
306.30000,122.56000,0.05781,0.20491,0.08754,0.12597,0.00000
306.40000,122.60000,0.05525,0.20254,0.08882,0.11870,0.00000
306.50000,122.64000,0.05279,0.20035,0.08966,0.11022,-0.00000
306.60000,122.68000,0.05041,0.19829,0.08994,0.10052,0.00000
306.70000,122.72000,0.04811,0.19627,0.08958,0.08960,0.00000
306.80000,122.76000,0.04589,0.19421,0.08848,0.07747,0.00000
306.90000,122.80000,0.04374,0.19205,0.08657,0.06415,-0.00000
307.00000,122.84000,0.04164,0.18969,0.08381,0.04971,0.00000
307.10000,122.88000,0.03958,0.18709,0.08017,0.03423,0.00000
307.20000,122.92000,0.03755,0.18419,0.07567,0.01783,0.00000
307.30000,122.96000,0.03553,0.18094,0.07035,0.00066,0.00000
307.40000,123.00000,0.03348,0.17732,0.06427,-0.01708,0.00000
307.50000,123.04000,0.03140,0.17329,0.05750,-0.03515,0.00000
307.60000,123.08000,0.02925,0.16888,0.05016,-0.05329,0.00000
307.70000,123.12000,0.02700,0.16408,0.04234,-0.07119,0.00000
307.80000,123.16000,0.02463,0.15894,0.03416,-0.08853,-0.00000
307.90000,123.20000,0.02211,0.15350,0.02572,-0.10498,0.00000
308.00000,123.24000,0.01941,0.14783,0.01712,-0.12018,0.00000
308.10000,123.28000,0.01651,0.14201,0.00843,-0.13381,0.00000
308.20000,123.32000,0.01340,0.13613,-0.00029,-0.14555,-0.00000
308.30000,123.36000,0.01004,0.13032,-0.00899,-0.15514,0.00000
308.40000,123.40000,0.00643,0.12467,-0.01767,-0.16235,0.00000
308.50000,123.44000,0.00256,0.11932,-0.02633,-0.16703,0.00000
308.60000,123.48000,-0.00157,0.11441,-0.03499,-0.16909,-0.00000
308.70000,123.52000,-0.00595,0.11007,-0.04370,-0.16853,0.00000
308.80000,123.56000,-0.01059,0.10643,-0.05248,-0.16543,-0.00000
308.90000,123.60000,-0.01546,0.10364,-0.06138,-0.15994,0.00000
309.00000,123.64000,-0.02054,0.10183,-0.07043,-0.15230,0.00000
309.10000,123.68000,-0.02580,0.10111,-0.07965,-0.14280,0.00000
309.20000,123.72000,-0.03123,0.10161,-0.08903,-0.13179,0.00000
309.30000,123.76000,-0.03678,0.10343,-0.09853,-0.11967,0.00000
309.40000,123.80000,-0.04241,0.10667,-0.10809,-0.10685,0.00000
309.50000,123.84000,-0.04809,0.11139,-0.11760,-0.09373,0.00000
309.60000,123.88000,-0.05378,0.11766,-0.12693,-0.08071,-0.00000
309.70000,123.92000,-0.05943,0.12553,-0.13591,-0.06815,-0.00000
309.80000,123.96000,-0.06501,0.13501,-0.14433,-0.05638,0.00000
309.90000,124.00000,-0.07046,0.14612,-0.15197,-0.04565,0.00000
310.00000,124.04000,-0.07576,0.15884,-0.15859,-0.03614,0.00000
310.10000,124.08000,-0.08086,0.17315,-0.16395,-0.02797,0.00000
310.20000,124.12000,-0.08573,0.18898,-0.16781,-0.02119,0.00000
310.30000,124.16000,-0.09034,0.20629,-0.16994,-0.01577,0.00000
310.40000,124.20000,-0.09465,0.22497,-0.17013,-0.01162,-0.00000
310.50000,124.24000,-0.09863,0.24495,-0.16822,-0.00861,0.00000
310.60000,124.28000,-0.10226,0.26609,-0.16408,-0.00655,0.00000
310.70000,124.32000,-0.10552,0.28829,-0.15763,-0.00523,0.00000
310.80000,124.36000,-0.10839,0.31140,-0.14884,-0.00443,0.00000
310.90000,124.40000,-0.11085,0.33527,-0.13774,-0.00394,-0.00000
311.00000,124.44000,-0.11290,0.35975,-0.12442,-0.00355,0.00000
311.10000,124.48000,-0.11451,0.38469,-0.10901,-0.00306,0.00000
311.20000,124.52000,-0.11568,0.40992,-0.09169,-0.00234,0.00000
311.30000,124.56000,-0.11641,0.43528,-0.07269,-0.00125,0.00000
311.40000,124.60000,-0.11670,0.46058,-0.05227,0.00028,0.00000
311.50000,124.64000,-0.11655,0.48568,-0.03071,0.00229,0.00000
311.60000,124.68000,-0.11596,0.51041,-0.00830,0.00479,0.00000
311.70000,124.72000,-0.11493,0.53459,0.01466,0.00775,0.00000
311.80000,124.76000,-0.11348,0.55809,0.03787,0.01112,0.00000
311.90000,124.80000,-0.11161,0.58075,0.06105,0.01484,0.00000
312.00000,124.84000,-0.10934,0.60242,0.08394,0.01884,0.00000
312.10000,124.88000,-0.10668,0.62297,0.10631,0.02301,0.00000
312.20000,124.92000,-0.10364,0.64228,0.12795,0.02729,-0.00000
312.30000,124.96000,-0.10023,0.66022,0.14867,0.03159,0.00000
312.40000,125.00000,-0.09649,0.67669,0.16832,0.03585,-0.00000
312.50000,125.04000,-0.09241,0.69158,0.18678,0.04001,0.00000
312.60000,125.08000,-0.08802,0.70480,0.20392,0.04402,0.00000
312.70000,125.12000,-0.08333,0.71627,0.21967,0.04785,0.00000
312.80000,125.16000,-0.07837,0.72592,0.23391,0.05146,0.00000
312.90000,125.20000,-0.07314,0.73368,0.24657,0.05483,0.00000
313.00000,125.24000,-0.06768,0.73950,0.25756,0.05795,-0.00000
313.10000,125.28000,-0.06199,0.74332,0.26677,0.06078,0.00000
313.20000,125.32000,-0.05611,0.74510,0.27411,0.06332,0.00000
313.30000,125.36000,-0.05005,0.74482,0.27945,0.06554,0.00000
313.40000,125.40000,-0.04383,0.74244,0.28266,0.06742,0.00000
313.50000,125.44000,-0.03747,0.73796,0.28362,0.06893,0.00000
313.60000,125.48000,-0.03101,0.73136,0.28219,0.07005,0.00000
313.70000,125.52000,-0.02447,0.72265,0.27826,0.07075,0.00000
313.80000,125.56000,-0.01788,0.71184,0.27172,0.07101,0.00000
313.90000,125.60000,-0.01127,0.69896,0.26248,0.07082,0.00000
314.00000,125.64000,-0.00468,0.68404,0.25049,0.07019,0.00000
314.10000,125.68000,0.00187,0.66713,0.23575,0.06911,0.00000
314.20000,125.72000,0.00833,0.64829,0.21830,0.06762,-0.00000
314.30000,125.76000,0.01466,0.62760,0.19822,0.06573,-0.00000
314.40000,125.80000,0.02084,0.60515,0.17567,0.06352,-0.00000
314.50000,125.84000,0.02681,0.58104,0.15083,0.06103,0.00000
314.60000,125.88000,0.03255,0.55538,0.12397,0.05833,0.00000
314.70000,125.92000,0.03801,0.52832,0.09537,0.05549,0.00000
314.80000,125.96000,0.04315,0.50000,0.06537,0.05259,0.00000
314.90000,126.00000,0.04796,0.47057,0.03432,0.04970,-0.00000
315.00000,126.04000,0.05238,0.44022,0.00259,0.04687,-0.00000
315.10000,126.08000,0.05640,0.40910,-0.02943,0.04416,-0.00000
315.20000,126.12000,0.05998,0.37743,-0.06139,0.04160,0.00000
315.30000,126.16000,0.06312,0.34538,-0.09294,0.03921,0.00000
315.40000,126.20000,0.06579,0.31315,-0.12377,0.03697,-0.00000
315.50000,126.24000,0.06798,0.28094,-0.15359,0.03485,0.00000
315.60000,126.28000,0.06968,0.24895,-0.18219,0.03282,0.00000
315.70000,126.32000,0.07091,0.21736,-0.20936,0.03080,0.00000
315.80000,126.36000,0.07165,0.18636,-0.23497,0.02872,0.00000
315.90000,126.40000,0.07192,0.15614,-0.25892,0.02649,-0.00000
316.00000,126.44000,0.07173,0.12685,-0.28114,0.02402,0.00000
316.10000,126.48000,0.07110,0.09865,-0.30159,0.02122,0.00000
316.20000,126.52000,0.07006,0.07169,-0.32026,0.01801,-0.00000
316.30000,126.56000,0.06863,0.04610,-0.33714,0.01433,0.00000
316.40000,126.60000,0.06685,0.02199,-0.35222,0.01012,0.00000
316.50000,126.64000,0.06475,-0.00053,-0.36546,0.00536,0.00000
316.60000,126.68000,0.06238,-0.02138,-0.37684,0.00005,0.00000
316.70000,126.72000,0.05976,-0.04047,-0.38630,-0.00578,-0.00000
316.80000,126.76000,0.05695,-0.05776,-0.39375,-0.01208,0.00000
316.90000,126.80000,0.05399,-0.07319,-0.39907,-0.01875,0.00000
317.00000,126.84000,0.05093,-0.08672,-0.40215,-0.02568,0.00000
317.10000,126.88000,0.04782,-0.09834,-0.40283,-0.03276,0.00000
317.20000,126.92000,0.04470,-0.10803,-0.40096,-0.03984,-0.00000
317.30000,126.96000,0.04161,-0.11580,-0.39638,-0.04676,0.00000
317.40000,127.00000,0.03861,-0.12166,-0.38897,-0.05337,0.00000
317.50000,127.04000,0.03573,-0.12562,-0.37859,-0.05952,0.00000
317.60000,127.08000,0.03302,-0.12774,-0.36517,-0.06509,-0.00000
317.70000,127.12000,0.03050,-0.12804,-0.34866,-0.06995,0.00000
317.80000,127.16000,0.02822,-0.12660,-0.32906,-0.07402,0.00000
317.90000,127.20000,0.02619,-0.12347,-0.30644,-0.07725,0.00000
318.00000,127.24000,0.02445,-0.11874,-0.28091,-0.07962,0.00000
318.10000,127.28000,0.02301,-0.11248,-0.25264,-0.08114,0.00000
318.20000,127.32000,0.02187,-0.10479,-0.22186,-0.08187,0.00000
318.30000,127.36000,0.02105,-0.09578,-0.18884,-0.08190,0.00000
318.40000,127.40000,0.02055,-0.08556,-0.15388,-0.08136,0.00000
318.50000,127.44000,0.02035,-0.07423,-0.11735,-0.08037,0.00000
318.60000,127.48000,0.02046,-0.06191,-0.07962,-0.07912,0.00000
318.70000,127.52000,0.02085,-0.04872,-0.04106,-0.07776,-0.00000
318.80000,127.56000,0.02151,-0.03478,-0.00208,-0.07647,0.00000
318.90000,127.60000,0.02240,-0.02020,0.03694,-0.07540,0.00000
319.00000,127.64000,0.02350,-0.00510,0.07560,-0.07469,0.00000
319.10000,127.68000,0.02478,0.01042,0.11354,-0.07445,0.00000
319.20000,127.72000,0.02619,0.02626,0.15040,-0.07474,0.00000
319.30000,127.76000,0.02771,0.04233,0.18585,-0.07560,0.00000
319.40000,127.80000,0.02929,0.05855,0.21959,-0.07698,0.00000
319.50000,127.84000,0.03090,0.07484,0.25132,-0.07884,0.00000
319.60000,127.88000,0.03249,0.09114,0.28079,-0.08105,-0.00000
319.70000,127.92000,0.03402,0.10741,0.30775,-0.08345,0.00000
319.80000,127.96000,0.03545,0.12359,0.33199,-0.08587,0.00000
319.90000,128.00000,0.03675,0.13966,0.35333,-0.08808,0.00000
320.00000,128.04000,0.03789,0.15559,0.37160,-0.08987,0.00000
320.10000,128.08000,0.03882,0.17135,0.38667,-0.09101,0.00000
320.20000,128.12000,0.03951,0.18694,0.39843,-0.09130,0.00000
320.30000,128.16000,0.03995,0.20234,0.40683,-0.09055,0.00000
320.40000,128.20000,0.04010,0.21755,0.41184,-0.08862,-0.00000
320.50000,128.24000,0.03994,0.23255,0.41348,-0.08541,0.00000
320.60000,128.28000,0.03947,0.24736,0.41182,-0.08088,-0.00000
320.70000,128.32000,0.03867,0.26195,0.40698,-0.07502,0.00000
320.80000,128.36000,0.03752,0.27633,0.39913,-0.06792,0.00000
320.90000,128.40000,0.03603,0.29049,0.38847,-0.05968,0.00000
321.00000,128.44000,0.03420,0.30442,0.37529,-0.05046,0.00000
321.10000,128.48000,0.03203,0.31812,0.35986,-0.04046,-0.00000
321.20000,128.52000,0.02954,0.33158,0.34253,-0.02989,-0.00000
321.30000,128.56000,0.02673,0.34478,0.32364,-0.01897,-0.00000
321.40000,128.60000,0.02362,0.35773,0.30356,-0.00794,-0.00000
321.50000,128.64000,0.02023,0.37040,0.28265,0.00303,0.00000
321.60000,128.68000,0.01659,0.38281,0.26125,0.01375,0.00000
321.70000,128.72000,0.01273,0.39493,0.23969,0.02410,0.00000
321.80000,128.76000,0.00867,0.40676,0.21824,0.03400,0.00000
321.90000,128.80000,0.00445,0.41830,0.19713,0.04343,0.00000
322.00000,128.84000,0.00010,0.42953,0.17656,0.05241,0.00000
322.10000,128.88000,-0.00435,0.44047,0.15665,0.06101,0.00000
322.20000,128.92000,-0.00884,0.45110,0.13747,0.06934,0.00000
322.30000,128.96000,-0.01335,0.46142,0.11904,0.07753,0.00000
322.40000,129.00000,-0.01783,0.47141,0.10133,0.08573,0.00000
322.50000,129.04000,-0.02225,0.48108,0.08428,0.09409,0.00000
322.60000,129.08000,-0.02655,0.49040,0.06779,0.10275,0.00000
322.70000,129.12000,-0.03072,0.49936,0.05175,0.11179,-0.00000
322.80000,129.16000,-0.03469,0.50795,0.03603,0.12129,-0.00000
322.90000,129.20000,-0.03845,0.51614,0.02053,0.13124,0.00000
323.00000,129.24000,-0.04194,0.52389,0.00513,0.14159,-0.00000
323.10000,129.28000,-0.04515,0.53119,-0.01022,0.15222,0.00000
323.20000,129.32000,-0.04802,0.53799,-0.02558,0.16295,-0.00000
323.30000,129.36000,-0.05055,0.54426,-0.04096,0.17356,0.00000
323.40000,129.40000,-0.05270,0.54995,-0.05634,0.18377,0.00000
323.50000,129.44000,-0.05444,0.55504,-0.07167,0.19328,-0.00000
323.60000,129.48000,-0.05576,0.55947,-0.08687,0.20174,0.00000
323.70000,129.52000,-0.05665,0.56320,-0.10185,0.20884,-0.00000
323.80000,129.56000,-0.05709,0.56620,-0.11649,0.21426,0.00000
323.90000,129.60000,-0.05708,0.56844,-0.13067,0.21773,0.00000
324.00000,129.64000,-0.05660,0.56988,-0.14430,0.21899,-0.00000
324.10000,129.68000,-0.05567,0.57050,-0.15726,0.21786,0.00000
324.20000,129.72000,-0.05428,0.57028,-0.16948,0.21422,-0.00000
324.30000,129.76000,-0.05245,0.56921,-0.18090,0.20802,0.00000
324.40000,129.80000,-0.05018,0.56728,-0.19146,0.19928,0.00000
324.50000,129.84000,-0.04749,0.56451,-0.20116,0.18807,0.00000
324.60000,129.88000,-0.04440,0.56091,-0.20999,0.17454,0.00000
324.70000,129.92000,-0.04093,0.55649,-0.21796,0.15889,-0.00000
324.80000,129.96000,-0.03710,0.55129,-0.22508,0.14137,-0.00000
324.90000,130.00000,-0.03294,0.54535,-0.23137,0.12227,0.00000
325.00000,130.04000,-0.02848,0.53871,-0.23685,0.10188,0.00000
325.10000,130.08000,-0.02375,0.53142,-0.24151,0.08055,0.00000
325.20000,130.12000,-0.01878,0.52355,-0.24532,0.05858,0.00000
325.30000,130.16000,-0.01362,0.51516,-0.24824,0.03633,0.00000
325.40000,130.20000,-0.00829,0.50631,-0.25020,0.01411,0.00000
325.50000,130.24000,-0.00283,0.49708,-0.25111,-0.00777,0.00000
325.60000,130.28000,0.00271,0.48753,-0.25086,-0.02902,0.00000
325.70000,130.32000,0.00830,0.47774,-0.24932,-0.04936,-0.00000
325.80000,130.36000,0.01389,0.46776,-0.24637,-0.06854,0.00000
325.90000,130.40000,0.01945,0.45768,-0.24188,-0.08633,0.00000
326.00000,130.44000,0.02492,0.44755,-0.23575,-0.10252,0.00000
326.10000,130.48000,0.03028,0.43743,-0.22788,-0.11695,0.00000
326.20000,130.52000,0.03547,0.42736,-0.21821,-0.12947,0.00000
326.30000,130.56000,0.04046,0.41740,-0.20674,-0.13997,0.00000
326.40000,130.60000,0.04520,0.40757,-0.19349,-0.14839,0.00000
326.50000,130.64000,0.04966,0.39791,-0.17853,-0.15471,-0.00000
326.60000,130.68000,0.05380,0.38843,-0.16199,-0.15897,0.00000
326.70000,130.72000,0.05757,0.37915,-0.14404,-0.16124,0.00000
326.80000,130.76000,0.06096,0.37007,-0.12488,-0.16167,0.00000
326.90000,130.80000,0.06392,0.36120,-0.10477,-0.16045,0.00000
327.00000,130.84000,0.06643,0.35253,-0.08396,-0.15782,0.00000
327.10000,130.88000,0.06846,0.34403,-0.06275,-0.15406,0.00000
327.20000,130.92000,0.06998,0.33571,-0.04143,-0.14949,0.00000
327.30000,130.96000,0.07099,0.32754,-0.02028,-0.14445,0.00000
327.40000,131.00000,0.07146,0.31950,0.00043,-0.13926,0.00000
327.50000,131.04000,0.07138,0.31158,0.02043,-0.13427,0.00000
327.60000,131.08000,0.07074,0.30375,0.03951,-0.12976,0.00000
327.70000,131.12000,0.06953,0.29601,0.05746,-0.12596,-0.00000
327.80000,131.16000,0.06774,0.28834,0.07412,-0.12306,-0.00000
327.90000,131.20000,0.06538,0.28073,0.08936,-0.12114,0.00000
328.00000,131.24000,0.06244,0.27318,0.10307,-0.12021,0.00000
328.10000,131.28000,0.05892,0.26569,0.11518,-0.12018,0.00000
328.20000,131.32000,0.05482,0.25825,0.12562,-0.12087,0.00000
328.30000,131.36000,0.05015,0.25088,0.13436,-0.12201,-0.00000
328.40000,131.40000,0.04492,0.24358,0.14137,-0.12328,0.00000
328.50000,131.44000,0.03913,0.23636,0.14665,-0.12428,0.00000
328.60000,131.48000,0.03279,0.22924,0.15019,-0.12462,0.00000
328.70000,131.52000,0.02591,0.22223,0.15198,-0.12389,0.00000
328.80000,131.56000,0.01852,0.21535,0.15203,-0.12171,0.00000
328.90000,131.60000,0.01061,0.20861,0.15036,-0.11777,0.00000
329.00000,131.64000,0.00222,0.20203,0.14700,-0.11184,-0.00000
329.10000,131.68000,-0.00664,0.19562,0.14200,-0.10379,0.00000
329.20000,131.72000,-0.01594,0.18939,0.13540,-0.09361,0.00000
329.30000,131.76000,-0.02565,0.18337,0.12730,-0.08140,0.00000
329.40000,131.80000,-0.03572,0.17757,0.11780,-0.06742,-0.00000
329.50000,131.84000,-0.04613,0.17200,0.10704,-0.05202,-0.00000
329.60000,131.88000,-0.05683,0.16668,0.09519,-0.03565,0.00000
329.70000,131.92000,-0.06776,0.16163,0.08244,-0.01885,-0.00000
329.80000,131.96000,-0.07886,0.15686,0.06901,-0.00217,0.00000
329.90000,132.00000,-0.09009,0.15241,0.05514,0.01378,0.00000
330.00000,132.04000,-0.10136,0.14829,0.04110,0.02845,0.00000
330.10000,132.08000,-0.11260,0.14453,0.02714,0.04134,0.00000
330.20000,132.12000,-0.12374,0.14116,0.01355,0.05202,0.00000
330.30000,132.16000,-0.13470,0.13821,0.00057,0.06020,0.00000
330.40000,132.20000,-0.14540,0.13572,-0.01155,0.06570,-0.00000
330.50000,132.24000,-0.15573,0.13372,-0.02259,0.06850,0.00000
330.60000,132.28000,-0.16563,0.13223,-0.03235,0.06870,0.00000
330.70000,132.32000,-0.17499,0.13130,-0.04070,0.06656,0.00000
330.80000,132.36000,-0.18373,0.13094,-0.04751,0.06242,0.00000
330.90000,132.40000,-0.19176,0.13119,-0.05273,0.05675,0.00000
331.00000,132.44000,-0.19900,0.13205,-0.05633,0.05006,0.00000
331.10000,132.48000,-0.20537,0.13354,-0.05832,0.04288,-0.00000
331.20000,132.52000,-0.21078,0.13565,-0.05877,0.03576,0.00000
331.30000,132.56000,-0.21517,0.13839,-0.05777,0.02917,0.00000
331.40000,132.60000,-0.21847,0.14172,-0.05543,0.02355,0.00000
331.50000,132.64000,-0.22063,0.14562,-0.05190,0.01920,-0.00000
331.60000,132.68000,-0.22159,0.15006,-0.04733,0.01635,0.00000
331.70000,132.72000,-0.22130,0.15497,-0.04188,0.01507,0.00000
331.80000,132.76000,-0.21975,0.16029,-0.03573,0.01534,0.00000
331.90000,132.80000,-0.21691,0.16595,-0.02903,0.01701,0.00000
332.00000,132.84000,-0.21277,0.17188,-0.02193,0.01985,-0.00000
332.10000,132.88000,-0.20731,0.17799,-0.01458,0.02355,0.00000
332.20000,132.92000,-0.20057,0.18417,-0.00710,0.02774,0.00000
332.30000,132.96000,-0.19254,0.19035,0.00040,0.03208,-0.00000
332.40000,133.00000,-0.18326,0.19642,0.00782,0.03619,0.00000
332.50000,133.04000,-0.17278,0.20229,0.01510,0.03978,-0.00000
332.60000,133.08000,-0.16114,0.20787,0.02217,0.04261,0.00000
332.70000,133.12000,-0.14839,0.21307,0.02900,0.04450,0.00000
332.80000,133.16000,-0.13461,0.21783,0.03555,0.04540,0.00000
332.90000,133.20000,-0.11987,0.22207,0.04181,0.04532,0.00000
333.00000,133.24000,-0.10425,0.22575,0.04778,0.04437,0.00000
333.10000,133.28000,-0.08784,0.22882,0.05346,0.04272,0.00000
333.20000,133.32000,-0.07072,0.23126,0.05886,0.04062,-0.00000
333.30000,133.36000,-0.05300,0.23307,0.06400,0.03831,0.00000
333.40000,133.40000,-0.03477,0.23426,0.06889,0.03606,0.00000
333.50000,133.44000,-0.01614,0.23484,0.07357,0.03410,-0.00000
333.60000,133.48000,0.00279,0.23487,0.07804,0.03263,0.00000
333.70000,133.52000,0.02193,0.23440,0.08230,0.03177,-0.00000
333.80000,133.56000,0.04116,0.23350,0.08637,0.03158,0.00000
333.90000,133.60000,0.06039,0.23226,0.09023,0.03202,0.00000
334.00000,133.64000,0.07951,0.23077,0.09386,0.03298,0.00000
334.10000,133.68000,0.09842,0.22913,0.09721,0.03426,0.00000
334.20000,133.72000,0.11704,0.22746,0.10024,0.03563,0.00000
334.30000,133.76000,0.13528,0.22587,0.10286,0.03680,0.00000
334.40000,133.80000,0.15303,0.22447,0.10501,0.03749,0.00000
334.50000,133.84000,0.17022,0.22338,0.10658,0.03742,0.00000
334.60000,133.88000,0.18676,0.22270,0.10746,0.03636,0.00000
334.70000,133.92000,0.20259,0.22253,0.10755,0.03415,0.00000
334.80000,133.96000,0.21763,0.22297,0.10674,0.03073,-0.00000
334.90000,134.00000,0.23181,0.22410,0.10494,0.02611,0.00000
335.00000,134.04000,0.24507,0.22599,0.10207,0.02043,0.00000
335.10000,134.08000,0.25736,0.22870,0.09807,0.01393,0.00000
335.20000,134.12000,0.26862,0.23226,0.09290,0.00694,0.00000
335.30000,134.16000,0.27882,0.23670,0.08658,-0.00013,0.00000
335.40000,134.20000,0.28791,0.24205,0.07915,-0.00680,0.00000
335.50000,134.24000,0.29586,0.24829,0.07067,-0.01260,0.00000
335.60000,134.28000,0.30264,0.25541,0.06126,-0.01704,0.00000
335.70000,134.32000,0.30824,0.26339,0.05107,-0.01966,0.00000
335.80000,134.36000,0.31263,0.27217,0.04027,-0.02008,0.00000
335.90000,134.40000,0.31582,0.28172,0.02904,-0.01802,0.00000
336.00000,134.44000,0.31779,0.29197,0.01760,-0.01329,0.00000
336.10000,134.48000,0.31855,0.30286,0.00614,-0.00584,0.00000
336.20000,134.52000,0.31812,0.31430,-0.00514,0.00424,0.00000
336.30000,134.56000,0.31650,0.32621,-0.01606,0.01674,-0.00000
336.40000,134.60000,0.31371,0.33850,-0.02649,0.03131,0.00000
336.50000,134.64000,0.30979,0.35110,-0.03631,0.04753,0.00000
336.60000,134.68000,0.30475,0.36389,-0.04545,0.06484,0.00000
336.70000,134.72000,0.29864,0.37679,-0.05388,0.08268,0.00000
336.80000,134.76000,0.29149,0.38970,-0.06162,0.10042,-0.00000
336.90000,134.80000,0.28333,0.40253,-0.06871,0.11745,0.00000
337.00000,134.84000,0.27421,0.41517,-0.07525,0.13317,0.00000
337.10000,134.88000,0.26418,0.42753,-0.08134,0.14704,0.00000
337.20000,134.92000,0.25326,0.43952,-0.08710,0.15862,0.00000
337.30000,134.96000,0.24153,0.45104,-0.09264,0.16752,0.00000
337.40000,135.00000,0.22901,0.46200,-0.09809,0.17347,-0.00000
337.50000,135.04000,0.21576,0.47233,-0.10352,0.17630,0.00000
337.60000,135.08000,0.20182,0.48194,-0.10899,0.17595,0.00000
337.70000,135.12000,0.18726,0.49075,-0.11453,0.17244,-0.00000
337.80000,135.16000,0.17211,0.49870,-0.12012,0.16589,-0.00000
337.90000,135.20000,0.15644,0.50572,-0.12568,0.15649,0.00000
338.00000,135.24000,0.14029,0.51176,-0.13112,0.14448,0.00000
338.10000,135.28000,0.12371,0.51676,-0.13630,0.13014,0.00000
338.20000,135.32000,0.10678,0.52069,-0.14106,0.11378,0.00000
338.30000,135.36000,0.08953,0.52352,-0.14522,0.09572,-0.00000
338.40000,135.40000,0.07203,0.52522,-0.14860,0.07628,0.00000
338.50000,135.44000,0.05434,0.52577,-0.15103,0.05579,-0.00000
338.60000,135.48000,0.03653,0.52518,-0.15235,0.03453,0.00000
338.70000,135.52000,0.01865,0.52343,-0.15247,0.01280,0.00000
338.80000,135.56000,0.00078,0.52055,-0.15130,-0.00914,0.00000
338.90000,135.60000,-0.01703,0.51655,-0.14883,-0.03104,0.00000
339.00000,135.64000,-0.03471,0.51145,-0.14506,-0.05266,0.00000
339.10000,135.68000,-0.05218,0.50528,-0.14008,-0.07379,0.00000
339.20000,135.72000,-0.06939,0.49807,-0.13400,-0.09421,-0.00000
339.30000,135.76000,-0.08626,0.48988,-0.12697,-0.11372,0.00000
339.40000,135.80000,-0.10274,0.48075,-0.11917,-0.13211,0.00000
339.50000,135.84000,-0.11876,0.47073,-0.11078,-0.14922,0.00000
339.60000,135.88000,-0.13426,0.45989,-0.10200,-0.16485,0.00000
339.70000,135.92000,-0.14918,0.44829,-0.09299,-0.17885,0.00000
339.80000,135.96000,-0.16348,0.43600,-0.08390,-0.19108,-0.00000
339.90000,136.00000,-0.17710,0.42310,-0.07485,-0.20141,-0.00000
340.00000,136.04000,-0.18999,0.40967,-0.06590,-0.20974,0.00000
340.10000,136.08000,-0.20213,0.39580,-0.05708,-0.21602,-0.00000
340.20000,136.12000,-0.21348,0.38158,-0.04838,-0.22020,0.00000
340.30000,136.16000,-0.22400,0.36711,-0.03972,-0.22229,0.00000
340.40000,136.20000,-0.23367,0.35249,-0.03102,-0.22231,-0.00000
340.50000,136.24000,-0.24249,0.33781,-0.02216,-0.22033,-0.00000
340.60000,136.28000,-0.25042,0.32320,-0.01299,-0.21644,0.00000
340.70000,136.32000,-0.25747,0.30875,-0.00341,-0.21075,0.00000
340.80000,136.36000,-0.26363,0.29457,0.00671,-0.20340,0.00000
340.90000,136.40000,-0.26890,0.28075,0.01746,-0.19452,0.00000
341.00000,136.44000,-0.27327,0.26741,0.02887,-0.18427,0.00000
341.10000,136.48000,-0.27677,0.25463,0.04094,-0.17281,0.00000
341.20000,136.52000,-0.27939,0.24249,0.05362,-0.16030,-0.00000
341.30000,136.56000,-0.28115,0.23109,0.06679,-0.14687,0.00000
341.40000,136.60000,-0.28205,0.22047,0.08031,-0.13270,0.00000
341.50000,136.64000,-0.28212,0.21071,0.09396,-0.11791,0.00000
341.60000,136.68000,-0.28136,0.20185,0.10750,-0.10265,-0.00000
341.70000,136.72000,-0.27979,0.19392,0.12067,-0.08707,0.00000
341.80000,136.76000,-0.27742,0.18695,0.13320,-0.07132,0.00000
341.90000,136.80000,-0.27428,0.18095,0.14481,-0.05553,0.00000
342.00000,136.84000,-0.27037,0.17593,0.15525,-0.03987,0.00000
342.10000,136.88000,-0.26572,0.17188,0.16431,-0.02449,0.00000
342.20000,136.92000,-0.26034,0.16878,0.17180,-0.00957,-0.00000
342.30000,136.96000,-0.25425,0.16662,0.17760,0.00473,-0.00000
342.40000,137.00000,-0.24747,0.16536,0.18162,0.01824,0.00000
342.50000,137.04000,-0.24002,0.16497,0.18386,0.03080,-0.00000
342.60000,137.08000,-0.23192,0.16542,0.18435,0.04225,0.00000
342.70000,137.12000,-0.22319,0.16666,0.18316,0.05247,0.00000
342.80000,137.16000,-0.21387,0.16865,0.18043,0.06134,-0.00000
342.90000,137.20000,-0.20397,0.17135,0.17632,0.06881,0.00000
343.00000,137.24000,-0.19352,0.17471,0.17100,0.07483,0.00000
343.10000,137.28000,-0.18256,0.17869,0.16466,0.07942,0.00000
343.20000,137.32000,-0.17113,0.18324,0.15749,0.08261,0.00000
343.30000,137.36000,-0.15925,0.18831,0.14967,0.08451,-0.00000
343.40000,137.40000,-0.14697,0.19386,0.14135,0.08525,0.00000
343.50000,137.44000,-0.13433,0.19983,0.13268,0.08497,-0.00000
343.60000,137.48000,-0.12138,0.20618,0.12375,0.08387,-0.00000
343.70000,137.52000,-0.10816,0.21285,0.11464,0.08214,0.00000
343.80000,137.56000,-0.09474,0.21979,0.10541,0.07999,-0.00000
343.90000,137.60000,-0.08116,0.22694,0.09607,0.07759,0.00000
344.00000,137.64000,-0.06749,0.23425,0.08663,0.07513,-0.00000
344.10000,137.68000,-0.05378,0.24165,0.07707,0.07274,0.00000
344.20000,137.72000,-0.04010,0.24910,0.06737,0.07053,0.00000
344.30000,137.76000,-0.02651,0.25653,0.05750,0.06858,-0.00000
344.40000,137.80000,-0.01308,0.26390,0.04742,0.06691,0.00000
344.50000,137.84000,0.00013,0.27114,0.03712,0.06552,0.00000
344.60000,137.88000,0.01305,0.27820,0.02657,0.06436,0.00000
344.70000,137.92000,0.02561,0.28504,0.01576,0.06335,0.00000
344.80000,137.96000,0.03776,0.29162,0.00469,0.06240,0.00000
344.90000,138.00000,0.04944,0.29789,-0.00663,0.06141,0.00000
345.00000,138.04000,0.06058,0.30382,-0.01820,0.06026,0.00000
345.10000,138.08000,0.07115,0.30938,-0.02999,0.05885,0.00000
345.20000,138.12000,0.08110,0.31455,-0.04197,0.05710,0.00000
345.30000,138.16000,0.09039,0.31931,-0.05412,0.05493,-0.00000
345.40000,138.20000,0.09898,0.32364,-0.06640,0.05232,0.00000
345.50000,138.24000,0.10687,0.32754,-0.07876,0.04924,0.00000
345.60000,138.28000,0.11403,0.33100,-0.09116,0.04570,0.00000
345.70000,138.32000,0.12046,0.33401,-0.10354,0.04173,0.00000
345.80000,138.36000,0.12616,0.33658,-0.11583,0.03739,-0.00000
345.90000,138.40000,0.13114,0.33871,-0.12795,0.03274,0.00000
346.00000,138.44000,0.13542,0.34040,-0.13980,0.02784,0.00000
346.10000,138.48000,0.13902,0.34165,-0.15125,0.02276,0.00000
346.20000,138.52000,0.14198,0.34248,-0.16217,0.01756,-0.00000
346.30000,138.56000,0.14434,0.34290,-0.17238,0.01230,0.00000
346.40000,138.60000,0.14613,0.34290,-0.18172,0.00702,0.00000
346.50000,138.64000,0.14740,0.34251,-0.18999,0.00174,-0.00000
346.60000,138.68000,0.14820,0.34173,-0.19697,-0.00350,0.00000
346.70000,138.72000,0.14858,0.34058,-0.20247,-0.00869,0.00000
346.80000,138.76000,0.14860,0.33908,-0.20628,-0.01379,0.00000
346.90000,138.80000,0.14829,0.33724,-0.20822,-0.01878,0.00000
347.00000,138.84000,0.14772,0.33509,-0.20814,-0.02361,0.00000
347.10000,138.88000,0.14693,0.33265,-0.20591,-0.02820,0.00000
347.20000,138.92000,0.14597,0.32995,-0.20147,-0.03246,0.00000
347.30000,138.96000,0.14488,0.32701,-0.19480,-0.03628,0.00000
347.40000,139.00000,0.14369,0.32388,-0.18591,-0.03951,-0.00000
347.50000,139.04000,0.14246,0.32059,-0.17492,-0.04199,0.00000
347.60000,139.08000,0.14120,0.31716,-0.16198,-0.04356,0.00000
347.70000,139.12000,0.13995,0.31365,-0.14728,-0.04404,-0.00000
347.80000,139.16000,0.13874,0.31008,-0.13109,-0.04327,0.00000
347.90000,139.20000,0.13759,0.30650,-0.11370,-0.04112,0.00000
348.00000,139.24000,0.13650,0.30293,-0.09544,-0.03748,0.00000
348.10000,139.28000,0.13551,0.29941,-0.07663,-0.03231,-0.00000
348.20000,139.32000,0.13461,0.29598,-0.05762,-0.02563,0.00000
348.30000,139.36000,0.13381,0.29266,-0.03874,-0.01751,0.00000
348.40000,139.40000,0.13311,0.28948,-0.02028,-0.00811,0.00000
348.50000,139.44000,0.13251,0.28647,-0.00251,0.00235,0.00000
348.60000,139.48000,0.13199,0.28364,0.01435,0.01358,0.00000
348.70000,139.52000,0.13154,0.28101,0.03012,0.02524,-0.00000
348.80000,139.56000,0.13114,0.27859,0.04469,0.03694,0.00000
348.90000,139.60000,0.13077,0.27641,0.05798,0.04827,-0.00000
349.00000,139.64000,0.13040,0.27445,0.06999,0.05883,0.00000
349.10000,139.68000,0.12999,0.27274,0.08073,0.06821,0.00000
349.20000,139.72000,0.12952,0.27127,0.09027,0.07606,-0.00000
349.30000,139.76000,0.12893,0.27005,0.09870,0.08209,0.00000
349.40000,139.80000,0.12818,0.26908,0.10613,0.08606,0.00000
349.50000,139.84000,0.12723,0.26835,0.11268,0.08783,0.00000
349.60000,139.88000,0.12603,0.26786,0.11845,0.08735,-0.00000
349.70000,139.92000,0.12454,0.26761,0.12356,0.08465,0.00000
349.80000,139.96000,0.12271,0.26758,0.12808,0.07987,0.00000
349.90000,140.00000,0.12048,0.26777,0.13209,0.07321,-0.00000
350.00000,140.04000,0.11783,0.26817,0.13561,0.06495,0.00000
350.10000,140.08000,0.11470,0.26875,0.13867,0.05540,0.00000
350.20000,140.12000,0.11107,0.26950,0.14126,0.04492,0.00000
350.30000,140.16000,0.10691,0.27040,0.14333,0.03387,0.00000
350.40000,140.20000,0.10220,0.27143,0.14485,0.02262,0.00000
350.50000,140.24000,0.09692,0.27257,0.14575,0.01149,-0.00000
350.60000,140.28000,0.09105,0.27377,0.14597,0.00077,0.00000
350.70000,140.32000,0.08461,0.27502,0.14544,-0.00930,0.00000
350.80000,140.36000,0.07760,0.27628,0.14410,-0.01852,0.00000
350.90000,140.40000,0.07003,0.27752,0.14189,-0.02678,0.00000
351.00000,140.44000,0.06192,0.27871,0.13879,-0.03399,-0.00000
351.10000,140.48000,0.05331,0.27981,0.13478,-0.04012,-0.00000
351.20000,140.52000,0.04423,0.28080,0.12984,-0.04519,0.00000
351.30000,140.56000,0.03472,0.28163,0.12400,-0.04922,-0.00000
351.40000,140.60000,0.02483,0.28230,0.11729,-0.05227,0.00000
351.50000,140.64000,0.01462,0.28277,0.10976,-0.05439,0.00000
351.60000,140.68000,0.00415,0.28302,0.10148,-0.05561,0.00000
351.70000,140.72000,-0.00652,0.28304,0.09252,-0.05595,-0.00000
351.80000,140.76000,-0.01734,0.28282,0.08298,-0.05543,0.00000
351.90000,140.80000,-0.02822,0.28236,0.07295,-0.05401,0.00000
352.00000,140.84000,-0.03910,0.28165,0.06255,-0.05165,0.00000
352.10000,140.88000,-0.04991,0.28071,0.05190,-0.04832,0.00000
352.20000,140.92000,-0.06058,0.27954,0.04112,-0.04396,-0.00000
352.30000,140.96000,-0.07103,0.27816,0.03033,-0.03852,0.00000
352.40000,141.00000,-0.08121,0.27661,0.01968,-0.03199,-0.00000
352.50000,141.04000,-0.09104,0.27490,0.00929,-0.02438,-0.00000
352.60000,141.08000,-0.10046,0.27306,-0.00069,-0.01575,0.00000
352.70000,141.12000,-0.10941,0.27115,-0.01013,-0.00622,-0.00000
352.80000,141.16000,-0.11782,0.26920,-0.01890,0.00405,0.00000
352.90000,141.20000,-0.12566,0.26726,-0.02688,0.01483,-0.00000
353.00000,141.24000,-0.13287,0.26536,-0.03396,0.02584,0.00000
353.10000,141.28000,-0.13941,0.26357,-0.04004,0.03675,-0.00000
353.20000,141.32000,-0.14525,0.26194,-0.04507,0.04720,-0.00000
353.30000,141.36000,-0.15035,0.26050,-0.04899,0.05682,0.00000
353.40000,141.40000,-0.15470,0.25932,-0.05179,0.06522,-0.00000
353.50000,141.44000,-0.15828,0.25844,-0.05349,0.07205,-0.00000
353.60000,141.48000,-0.16107,0.25791,-0.05414,0.07700,0.00000
353.70000,141.52000,-0.16309,0.25777,-0.05384,0.07980,-0.00000
353.80000,141.56000,-0.16432,0.25807,-0.05270,0.08026,0.00000
353.90000,141.60000,-0.16480,0.25884,-0.05086,0.07826,0.00000
354.00000,141.64000,-0.16452,0.26010,-0.04852,0.07379,0.00000
354.10000,141.68000,-0.16352,0.26190,-0.04584,0.06691,-0.00000
354.20000,141.72000,-0.16183,0.26423,-0.04304,0.05778,0.00000
354.30000,141.76000,-0.15948,0.26712,-0.04031,0.04664,-0.00000
354.40000,141.80000,-0.15652,0.27057,-0.03784,0.03378,0.00000
354.50000,141.84000,-0.15298,0.27458,-0.03581,0.01956,0.00000
354.60000,141.88000,-0.14891,0.27913,-0.03434,0.00438,0.00000
354.70000,141.92000,-0.14436,0.28420,-0.03357,-0.01136,0.00000
354.80000,141.96000,-0.13939,0.28977,-0.03355,-0.02726,-0.00000
354.90000,142.00000,-0.13405,0.29580,-0.03431,-0.04293,-0.00000
355.00000,142.04000,-0.12840,0.30225,-0.03585,-0.05802,-0.00000
355.10000,142.08000,-0.12248,0.30906,-0.03811,-0.07221,0.00000
355.20000,142.12000,-0.11635,0.31618,-0.04100,-0.08526,0.00000
355.30000,142.16000,-0.11007,0.32355,-0.04440,-0.09697,0.00000
355.40000,142.20000,-0.10368,0.33110,-0.04815,-0.10722,0.00000
355.50000,142.24000,-0.09724,0.33875,-0.05211,-0.11593,0.00000
355.60000,142.28000,-0.09079,0.34643,-0.05611,-0.12307,0.00000
355.70000,142.32000,-0.08437,0.35407,-0.05999,-0.12868,0.00000
355.80000,142.36000,-0.07802,0.36157,-0.06360,-0.13281,-0.00000
355.90000,142.40000,-0.07178,0.36888,-0.06683,-0.13555,0.00000
356.00000,142.44000,-0.06567,0.37591,-0.06957,-0.13700,0.00000
356.10000,142.48000,-0.05972,0.38260,-0.07177,-0.13727,0.00000
356.20000,142.52000,-0.05395,0.38887,-0.07338,-0.13646,0.00000
356.30000,142.56000,-0.04838,0.39467,-0.07440,-0.13467,0.00000
356.40000,142.60000,-0.04301,0.39995,-0.07488,-0.13198,0.00000
356.50000,142.64000,-0.03787,0.40467,-0.07484,-0.12846,0.00000
356.60000,142.68000,-0.03294,0.40879,-0.07437,-0.12417,0.00000
356.70000,142.72000,-0.02823,0.41229,-0.07354,-0.11913,-0.00000
356.80000,142.76000,-0.02375,0.41516,-0.07242,-0.11338,0.00000
356.90000,142.80000,-0.01948,0.41741,-0.07111,-0.10691,0.00000
357.00000,142.84000,-0.01542,0.41904,-0.06964,-0.09974,-0.00000
357.10000,142.88000,-0.01156,0.42009,-0.06808,-0.09187,-0.00000
357.20000,142.92000,-0.00790,0.42058,-0.06644,-0.08329,0.00000
357.30000,142.96000,-0.00442,0.42058,-0.06471,-0.07400,0.00000
357.40000,143.00000,-0.00111,0.42012,-0.06288,-0.06400,0.00000
357.50000,143.04000,0.00202,0.41928,-0.06089,-0.05332,-0.00000
357.60000,143.08000,0.00501,0.41812,-0.05867,-0.04195,0.00000
357.70000,143.12000,0.00784,0.41672,-0.05616,-0.02994,-0.00000
357.80000,143.16000,0.01055,0.41516,-0.05325,-0.01731,0.00000
357.90000,143.20000,0.01313,0.41350,-0.04987,-0.00411,0.00000
358.00000,143.24000,0.01560,0.41183,-0.04593,0.00960,0.00000
358.10000,143.28000,0.01797,0.41021,-0.04139,0.02375,0.00000
358.20000,143.32000,0.02026,0.40870,-0.03619,0.03825,0.00000
358.30000,143.36000,0.02248,0.40736,-0.03032,0.05301,0.00000
358.40000,143.40000,0.02466,0.40623,-0.02379,0.06789,0.00000
358.50000,143.44000,0.02679,0.40533,-0.01663,0.08274,0.00000
358.60000,143.48000,0.02892,0.40468,-0.00892,0.09740,0.00000
358.70000,143.52000,0.03105,0.40428,-0.00074,0.11167,0.00000
358.80000,143.56000,0.03321,0.40412,0.00779,0.12533,-0.00000
358.90000,143.60000,0.03542,0.40416,0.01656,0.13815,0.00000
359.00000,143.64000,0.03770,0.40436,0.02544,0.14989,-0.00000
359.10000,143.68000,0.04007,0.40466,0.03429,0.16028,0.00000
359.20000,143.72000,0.04255,0.40498,0.04300,0.16907,0.00000
359.30000,143.76000,0.04515,0.40524,0.05144,0.17602,-0.00000
359.40000,143.80000,0.04788,0.40534,0.05954,0.18090,0.00000
359.50000,143.84000,0.05076,0.40517,0.06722,0.18353,0.00000
359.60000,143.88000,0.05378,0.40463,0.07444,0.18377,0.00000
359.70000,143.92000,0.05695,0.40359,0.08117,0.18153,0.00000
359.80000,143.96000,0.06026,0.40195,0.08741,0.17679,0.00000
359.90000,144.00000,0.06369,0.39960,0.09317,0.16961,0.00000
360.00000,144.04000,0.06723,0.39641,0.09850,0.16009,0.00000
360.10000,144.08000,0.07085,0.39230,0.10342,0.14844,0.00000
360.20000,144.12000,0.07453,0.38716,0.10797,0.13492,-0.00000
360.30000,144.16000,0.07823,0.38093,0.11219,0.11986,-0.00000
360.40000,144.20000,0.08193,0.37352,0.11609,0.10363,0.00000
360.50000,144.24000,0.08557,0.36490,0.11967,0.08665,0.00000
360.60000,144.28000,0.08912,0.35503,0.12291,0.06935,0.00000
360.70000,144.32000,0.09255,0.34389,0.12576,0.05215,0.00000
360.80000,144.36000,0.09580,0.33148,0.12812,0.03549,0.00000
360.90000,144.40000,0.09883,0.31784,0.12991,0.01973,0.00000
361.00000,144.44000,0.10162,0.30299,0.13097,0.00522,0.00000
361.10000,144.48000,0.10411,0.28699,0.13117,-0.00777,0.00000
361.20000,144.52000,0.10628,0.26993,0.13033,-0.01905,0.00000
361.30000,144.56000,0.10810,0.25190,0.12827,-0.02849,0.00000
361.40000,144.60000,0.10953,0.23301,0.12484,-0.03606,-0.00000
361.50000,144.64000,0.11056,0.21338,0.11988,-0.04179,0.00000
361.60000,144.68000,0.11117,0.19315,0.11324,-0.04578,0.00000
361.70000,144.72000,0.11134,0.17247,0.10484,-0.04823,0.00000
361.80000,144.76000,0.11106,0.15150,0.09460,-0.04933,-0.00000
361.90000,144.80000,0.11033,0.13039,0.08250,-0.04936,-0.00000
362.00000,144.84000,0.10915,0.10933,0.06859,-0.04858,0.00000
362.10000,144.88000,0.10752,0.08847,0.05295,-0.04728,-0.00000
362.20000,144.92000,0.10544,0.06799,0.03571,-0.04572,-0.00000
362.30000,144.96000,0.10292,0.04806,0.01706,-0.04414,0.00000
362.40000,145.00000,0.09998,0.02886,-0.00276,-0.04276,0.00000
362.50000,145.04000,0.09663,0.01053,-0.02348,-0.04173,-0.00000
362.60000,145.08000,0.09288,-0.00676,-0.04481,-0.04119,0.00000
362.70000,145.12000,0.08876,-0.02287,-0.06641,-0.04120,0.00000
362.80000,145.16000,0.08428,-0.03766,-0.08795,-0.04179,0.00000
362.90000,145.20000,0.07947,-0.05100,-0.10911,-0.04293,0.00000
363.00000,145.24000,0.07435,-0.06277,-0.12955,-0.04458,0.00000
363.10000,145.28000,0.06896,-0.07287,-0.14899,-0.04666,0.00000
363.20000,145.32000,0.06331,-0.08122,-0.16713,-0.04905,0.00000
363.30000,145.36000,0.05743,-0.08773,-0.18375,-0.05165,-0.00000
363.40000,145.40000,0.05135,-0.09234,-0.19864,-0.05434,0.00000
363.50000,145.44000,0.04510,-0.09500,-0.21164,-0.05701,0.00000
363.60000,145.48000,0.03871,-0.09568,-0.22263,-0.05956,0.00000
363.70000,145.52000,0.03220,-0.09434,-0.23154,-0.06191,0.00000
363.80000,145.56000,0.02560,-0.09099,-0.23830,-0.06398,0.00000
363.90000,145.60000,0.01894,-0.08561,-0.24291,-0.06573,0.00000
364.00000,145.64000,0.01225,-0.07822,-0.24537,-0.06711,0.00000
364.10000,145.68000,0.00554,-0.06885,-0.24569,-0.06811,0.00000
364.20000,145.72000,-0.00115,-0.05753,-0.24390,-0.06872,0.00000
364.30000,145.76000,-0.00780,-0.04429,-0.24004,-0.06893,0.00000
364.40000,145.80000,-0.01438,-0.02920,-0.23412,-0.06876,0.00000
364.50000,145.84000,-0.02088,-0.01231,-0.22619,-0.06820,-0.00000
364.60000,145.88000,-0.02727,0.00632,-0.21625,-0.06725,0.00000
364.70000,145.92000,-0.03352,0.02660,-0.20431,-0.06594,0.00000
364.80000,145.96000,-0.03961,0.04846,-0.19039,-0.06426,0.00000
364.90000,146.00000,-0.04552,0.07180,-0.17451,-0.06220,0.00000
365.00000,146.04000,-0.05123,0.09653,-0.15666,-0.05979,0.00000
365.10000,146.08000,-0.05670,0.12255,-0.13689,-0.05701,0.00000
365.20000,146.12000,-0.06191,0.14974,-0.11526,-0.05387,-0.00000
365.30000,146.16000,-0.06683,0.17798,-0.09183,-0.05040,0.00000
365.40000,146.20000,-0.07145,0.20715,-0.06673,-0.04662,0.00000
365.50000,146.24000,-0.07572,0.23711,-0.04011,-0.04255,-0.00000
365.60000,146.28000,-0.07964,0.26771,-0.01216,-0.03825,0.00000
365.70000,146.32000,-0.08317,0.29881,0.01687,-0.03376,0.00000
365.80000,146.36000,-0.08629,0.33023,0.04671,-0.02914,-0.00000
365.90000,146.40000,-0.08898,0.36183,0.07704,-0.02447,0.00000
366.00000,146.44000,-0.09122,0.39342,0.10752,-0.01981,0.00000
366.10000,146.48000,-0.09300,0.42482,0.13777,-0.01522,0.00000
366.20000,146.52000,-0.09429,0.45586,0.16743,-0.01079,0.00000
366.30000,146.56000,-0.09511,0.48635,0.19611,-0.00654,0.00000
366.40000,146.60000,-0.09543,0.51610,0.22345,-0.00254,0.00000
366.50000,146.64000,-0.09526,0.54494,0.24911,0.00120,0.00000
366.60000,146.68000,-0.09461,0.57268,0.27279,0.00466,0.00000
366.70000,146.72000,-0.09348,0.59915,0.29423,0.00787,-0.00000
366.80000,146.76000,-0.09189,0.62420,0.31321,0.01085,0.00000
366.90000,146.80000,-0.08985,0.64766,0.32960,0.01364,0.00000
367.00000,146.84000,-0.08740,0.66941,0.34327,0.01631,0.00000
367.10000,146.88000,-0.08456,0.68931,0.35420,0.01893,0.00000
367.20000,146.92000,-0.08137,0.70725,0.36237,0.02159,0.00000
367.30000,146.96000,-0.07785,0.72314,0.36785,0.02435,0.00000
367.40000,147.00000,-0.07405,0.73691,0.37070,0.02729,0.00000
367.50000,147.04000,-0.07001,0.74851,0.37103,0.03049,0.00000
367.60000,147.08000,-0.06577,0.75788,0.36894,0.03398,0.00000
367.70000,147.12000,-0.06139,0.76502,0.36456,0.03780,0.00000
367.80000,147.16000,-0.05690,0.76992,0.35798,0.04195,-0.00000
367.90000,147.20000,-0.05236,0.77259,0.34930,0.04641,0.00000
368.00000,147.24000,-0.04781,0.77307,0.33859,0.05114,0.00000
368.10000,147.28000,-0.04331,0.77139,0.32590,0.05606,0.00000
368.20000,147.32000,-0.03888,0.76761,0.31124,0.06109,0.00000
368.30000,147.36000,-0.03459,0.76181,0.29462,0.06612,0.00000
368.40000,147.40000,-0.03047,0.75406,0.27604,0.07100,0.00000
368.50000,147.44000,-0.02656,0.74444,0.25546,0.07562,-0.00000
368.60000,147.48000,-0.02289,0.73307,0.23288,0.07983,0.00000
368.70000,147.52000,-0.01949,0.72003,0.20829,0.08350,-0.00000
368.80000,147.56000,-0.01640,0.70545,0.18170,0.08651,0.00000
368.90000,147.60000,-0.01364,0.68944,0.15316,0.08875,0.00000
369.00000,147.64000,-0.01121,0.67211,0.12276,0.09014,-0.00000
369.10000,147.68000,-0.00914,0.65361,0.09062,0.09065,0.00000
369.20000,147.72000,-0.00743,0.63406,0.05693,0.09024,0.00000
369.30000,147.76000,-0.00608,0.61359,0.02191,0.08894,0.00000
369.40000,147.80000,-0.00508,0.59235,-0.01418,0.08679,0.00000
369.50000,147.84000,-0.00442,0.57046,-0.05100,0.08388,0.00000
369.60000,147.88000,-0.00410,0.54807,-0.08821,0.08033,-0.00000
369.70000,147.92000,-0.00407,0.52531,-0.12543,0.07628,-0.00000
369.80000,147.96000,-0.00433,0.50233,-0.16227,0.07187,-0.00000
369.90000,148.00000,-0.00484,0.47925,-0.19832,0.06728,-0.00000
370.00000,148.04000,-0.00556,0.45619,-0.23317,0.06268,0.00000
370.10000,148.08000,-0.00646,0.43329,-0.26645,0.05822,0.00000
370.20000,148.12000,-0.00749,0.41066,-0.29779,0.05406,-0.00000
370.30000,148.16000,-0.00863,0.38839,-0.32685,0.05030,-0.00000
370.40000,148.20000,-0.00981,0.36657,-0.35334,0.04703,0.00000
370.50000,148.24000,-0.01102,0.34531,-0.37700,0.04430,0.00000
370.60000,148.28000,-0.01219,0.32465,-0.39761,0.04211,0.00000
370.70000,148.32000,-0.01328,0.30465,-0.41499,0.04042,0.00000
370.80000,148.36000,-0.01427,0.28537,-0.42902,0.03914,0.00000
370.90000,148.40000,-0.01511,0.26684,-0.43959,0.03816,-0.00000
371.00000,148.44000,-0.01577,0.24906,-0.44664,0.03732,0.00000
371.10000,148.48000,-0.01622,0.23207,-0.45016,0.03643,0.00000
371.20000,148.52000,-0.01642,0.21585,-0.45016,0.03529,0.00000
371.30000,148.56000,-0.01637,0.20039,-0.44667,0.03370,0.00000
371.40000,148.60000,-0.01603,0.18570,-0.43977,0.03147,0.00000
371.50000,148.64000,-0.01540,0.17174,-0.42956,0.02843,0.00000
371.60000,148.68000,-0.01446,0.15850,-0.41618,0.02443,0.00000
371.70000,148.72000,-0.01321,0.14596,-0.39979,0.01936,-0.00000
371.80000,148.76000,-0.01164,0.13409,-0.38059,0.01318,0.00000
371.90000,148.80000,-0.00978,0.12287,-0.35882,0.00589,0.00000
372.00000,148.84000,-0.00761,0.11228,-0.33474,-0.00246,0.00000
372.10000,148.88000,-0.00516,0.10230,-0.30865,-0.01176,0.00000
372.20000,148.92000,-0.00245,0.09292,-0.28088,-0.02186,0.00000
372.30000,148.96000,0.00052,0.08412,-0.25178,-0.03255,0.00000
372.40000,149.00000,0.00370,0.07589,-0.22173,-0.04363,0.00000
372.50000,149.04000,0.00708,0.06823,-0.19110,-0.05484,-0.00000
372.60000,149.08000,0.01062,0.06112,-0.16030,-0.06595,-0.00000
372.70000,149.12000,0.01430,0.05456,-0.12969,-0.07672,0.00000
372.80000,149.16000,0.01807,0.04855,-0.09963,-0.08694,0.00000
372.90000,149.20000,0.02190,0.04308,-0.07045,-0.09643,0.00000
373.00000,149.24000,0.02575,0.03815,-0.04243,-0.10508,-0.00000
373.10000,149.28000,0.02958,0.03375,-0.01583,-0.11281,-0.00000
373.20000,149.32000,0.03336,0.02988,0.00919,-0.11959,0.00000
373.30000,149.36000,0.03705,0.02654,0.03249,-0.12544,0.00000
373.40000,149.40000,0.04060,0.02371,0.05402,-0.13044,-0.00000
373.50000,149.44000,0.04398,0.02140,0.07377,-0.13471,-0.00000
373.60000,149.48000,0.04715,0.01959,0.09179,-0.13838,0.00000
373.70000,149.52000,0.05008,0.01830,0.10818,-0.14159,0.00000
373.80000,149.56000,0.05273,0.01751,0.12308,-0.14451,0.00000
373.90000,149.60000,0.05508,0.01723,0.13665,-0.14725,0.00000
374.00000,149.64000,0.05710,0.01745,0.14907,-0.14993,0.00000
374.10000,149.68000,0.05876,0.01820,0.16051,-0.15261,0.00000
374.20000,149.72000,0.06003,0.01948,0.17114,-0.15529,0.00000
374.30000,149.76000,0.06091,0.02130,0.18111,-0.15794,0.00000
374.40000,149.80000,0.06138,0.02367,0.19053,-0.16045,-0.00000
374.50000,149.84000,0.06142,0.02661,0.19949,-0.16267,0.00000
374.60000,149.88000,0.06103,0.03014,0.20803,-0.16441,0.00000
374.70000,149.92000,0.06020,0.03427,0.21616,-0.16542,0.00000
374.80000,149.96000,0.05894,0.03903,0.22384,-0.16544,0.00000
374.90000,150.00000,0.05725,0.04443,0.23101,-0.16421,0.00000
375.00000,150.04000,0.05514,0.05048,0.23760,-0.16148,0.00000
375.10000,150.08000,0.05263,0.05718,0.24350,-0.15701,0.00000
375.20000,150.12000,0.04973,0.06456,0.24861,-0.15060,-0.00000
375.30000,150.16000,0.04645,0.07259,0.25283,-0.14212,0.00000
375.40000,150.20000,0.04283,0.08128,0.25607,-0.13149,-0.00000
375.50000,150.24000,0.03890,0.09061,0.25828,-0.11870,-0.00000
375.60000,150.28000,0.03467,0.10055,0.25938,-0.10381,0.00000
375.70000,150.32000,0.03019,0.11109,0.25937,-0.08695,0.00000
375.80000,150.36000,0.02549,0.12217,0.25825,-0.06833,-0.00000
375.90000,150.40000,0.02061,0.13375,0.25603,-0.04821,0.00000
376.00000,150.44000,0.01558,0.14579,0.25277,-0.02688,0.00000
376.10000,150.48000,0.01044,0.15822,0.24850,-0.00469,0.00000
376.20000,150.52000,0.00524,0.17098,0.24329,0.01799,0.00000
376.30000,150.56000,0.00001,0.18401,0.23720,0.04079,0.00000
376.40000,150.60000,-0.00520,0.19722,0.23026,0.06334,0.00000
376.50000,150.64000,-0.01035,0.21056,0.22252,0.08528,0.00000
376.60000,150.68000,-0.01541,0.22393,0.21397,0.10627,-0.00000
376.70000,150.72000,-0.02032,0.23727,0.20463,0.12600,0.00000
376.80000,150.76000,-0.02507,0.25051,0.19445,0.14422,0.00000
376.90000,150.80000,-0.02959,0.26357,0.18341,0.16067,0.00000
377.00000,150.84000,-0.03386,0.27638,0.17145,0.17518,0.00000
377.10000,150.88000,-0.03785,0.28890,0.15852,0.18759,-0.00000
377.20000,150.92000,-0.04151,0.30105,0.14456,0.19779,0.00000
377.30000,150.96000,-0.04482,0.31280,0.12954,0.20569,0.00000
377.40000,151.00000,-0.04774,0.32411,0.11344,0.21127,0.00000
377.50000,151.04000,-0.05025,0.33493,0.09628,0.21453,-0.00000
377.60000,151.08000,-0.05232,0.34525,0.07811,0.21550,0.00000
377.70000,151.12000,-0.05393,0.35505,0.05902,0.21425,-0.00000
377.80000,151.16000,-0.05506,0.36434,0.03914,0.21091,0.00000
377.90000,151.20000,-0.05568,0.37310,0.01865,0.20561,0.00000
378.00000,151.24000,-0.05579,0.38135,-0.00225,0.19856,0.00000
378.10000,151.28000,-0.05538,0.38910,-0.02330,0.18997,0.00000
378.20000,151.32000,-0.05443,0.39638,-0.04425,0.18010,0.00000
378.30000,151.36000,-0.05295,0.40321,-0.06479,0.16926,0.00000
378.40000,151.40000,-0.05093,0.40963,-0.08466,0.15774,0.00000
378.50000,151.44000,-0.04838,0.41565,-0.10356,0.14587,-0.00000
378.60000,151.48000,-0.04531,0.42133,-0.12123,0.13399,0.00000
378.70000,151.52000,-0.04173,0.42667,-0.13744,0.12240,0.00000
378.80000,151.56000,-0.03764,0.43173,-0.15197,0.11141,-0.00000
378.90000,151.60000,-0.03307,0.43652,-0.16465,0.10125,0.00000
379.00000,151.64000,-0.02804,0.44106,-0.17537,0.09214,0.00000
379.10000,151.68000,-0.02258,0.44537,-0.18404,0.08418,-0.00000
379.20000,151.72000,-0.01669,0.44947,-0.19062,0.07744,0.00000
379.30000,151.76000,-0.01042,0.45336,-0.19510,0.07188,-0.00000
379.40000,151.80000,-0.00378,0.45706,-0.19752,0.06738,-0.00000
379.50000,151.84000,0.00318,0.46054,-0.19793,0.06375,0.00000
379.60000,151.88000,0.01045,0.46383,-0.19642,0.06072,-0.00000
379.70000,151.92000,0.01798,0.46689,-0.19309,0.05798,0.00000
379.80000,151.96000,0.02576,0.46973,-0.18803,0.05516,0.00000
379.90000,152.00000,0.03374,0.47234,-0.18138,0.05189,0.00000
380.00000,152.04000,0.04188,0.47469,-0.17323,0.04782,0.00000
380.10000,152.08000,0.05016,0.47677,-0.16372,0.04262,-0.00000
380.20000,152.12000,0.05854,0.47857,-0.15296,0.03604,-0.00000
380.30000,152.16000,0.06697,0.48008,-0.14108,0.02790,0.00000
380.40000,152.20000,0.07541,0.48129,-0.12821,0.01814,-0.00000
380.50000,152.24000,0.08383,0.48218,-0.11448,0.00679,0.00000
380.60000,152.28000,0.09217,0.48274,-0.10005,-0.00599,-0.00000
380.70000,152.32000,0.10038,0.48297,-0.08507,-0.01992,0.00000
380.80000,152.36000,0.10842,0.48286,-0.06972,-0.03464,0.00000
380.90000,152.40000,0.11623,0.48239,-0.05418,-0.04968,-0.00000
381.00000,152.44000,0.12375,0.48157,-0.03868,-0.06454,0.00000
381.10000,152.48000,0.13092,0.48039,-0.02343,-0.07866,0.00000
381.20000,152.52000,0.13768,0.47882,-0.00865,-0.09151,0.00000
381.30000,152.56000,0.14397,0.47688,0.00542,-0.10259,0.00000
381.40000,152.60000,0.14972,0.47454,0.01856,-0.11146,0.00000
381.50000,152.64000,0.15486,0.47180,0.03054,-0.11780,0.00000
381.60000,152.68000,0.15932,0.46864,0.04117,-0.12139,0.00000
381.70000,152.72000,0.16306,0.46505,0.05027,-0.12214,0.00000
381.80000,152.76000,0.16599,0.46103,0.05770,-0.12013,0.00000
381.90000,152.80000,0.16806,0.45656,0.06336,-0.11555,0.00000
382.00000,152.84000,0.16921,0.45165,0.06719,-0.10874,0.00000
382.10000,152.88000,0.16939,0.44629,0.06917,-0.10013,-0.00000
382.20000,152.92000,0.16856,0.44048,0.06934,-0.09024,-0.00000
382.30000,152.96000,0.16666,0.43424,0.06776,-0.07964,0.00000
382.40000,153.00000,0.16368,0.42758,0.06456,-0.06891,0.00000
382.50000,153.04000,0.15959,0.42054,0.05988,-0.05861,0.00000
382.60000,153.08000,0.15436,0.41313,0.05391,-0.04923,0.00000
382.70000,153.12000,0.14799,0.40542,0.04684,-0.04120,0.00000
382.80000,153.16000,0.14048,0.39744,0.03889,-0.03483,0.00000
382.90000,153.20000,0.13184,0.38925,0.03028,-0.03029,0.00000
383.00000,153.24000,0.12210,0.38093,0.02122,-0.02765,0.00000
383.10000,153.28000,0.11128,0.37255,0.01193,-0.02683,0.00000
383.20000,153.32000,0.09943,0.36417,0.00260,-0.02765,0.00000
383.30000,153.36000,0.08660,0.35590,-0.00660,-0.02980,0.00000
383.40000,153.40000,0.07285,0.34780,-0.01552,-0.03294,0.00000
383.50000,153.44000,0.05824,0.33997,-0.02402,-0.03666,-0.00000
383.60000,153.48000,0.04286,0.33248,-0.03200,-0.04055,-0.00000
383.70000,153.52000,0.02679,0.32540,-0.03940,-0.04421,-0.00000
383.80000,153.56000,0.01012,0.31882,-0.04615,-0.04731,-0.00000
383.90000,153.60000,-0.00705,0.31279,-0.05223,-0.04956,0.00000
384.00000,153.64000,-0.02462,0.30736,-0.05762,-0.05079,0.00000
384.10000,153.68000,-0.04249,0.30256,-0.06233,-0.05091,0.00000
384.20000,153.72000,-0.06054,0.29843,-0.06638,-0.04993,-0.00000
384.30000,153.76000,-0.07865,0.29497,-0.06978,-0.04795,-0.00000
384.40000,153.80000,-0.09673,0.29218,-0.07259,-0.04516,0.00000
384.50000,153.84000,-0.11466,0.29004,-0.07483,-0.04181,-0.00000
384.60000,153.88000,-0.13233,0.28852,-0.07654,-0.03816,-0.00000
384.70000,153.92000,-0.14963,0.28755,-0.07778,-0.03450,0.00000
384.80000,153.96000,-0.16645,0.28708,-0.07857,-0.03109,0.00000
384.90000,154.00000,-0.18270,0.28703,-0.07894,-0.02816,0.00000
385.00000,154.04000,-0.19829,0.28731,-0.07893,-0.02586,0.00000
385.10000,154.08000,-0.21311,0.28782,-0.07855,-0.02426,0.00000
385.20000,154.12000,-0.22710,0.28847,-0.07781,-0.02339,-0.00000
385.30000,154.16000,-0.24016,0.28912,-0.07669,-0.02314,0.00000
385.40000,154.20000,-0.25223,0.28969,-0.07520,-0.02337,0.00000
385.50000,154.24000,-0.26325,0.29006,-0.07329,-0.02386,0.00000
385.60000,154.28000,-0.27316,0.29011,-0.07092,-0.02437,0.00000
385.70000,154.32000,-0.28192,0.28976,-0.06805,-0.02463,-0.00000
385.80000,154.36000,-0.28947,0.28891,-0.06462,-0.02439,0.00000
385.90000,154.40000,-0.29579,0.28747,-0.06056,-0.02344,0.00000
386.00000,154.44000,-0.30085,0.28538,-0.05582,-0.02163,0.00000
386.10000,154.48000,-0.30462,0.28259,-0.05033,-0.01890,-0.00000
386.20000,154.52000,-0.30710,0.27905,-0.04407,-0.01526,0.00000
386.30000,154.56000,-0.30828,0.27474,-0.03698,-0.01084,-0.00000
386.40000,154.60000,-0.30816,0.26966,-0.02908,-0.00586,0.00000
386.50000,154.64000,-0.30674,0.26381,-0.02038,-0.00061,0.00000
386.60000,154.68000,-0.30404,0.25722,-0.01092,0.00454,0.00000
386.70000,154.72000,-0.30008,0.24993,-0.00078,0.00917,0.00000
386.80000,154.76000,-0.29488,0.24200,0.00992,0.01287,0.00000
386.90000,154.80000,-0.28847,0.23349,0.02105,0.01523,0.00000
387.00000,154.84000,-0.28089,0.22447,0.03244,0.01587,0.00000
387.10000,154.88000,-0.27217,0.21504,0.04391,0.01452,0.00000
387.20000,154.92000,-0.26238,0.20529,0.05526,0.01097,0.00000
387.30000,154.96000,-0.25155,0.19532,0.06630,0.00516,0.00000
387.40000,155.00000,-0.23974,0.18523,0.07683,-0.00288,0.00000
387.50000,155.04000,-0.22701,0.17513,0.08666,-0.01297,-0.00000
387.60000,155.08000,-0.21343,0.16512,0.09565,-0.02479,0.00000
387.70000,155.12000,-0.19905,0.15530,0.10367,-0.03794,0.00000
387.80000,155.16000,-0.18395,0.14578,0.11064,-0.05192,0.00000
387.90000,155.20000,-0.16820,0.13666,0.11651,-0.06614,-0.00000
388.00000,155.24000,-0.15187,0.12803,0.12129,-0.08001,0.00000
388.10000,155.28000,-0.13502,0.11998,0.12501,-0.09290,0.00000
388.20000,155.32000,-0.11773,0.11259,0.12775,-0.10422,0.00000
388.30000,155.36000,-0.10007,0.10594,0.12964,-0.11343,0.00000
388.40000,155.40000,-0.08211,0.10011,0.13078,-0.12007,0.00000
388.50000,155.44000,-0.06393,0.09516,0.13134,-0.12379,-0.00000
388.60000,155.48000,-0.04558,0.09115,0.13145,-0.12432,0.00000
388.70000,155.52000,-0.02714,0.08812,0.13123,-0.12155,0.00000
388.80000,155.56000,-0.00867,0.08612,0.13081,-0.11545,-0.00000
388.90000,155.60000,0.00977,0.08519,0.13026,-0.10614,0.00000
389.00000,155.64000,0.02811,0.08534,0.12962,-0.09381,0.00000
389.10000,155.68000,0.04630,0.08661,0.12890,-0.07878,-0.00000
389.20000,155.72000,0.06427,0.08899,0.12804,-0.06139,0.00000
389.30000,155.76000,0.08197,0.09250,0.12698,-0.04206,0.00000
389.40000,155.80000,0.09934,0.09711,0.12561,-0.02124,-0.00000
389.50000,155.84000,0.11633,0.10281,0.12379,0.00062,-0.00000
389.60000,155.88000,0.13288,0.10958,0.12137,0.02308,0.00000
389.70000,155.92000,0.14895,0.11738,0.11822,0.04572,0.00000
389.80000,155.96000,0.16448,0.12617,0.11419,0.06814,0.00000
389.90000,156.00000,0.17941,0.13590,0.10918,0.08999,0.00000
390.00000,156.04000,0.19371,0.14650,0.10309,0.11097,-0.00000
390.10000,156.08000,0.20731,0.15793,0.09591,0.13081,0.00000
390.20000,156.12000,0.22018,0.17010,0.08764,0.14929,0.00000
390.30000,156.16000,0.23227,0.18294,0.07833,0.16621,-0.00000
390.40000,156.20000,0.24353,0.19638,0.06810,0.18142,0.00000
390.50000,156.24000,0.25392,0.21034,0.05708,0.19479,0.00000
390.60000,156.28000,0.26341,0.22472,0.04546,0.20622,0.00000
390.70000,156.32000,0.27197,0.23945,0.03344,0.21563,-0.00000
390.80000,156.36000,0.27955,0.25444,0.02123,0.22294,0.00000
390.90000,156.40000,0.28615,0.26959,0.00904,0.22810,0.00000
391.00000,156.44000,0.29173,0.28481,-0.00295,0.23108,0.00000
391.10000,156.48000,0.29628,0.30002,-0.01456,0.23186,0.00000
391.20000,156.52000,0.29980,0.31512,-0.02567,0.23045,0.00000
391.30000,156.56000,0.30228,0.33003,-0.03620,0.22688,0.00000
391.40000,156.60000,0.30371,0.34463,-0.04611,0.22121,0.00000
391.50000,156.64000,0.30412,0.35886,-0.05541,0.21351,0.00000
391.60000,156.68000,0.30350,0.37261,-0.06416,0.20391,0.00000
391.70000,156.72000,0.30189,0.38580,-0.07244,0.19254,0.00000
391.80000,156.76000,0.29929,0.39834,-0.08037,0.17956,-0.00000
391.90000,156.80000,0.29574,0.41014,-0.08805,0.16516,0.00000
392.00000,156.84000,0.29128,0.42114,-0.09563,0.14955,0.00000
392.10000,156.88000,0.28593,0.43125,-0.10320,0.13295,0.00000
392.20000,156.92000,0.27973,0.44041,-0.11084,0.11557,-0.00000
392.30000,156.96000,0.27273,0.44856,-0.11860,0.09763,-0.00000
392.40000,157.00000,0.26496,0.45565,-0.12647,0.07935,0.00000
392.50000,157.04000,0.25646,0.46165,-0.13441,0.06093,0.00000
392.60000,157.08000,0.24729,0.46653,-0.14230,0.04257,-0.00000
392.70000,157.12000,0.23748,0.47026,-0.15001,0.02443,0.00000
392.80000,157.16000,0.22707,0.47286,-0.15735,0.00668,0.00000
392.90000,157.20000,0.21612,0.47431,-0.16410,-0.01054,0.00000
393.00000,157.24000,0.20465,0.47465,-0.17003,-0.02710,0.00000
393.10000,157.28000,0.19272,0.47391,-0.17490,-0.04288,-0.00000
393.20000,157.32000,0.18036,0.47212,-0.17849,-0.05777,-0.00000
393.30000,157.36000,0.16761,0.46935,-0.18060,-0.07166,0.00000
393.40000,157.40000,0.15452,0.46563,-0.18107,-0.08444,0.00000
393.50000,157.44000,0.14111,0.46105,-0.17978,-0.09603,0.00000
393.60000,157.48000,0.12743,0.45567,-0.17667,-0.10633,0.00000
393.70000,157.52000,0.11351,0.44956,-0.17175,-0.11525,0.00000
393.80000,157.56000,0.09940,0.44281,-0.16506,-0.12272,0.00000
393.90000,157.60000,0.08513,0.43548,-0.15672,-0.12867,0.00000
394.00000,157.64000,0.07073,0.42766,-0.14690,-0.13306,0.00000
394.10000,157.68000,0.05625,0.41941,-0.13579,-0.13587,0.00000
394.20000,157.72000,0.04173,0.41081,-0.12361,-0.13712,0.00000
394.30000,157.76000,0.02721,0.40194,-0.11062,-0.13685,-0.00000
394.40000,157.80000,0.01273,0.39285,-0.09705,-0.13513,0.00000
394.50000,157.84000,-0.00167,0.38361,-0.08315,-0.13208,0.00000
394.60000,157.88000,-0.01595,0.37429,-0.06914,-0.12785,0.00000
394.70000,157.92000,-0.03005,0.36494,-0.05520,-0.12263,-0.00000
394.80000,157.96000,-0.04393,0.35562,-0.04149,-0.11660,0.00000
394.90000,158.00000,-0.05755,0.34638,-0.02814,-0.10998,0.00000
395.00000,158.04000,-0.07085,0.33727,-0.01523,-0.10301,0.00000
395.10000,158.08000,-0.08379,0.32835,-0.00281,-0.09589,0.00000
395.20000,158.12000,-0.09632,0.31967,0.00912,-0.08883,-0.00000
395.30000,158.16000,-0.10839,0.31128,0.02056,-0.08201,-0.00000
395.40000,158.20000,-0.11994,0.30321,0.03154,-0.07556,-0.00000
395.50000,158.24000,-0.13094,0.29552,0.04211,-0.06960,-0.00000
395.60000,158.28000,-0.14133,0.28824,0.05231,-0.06419,-0.00000
395.70000,158.32000,-0.15107,0.28142,0.06220,-0.05934,0.00000
395.80000,158.36000,-0.16011,0.27508,0.07181,-0.05504,0.00000
395.90000,158.40000,-0.16843,0.26926,0.08118,-0.05121,0.00000
396.00000,158.44000,-0.17598,0.26399,0.09033,-0.04778,0.00000
396.10000,158.48000,-0.18273,0.25927,0.09927,-0.04462,0.00000
396.20000,158.52000,-0.18866,0.25513,0.10798,-0.04162,0.00000
396.30000,158.56000,-0.19374,0.25156,0.11645,-0.03865,0.00000
396.40000,158.60000,-0.19797,0.24859,0.12465,-0.03559,0.00000
396.50000,158.64000,-0.20135,0.24619,0.13255,-0.03236,-0.00000
396.60000,158.68000,-0.20386,0.24436,0.14009,-0.02887,0.00000
396.70000,158.72000,-0.20553,0.24309,0.14723,-0.02508,0.00000
396.80000,158.76000,-0.20637,0.24236,0.15393,-0.02098,0.00000
396.90000,158.80000,-0.20640,0.24215,0.16012,-0.01659,0.00000
397.00000,158.84000,-0.20566,0.24242,0.16574,-0.01194,0.00000
397.10000,158.88000,-0.20419,0.24317,0.17074,-0.00709,-0.00000
397.20000,158.92000,-0.20203,0.24435,0.17503,-0.00214,0.00000
397.30000,158.96000,-0.19924,0.24594,0.17856,0.00284,-0.00000
397.40000,159.00000,-0.19586,0.24791,0.18122,0.00776,-0.00000
397.50000,159.04000,-0.19197,0.25024,0.18291,0.01253,0.00000
397.60000,159.08000,-0.18762,0.25288,0.18355,0.01708,0.00000
397.70000,159.12000,-0.18289,0.25582,0.18300,0.02135,0.00000
397.80000,159.16000,-0.17782,0.25902,0.18115,0.02529,0.00000
397.90000,159.20000,-0.17249,0.26245,0.17788,0.02888,0.00000
398.00000,159.24000,-0.16696,0.26609,0.17308,0.03209,0.00000
398.10000,159.28000,-0.16130,0.26991,0.16665,0.03490,0.00000
398.20000,159.32000,-0.15554,0.27386,0.15851,0.03729,0.00000
398.30000,159.36000,-0.14976,0.27793,0.14862,0.03925,0.00000
398.40000,159.40000,-0.14398,0.28208,0.13696,0.04075,0.00000
398.50000,159.44000,-0.13827,0.28628,0.12357,0.04173,0.00000
398.60000,159.48000,-0.13265,0.29048,0.10852,0.04215,0.00000
398.70000,159.52000,-0.12714,0.29467,0.09194,0.04192,-0.00000
398.80000,159.56000,-0.12179,0.29879,0.07401,0.04096,0.00000
398.90000,159.60000,-0.11661,0.30282,0.05497,0.03917,0.00000
399.00000,159.64000,-0.11160,0.30672,0.03508,0.03647,0.00000
399.10000,159.68000,-0.10679,0.31046,0.01465,0.03277,0.00000
399.20000,159.72000,-0.10216,0.31401,-0.00598,0.02801,-0.00000
399.30000,159.76000,-0.09774,0.31734,-0.02648,0.02217,0.00000
399.40000,159.80000,-0.09349,0.32043,-0.04650,0.01527,-0.00000
399.50000,159.84000,-0.08943,0.32325,-0.06570,0.00738,-0.00000
399.60000,159.88000,-0.08553,0.32578,-0.08379,-0.00138,0.00000
399.70000,159.92000,-0.08178,0.32802,-0.10049,-0.01082,0.00000
399.80000,159.96000,-0.07816,0.32996,-0.11558,-0.02070,-0.00000
399.90000,160.00000,-0.07463,0.33158,-0.12890,-0.03074,0.00000
400.00000,160.04000,-0.07119,0.33289,-0.14034,-0.04059,-0.00000
400.10000,160.08000,-0.06779,0.33390,-0.14985,-0.04992,-0.00000
400.20000,160.12000,-0.06440,0.33459,-0.15744,-0.05835,0.00000
400.30000,160.16000,-0.06099,0.33500,-0.16317,-0.06553,0.00000
400.40000,160.20000,-0.05752,0.33511,-0.16716,-0.07114,-0.00000
400.50000,160.24000,-0.05395,0.33496,-0.16955,-0.07490,-0.00000
400.60000,160.28000,-0.05025,0.33454,-0.17052,-0.07660,0.00000
400.70000,160.32000,-0.04638,0.33389,-0.17023,-0.07612,-0.00000
400.80000,160.36000,-0.04229,0.33301,-0.16890,-0.07340,0.00000
400.90000,160.40000,-0.03796,0.33193,-0.16668,-0.06849,0.00000
401.00000,160.44000,-0.03335,0.33066,-0.16375,-0.06154,0.00000
401.10000,160.48000,-0.02843,0.32922,-0.16024,-0.05277,0.00000
401.20000,160.52000,-0.02317,0.32764,-0.15627,-0.04247,0.00000
401.30000,160.56000,-0.01755,0.32594,-0.15192,-0.03100,0.00000
401.40000,160.60000,-0.01156,0.32414,-0.14722,-0.01875,-0.00000
401.50000,160.64000,-0.00519,0.32226,-0.14221,-0.00614,0.00000
401.60000,160.68000,0.00156,0.32033,-0.13687,0.00643,0.00000
401.70000,160.72000,0.00869,0.31839,-0.13118,0.01855,0.00000
401.80000,160.76000,0.01618,0.31644,-0.12509,0.02989,0.00000
401.90000,160.80000,0.02401,0.31453,-0.11857,0.04015,0.00000
402.00000,160.84000,0.03216,0.31267,-0.11156,0.04911,-0.00000
402.10000,160.88000,0.04058,0.31091,-0.10403,0.05659,-0.00000
402.20000,160.92000,0.04925,0.30925,-0.09595,0.06252,0.00000
402.30000,160.96000,0.05810,0.30773,-0.08731,0.06687,0.00000
402.40000,161.00000,0.06708,0.30637,-0.07812,0.06968,-0.00000
402.50000,161.04000,0.07615,0.30519,-0.06840,0.07103,0.00000
402.60000,161.08000,0.08522,0.30420,-0.05820,0.07105,0.00000
402.70000,161.12000,0.09425,0.30342,-0.04758,0.06988,0.00000
402.80000,161.16000,0.10316,0.30286,-0.03663,0.06765,0.00000
402.90000,161.20000,0.11189,0.30252,-0.02545,0.06451,0.00000
403.00000,161.24000,0.12037,0.30240,-0.01412,0.06058,-0.00000
403.10000,161.28000,0.12852,0.30248,-0.00278,0.05596,-0.00000
403.20000,161.32000,0.13630,0.30277,0.00847,0.05073,-0.00000
403.30000,161.36000,0.14362,0.30324,0.01950,0.04493,0.00000
403.40000,161.40000,0.15044,0.30386,0.03019,0.03859,-0.00000
403.50000,161.44000,0.15669,0.30462,0.04044,0.03174,0.00000
403.60000,161.48000,0.16233,0.30547,0.05012,0.02439,0.00000
403.70000,161.52000,0.16730,0.30639,0.05913,0.01657,0.00000
403.80000,161.56000,0.17158,0.30733,0.06737,0.00834,0.00000
403.90000,161.60000,0.17511,0.30826,0.07475,-0.00022,0.00000
404.00000,161.64000,0.17787,0.30912,0.08118,-0.00901,0.00000
404.10000,161.68000,0.17984,0.30988,0.08658,-0.01785,0.00000
404.20000,161.72000,0.18100,0.31050,0.09091,-0.02653,0.00000
404.30000,161.76000,0.18134,0.31092,0.09412,-0.03483,0.00000
404.40000,161.80000,0.18086,0.31110,0.09619,-0.04245,0.00000
404.50000,161.84000,0.17957,0.31102,0.09711,-0.04912,0.00000
404.60000,161.88000,0.17747,0.31061,0.09692,-0.05452,-0.00000
404.70000,161.92000,0.17459,0.30987,0.09564,-0.05837,0.00000
404.80000,161.96000,0.17094,0.30874,0.09338,-0.06041,0.00000
404.90000,162.00000,0.16656,0.30722,0.09021,-0.06043,0.00000
405.00000,162.04000,0.16150,0.30527,0.08629,-0.05828,0.00000
405.10000,162.08000,0.15578,0.30289,0.08176,-0.05387,0.00000
405.20000,162.12000,0.14946,0.30006,0.07679,-0.04723,0.00000
405.30000,162.16000,0.14259,0.29679,0.07157,-0.03843,0.00000
405.40000,162.20000,0.13523,0.29308,0.06630,-0.02766,0.00000
405.50000,162.24000,0.12743,0.28894,0.06116,-0.01517,0.00000
405.60000,162.28000,0.11926,0.28439,0.05635,-0.00129,0.00000
405.70000,162.32000,0.11078,0.27946,0.05203,0.01359,0.00000
405.80000,162.36000,0.10206,0.27419,0.04835,0.02905,0.00000
405.90000,162.40000,0.09315,0.26861,0.04541,0.04466,0.00000
406.00000,162.44000,0.08413,0.26277,0.04330,0.05996,0.00000
406.10000,162.48000,0.07505,0.25673,0.04203,0.07453,0.00000
406.20000,162.52000,0.06597,0.25053,0.04161,0.08800,0.00000
406.30000,162.56000,0.05696,0.24425,0.04198,0.10002,0.00000
406.40000,162.60000,0.04806,0.23794,0.04305,0.11032,0.00000
406.50000,162.64000,0.03933,0.23169,0.04469,0.11871,-0.00000
406.60000,162.68000,0.03081,0.22555,0.04675,0.12507,0.00000
406.70000,162.72000,0.02256,0.21961,0.04906,0.12934,0.00000
406.80000,162.76000,0.01459,0.21393,0.05144,0.13153,0.00000
406.90000,162.80000,0.00696,0.20858,0.05372,0.13173,0.00000
407.00000,162.84000,-0.00033,0.20362,0.05572,0.13007,0.00000
407.10000,162.88000,-0.00724,0.19913,0.05729,0.12670,0.00000
407.20000,162.92000,-0.01375,0.19516,0.05833,0.12181,0.00000
407.30000,162.96000,-0.01987,0.19176,0.05873,0.11561,0.00000
407.40000,163.00000,-0.02557,0.18897,0.05844,0.10830,0.00000
407.50000,163.04000,-0.03087,0.18684,0.05744,0.10007,0.00000
407.60000,163.08000,-0.03576,0.18538,0.05576,0.09109,0.00000
407.70000,163.12000,-0.04026,0.18462,0.05344,0.08152,0.00000
407.80000,163.16000,-0.04438,0.18456,0.05056,0.07149,0.00000
407.90000,163.20000,-0.04812,0.18519,0.04719,0.06109,0.00000
408.00000,163.24000,-0.05151,0.18651,0.04346,0.05041,0.00000
408.10000,163.28000,-0.05458,0.18849,0.03946,0.03950,0.00000
408.20000,163.32000,-0.05733,0.19108,0.03528,0.02840,-0.00000
408.30000,163.36000,-0.05979,0.19425,0.03102,0.01714,-0.00000
408.40000,163.40000,-0.06199,0.19795,0.02673,0.00574,0.00000
408.50000,163.44000,-0.06394,0.20209,0.02246,-0.00579,0.00000
408.60000,163.48000,-0.06567,0.20663,0.01823,-0.01743,-0.00000
408.70000,163.52000,-0.06720,0.21148,0.01403,-0.02914,-0.00000
408.80000,163.56000,-0.06855,0.21657,0.00983,-0.04091,0.00000
408.90000,163.60000,-0.06974,0.22182,0.00557,-0.05270,0.00000
409.00000,163.64000,-0.07078,0.22716,0.00121,-0.06445,0.00000
409.10000,163.68000,-0.07170,0.23250,-0.00333,-0.07611,0.00000
409.20000,163.72000,-0.07251,0.23779,-0.00812,-0.08762,0.00000
409.30000,163.76000,-0.07322,0.24295,-0.01322,-0.09890,0.00000
409.40000,163.80000,-0.07385,0.24793,-0.01866,-0.10986,0.00000
409.50000,163.84000,-0.07442,0.25270,-0.02447,-0.12041,0.00000
409.60000,163.88000,-0.07494,0.25722,-0.03065,-0.13044,0.00000
409.70000,163.92000,-0.07543,0.26148,-0.03718,-0.13984,-0.00000
409.80000,163.96000,-0.07590,0.26546,-0.04399,-0.14847,0.00000
409.90000,164.00000,-0.07636,0.26918,-0.05101,-0.15621,0.00000
410.00000,164.04000,-0.07684,0.27267,-0.05814,-0.16291,0.00000
410.10000,164.08000,-0.07734,0.27597,-0.06526,-0.16840,-0.00000
410.20000,164.12000,-0.07788,0.27911,-0.07224,-0.17254,0.00000
410.30000,164.16000,-0.07847,0.28218,-0.07895,-0.17516,0.00000
410.40000,164.20000,-0.07913,0.28524,-0.08525,-0.17611,0.00000
410.50000,164.24000,-0.07985,0.28838,-0.09103,-0.17524,0.00000
410.60000,164.28000,-0.08064,0.29169,-0.09618,-0.17243,0.00000
410.70000,164.32000,-0.08151,0.29526,-0.10062,-0.16759,-0.00000
410.80000,164.36000,-0.08245,0.29918,-0.10429,-0.16065,0.00000
410.90000,164.40000,-0.08345,0.30355,-0.10715,-0.15162,-0.00000
411.00000,164.44000,-0.08450,0.30846,-0.10921,-0.14052,-0.00000
411.10000,164.48000,-0.08558,0.31400,-0.11046,-0.12745,0.00000
411.20000,164.52000,-0.08668,0.32023,-0.11096,-0.11258,0.00000
411.30000,164.56000,-0.08776,0.32723,-0.11075,-0.09613,0.00000
411.40000,164.60000,-0.08880,0.33505,-0.10989,-0.07838,0.00000
411.50000,164.64000,-0.08976,0.34372,-0.10843,-0.05965,0.00000
411.60000,164.68000,-0.09061,0.35326,-0.10645,-0.04032,-0.00000
411.70000,164.72000,-0.09131,0.36367,-0.10398,-0.02080,-0.00000
411.80000,164.76000,-0.09183,0.37495,-0.10105,-0.00151,-0.00000
411.90000,164.80000,-0.09212,0.38705,-0.09767,0.01712,0.00000
412.00000,164.84000,-0.09215,0.39992,-0.09382,0.03470,-0.00000
412.10000,164.88000,-0.09189,0.41349,-0.08947,0.05085,-0.00000
412.20000,164.92000,-0.09131,0.42767,-0.08455,0.06525,-0.00000
412.30000,164.96000,-0.09037,0.44236,-0.07898,0.07765,0.00000
412.40000,165.00000,-0.08906,0.45744,-0.07267,0.08786,-0.00000
412.50000,165.04000,-0.08736,0.47278,-0.06551,0.09577,0.00000
412.60000,165.08000,-0.08525,0.48824,-0.05740,0.10137,0.00000
412.70000,165.12000,-0.08273,0.50365,-0.04825,0.10473,0.00000
412.80000,165.16000,-0.07980,0.51887,-0.03797,0.10597,0.00000
412.90000,165.20000,-0.07645,0.53373,-0.02653,0.10533,0.00000
413.00000,165.24000,-0.07270,0.54807,-0.01389,0.10306,0.00000
413.10000,165.28000,-0.06856,0.56173,-0.00009,0.09946,0.00000
413.20000,165.32000,-0.06404,0.57453,0.01482,0.09488,-0.00000
413.30000,165.36000,-0.05917,0.58633,0.03072,0.08965,0.00000
413.40000,165.40000,-0.05396,0.59697,0.04745,0.08411,0.00000
413.50000,165.44000,-0.04845,0.60632,0.06481,0.07855,0.00000
413.60000,165.48000,-0.04267,0.61424,0.08256,0.07324,0.00000
413.70000,165.52000,-0.03663,0.62061,0.10042,0.06840,-0.00000
413.80000,165.56000,-0.03039,0.62534,0.11809,0.06421,0.00000
413.90000,165.60000,-0.02396,0.62832,0.13525,0.06075,0.00000
414.00000,165.64000,-0.01739,0.62949,0.15158,0.05809,0.00000
414.10000,165.68000,-0.01071,0.62878,0.16675,0.05621,0.00000
414.20000,165.72000,-0.00395,0.62615,0.18047,0.05505,0.00000
414.30000,165.76000,0.00285,0.62158,0.19246,0.05453,0.00000
414.40000,165.80000,0.00966,0.61504,0.20247,0.05452,-0.00000
414.50000,165.84000,0.01645,0.60656,0.21031,0.05488,0.00000
414.60000,165.88000,0.02318,0.59615,0.21582,0.05545,0.00000
414.70000,165.92000,0.02982,0.58384,0.21890,0.05608,0.00000
414.80000,165.96000,0.03634,0.56968,0.21950,0.05664,0.00000
414.90000,166.00000,0.04272,0.55375,0.21761,0.05701,0.00000
415.00000,166.04000,0.04892,0.53611,0.21327,0.05707,0.00000
415.10000,166.08000,0.05491,0.51685,0.20655,0.05677,0.00000
415.20000,166.12000,0.06069,0.49607,0.19758,0.05604,0.00000
415.30000,166.16000,0.06622,0.47387,0.18649,0.05487,0.00000
415.40000,166.20000,0.07148,0.45037,0.17342,0.05323,-0.00000
415.50000,166.24000,0.07646,0.42569,0.15853,0.05116,0.00000
415.60000,166.28000,0.08114,0.39995,0.14199,0.04866,0.00000
415.70000,166.32000,0.08550,0.37328,0.12395,0.04578,0.00000
415.80000,166.36000,0.08953,0.34582,0.10457,0.04254,0.00000
415.90000,166.40000,0.09321,0.31770,0.08397,0.03900,-0.00000
416.00000,166.44000,0.09653,0.28906,0.06229,0.03517,-0.00000
416.10000,166.48000,0.09949,0.26004,0.03965,0.03109,0.00000
416.20000,166.52000,0.10206,0.23079,0.01615,0.02680,0.00000
416.30000,166.56000,0.10425,0.20144,-0.00808,0.02231,0.00000
416.40000,166.60000,0.10603,0.17214,-0.03293,0.01765,0.00000
416.50000,166.64000,0.10741,0.14304,-0.05828,0.01285,0.00000
416.60000,166.68000,0.10837,0.11427,-0.08397,0.00793,0.00000
416.70000,166.72000,0.10890,0.08599,-0.10985,0.00292,0.00000
416.80000,166.76000,0.10900,0.05835,-0.13571,-0.00215,0.00000
416.90000,166.80000,0.10866,0.03149,-0.16134,-0.00723,0.00000
417.00000,166.84000,0.10788,0.00556,-0.18648,-0.01228,0.00000
417.10000,166.88000,0.10666,-0.01930,-0.21087,-0.01723,-0.00000
417.20000,166.92000,0.10500,-0.04293,-0.23420,-0.02204,0.00000
417.30000,166.96000,0.10290,-0.06521,-0.25618,-0.02664,0.00000
417.40000,167.00000,0.10037,-0.08597,-0.27647,-0.03098,0.00000
417.50000,167.04000,0.09742,-0.10510,-0.29478,-0.03501,-0.00000
417.60000,167.08000,0.09406,-0.12246,-0.31080,-0.03869,0.00000
417.70000,167.12000,0.09032,-0.13793,-0.32428,-0.04199,-0.00000
417.80000,167.16000,0.08621,-0.15140,-0.33496,-0.04489,0.00000
417.90000,167.20000,0.08177,-0.16277,-0.34268,-0.04740,0.00000
418.00000,167.24000,0.07702,-0.17195,-0.34729,-0.04954,0.00000
418.10000,167.28000,0.07200,-0.17888,-0.34873,-0.05134,0.00000
418.20000,167.32000,0.06674,-0.18349,-0.34697,-0.05285,0.00000
418.30000,167.36000,0.06128,-0.18576,-0.34206,-0.05415,0.00000
418.40000,167.40000,0.05568,-0.18565,-0.33410,-0.05529,0.00000
418.50000,167.44000,0.04996,-0.18318,-0.32325,-0.05636,0.00000
418.60000,167.48000,0.04418,-0.17835,-0.30968,-0.05743,0.00000
418.70000,167.52000,0.03839,-0.17121,-0.29362,-0.05856,0.00000
418.80000,167.56000,0.03263,-0.16182,-0.27532,-0.05982,0.00000
418.90000,167.60000,0.02695,-0.15025,-0.25502,-0.06122,-0.00000
419.00000,167.64000,0.02140,-0.13659,-0.23297,-0.06281,0.00000
419.10000,167.68000,0.01602,-0.12095,-0.20939,-0.06457,-0.00000
419.20000,167.72000,0.01084,-0.10344,-0.18451,-0.06647,-0.00000
419.30000,167.76000,0.00592,-0.08421,-0.15850,-0.06847,0.00000
419.40000,167.80000,0.00128,-0.06338,-0.13152,-0.07049,-0.00000
419.50000,167.84000,-0.00304,-0.04111,-0.10370,-0.07244,0.00000
419.60000,167.88000,-0.00701,-0.01755,-0.07514,-0.07422,0.00000
419.70000,167.92000,-0.01061,0.00713,-0.04591,-0.07571,0.00000
419.80000,167.96000,-0.01383,0.03278,-0.01610,-0.07679,0.00000
419.90000,168.00000,-0.01664,0.05924,0.01425,-0.07735,0.00000
420.00000,168.04000,-0.01904,0.08635,0.04507,-0.07729,0.00000
420.10000,168.08000,-0.02103,0.11394,0.07627,-0.07650,0.00000
420.20000,168.12000,-0.02260,0.14186,0.10776,-0.07494,-0.00000
420.30000,168.16000,-0.02377,0.16995,0.13939,-0.07254,0.00000
420.40000,168.20000,-0.02454,0.19806,0.17100,-0.06931,0.00000
420.50000,168.24000,-0.02494,0.22605,0.20238,-0.06525,0.00000
420.60000,168.28000,-0.02499,0.25377,0.23329,-0.06043,0.00000
420.70000,168.32000,-0.02472,0.28109,0.26346,-0.05491,0.00000
420.80000,168.36000,-0.02415,0.30787,0.29256,-0.04882,0.00000
420.90000,168.40000,-0.02332,0.33400,0.32028,-0.04229,0.00000
421.00000,168.44000,-0.02228,0.35936,0.34627,-0.03547,0.00000
421.10000,168.48000,-0.02106,0.38383,0.37019,-0.02852,0.00000
421.20000,168.52000,-0.01970,0.40732,0.39171,-0.02160,0.00000
421.30000,168.56000,-0.01826,0.42975,0.41051,-0.01489,0.00000
421.40000,168.60000,-0.01677,0.45103,0.42632,-0.00853,0.00000
421.50000,168.64000,-0.01528,0.47110,0.43889,-0.00263,-0.00000
421.60000,168.68000,-0.01383,0.48991,0.44804,0.00269,0.00000
421.70000,168.72000,-0.01247,0.50742,0.45360,0.00739,0.00000
421.80000,168.76000,-0.01123,0.52360,0.45551,0.01143,0.00000
421.90000,168.80000,-0.01015,0.53844,0.45371,0.01484,0.00000
422.00000,168.84000,-0.00927,0.55194,0.44822,0.01767,-0.00000
422.10000,168.88000,-0.00861,0.56411,0.43912,0.02002,0.00000
422.20000,168.92000,-0.00820,0.57498,0.42650,0.02202,0.00000
422.30000,168.96000,-0.00805,0.58458,0.41052,0.02384,0.00000
422.40000,169.00000,-0.00818,0.59296,0.39137,0.02565,0.00000
422.50000,169.04000,-0.00861,0.60016,0.36925,0.02762,0.00000
422.60000,169.08000,-0.00933,0.60625,0.34440,0.02995,0.00000
422.70000,169.12000,-0.01034,0.61128,0.31708,0.03279,0.00000
422.80000,169.16000,-0.01165,0.61531,0.28756,0.03630,0.00000
422.90000,169.20000,-0.01323,0.61842,0.25615,0.04057,0.00000
423.00000,169.24000,-0.01507,0.62064,0.22314,0.04568,0.00000
423.10000,169.28000,-0.01715,0.62206,0.18885,0.05162,0.00000
423.20000,169.32000,-0.01945,0.62271,0.15361,0.05838,0.00000
423.30000,169.36000,-0.02194,0.62265,0.11777,0.06584,0.00000
423.40000,169.40000,-0.02460,0.62192,0.08167,0.07389,0.00000
423.50000,169.44000,-0.02738,0.62056,0.04569,0.08233,-0.00000
423.60000,169.48000,-0.03026,0.61860,0.01017,0.09095,-0.00000
423.70000,169.52000,-0.03319,0.61608,-0.02453,0.09952,-0.00000
423.80000,169.56000,-0.03614,0.61302,-0.05805,0.10779,0.00000
423.90000,169.60000,-0.03908,0.60943,-0.09006,0.11551,-0.00000
424.00000,169.64000,-0.04195,0.60535,-0.12027,0.12247,0.00000
424.10000,169.68000,-0.04473,0.60077,-0.14838,0.12846,0.00000
424.20000,169.72000,-0.04738,0.59573,-0.17418,0.13334,0.00000
424.30000,169.76000,-0.04985,0.59024,-0.19749,0.13699,0.00000
424.40000,169.80000,-0.05212,0.58430,-0.21816,0.13937,0.00000
424.50000,169.84000,-0.05416,0.57793,-0.23615,0.14048,0.00000
424.60000,169.88000,-0.05592,0.57115,-0.25144,0.14037,0.00000
424.70000,169.92000,-0.05738,0.56397,-0.26410,0.13915,0.00000
424.80000,169.96000,-0.05853,0.55641,-0.27423,0.13695,0.00000
424.90000,170.00000,-0.05932,0.54847,-0.28199,0.13393,0.00000
425.00000,170.04000,-0.05976,0.54017,-0.28760,0.13028,0.00000
425.10000,170.08000,-0.05981,0.53152,-0.29128,0.12616,0.00000
425.20000,170.12000,-0.05948,0.52254,-0.29329,0.12172,0.00000
425.30000,170.16000,-0.05875,0.51322,-0.29388,0.11711,0.00000
425.40000,170.20000,-0.05761,0.50358,-0.29332,0.11240,0.00000
425.50000,170.24000,-0.05608,0.49361,-0.29182,0.10763,-0.00000
425.60000,170.28000,-0.05416,0.48333,-0.28959,0.10279,0.00000
425.70000,170.32000,-0.05184,0.47273,-0.28679,0.09782,-0.00000
425.80000,170.36000,-0.04915,0.46181,-0.28354,0.09259,-0.00000
425.90000,170.40000,-0.04611,0.45058,-0.27993,0.08696,0.00000
426.00000,170.44000,-0.04273,0.43902,-0.27597,0.08073,-0.00000
426.10000,170.48000,-0.03903,0.42716,-0.27166,0.07372,0.00000
426.20000,170.52000,-0.03505,0.41499,-0.26696,0.06570,0.00000
426.30000,170.56000,-0.03081,0.40251,-0.26180,0.05650,-0.00000
426.40000,170.60000,-0.02634,0.38975,-0.25609,0.04597,-0.00000
426.50000,170.64000,-0.02169,0.37672,-0.24974,0.03398,0.00000
426.60000,170.68000,-0.01688,0.36344,-0.24266,0.02048,0.00000
426.70000,170.72000,-0.01196,0.34994,-0.23477,0.00547,-0.00000
426.80000,170.76000,-0.00697,0.33625,-0.22603,-0.01096,0.00000
426.90000,170.80000,-0.00195,0.32243,-0.21639,-0.02867,0.00000
427.00000,170.84000,0.00306,0.30851,-0.20586,-0.04746,-0.00000
427.10000,170.88000,0.00802,0.29455,-0.19446,-0.06705,-0.00000
427.20000,170.92000,0.01288,0.28061,-0.18223,-0.08711,0.00000
427.30000,170.96000,0.01761,0.26674,-0.16926,-0.10730,0.00000
427.40000,171.00000,0.02216,0.25302,-0.15562,-0.12724,0.00000
427.50000,171.04000,0.02650,0.23951,-0.14140,-0.14655,0.00000
427.60000,171.08000,0.03058,0.22629,-0.12671,-0.16484,-0.00000
427.70000,171.12000,0.03438,0.21341,-0.11163,-0.18177,0.00000
427.80000,171.16000,0.03786,0.20095,-0.09624,-0.19701,0.00000
427.90000,171.20000,0.04100,0.18897,-0.08060,-0.21028,0.00000
428.00000,171.24000,0.04375,0.17753,-0.06475,-0.22136,0.00000
428.10000,171.28000,0.04610,0.16669,-0.04872,-0.23008,-0.00000
428.20000,171.32000,0.04803,0.15649,-0.03251,-0.23630,0.00000
428.30000,171.36000,0.04952,0.14698,-0.01613,-0.23998,0.00000
428.40000,171.40000,0.05055,0.13819,0.00045,-0.24109,0.00000
428.50000,171.44000,0.05110,0.13015,0.01723,-0.23967,0.00000
428.60000,171.48000,0.05118,0.12287,0.03420,-0.23580,0.00000
428.70000,171.52000,0.05076,0.11637,0.05135,-0.22960,0.00000
428.80000,171.56000,0.04986,0.11064,0.06863,-0.22123,0.00000
428.90000,171.60000,0.04845,0.10566,0.08598,-0.21085,-0.00000
429.00000,171.64000,0.04656,0.10144,0.10329,-0.19867,0.00000
429.10000,171.68000,0.04419,0.09793,0.12043,-0.18494,0.00000
429.20000,171.72000,0.04134,0.09511,0.13720,-0.16989,-0.00000
429.30000,171.76000,0.03802,0.09294,0.15343,-0.15380,0.00000
429.40000,171.80000,0.03426,0.09137,0.16888,-0.13695,0.00000
429.50000,171.84000,0.03008,0.09036,0.18331,-0.11964,0.00000
429.60000,171.88000,0.02549,0.08986,0.19649,-0.10217,0.00000
429.70000,171.92000,0.02052,0.08983,0.20817,-0.08485,0.00000
429.80000,171.96000,0.01521,0.09020,0.21815,-0.06798,0.00000
429.90000,172.00000,0.00957,0.09095,0.22621,-0.05184,0.00000
430.00000,172.04000,0.00366,0.09201,0.23221,-0.03670,0.00000
430.10000,172.08000,-0.00251,0.09336,0.23603,-0.02278,0.00000
430.20000,172.12000,-0.00888,0.09496,0.23760,-0.01027,0.00000
430.30000,172.16000,-0.01542,0.09678,0.23690,0.00072,-0.00000
430.40000,172.20000,-0.02209,0.09879,0.23395,0.01013,0.00000
430.50000,172.24000,-0.02885,0.10099,0.22884,0.01797,0.00000
430.60000,172.28000,-0.03566,0.10336,0.22167,0.02432,-0.00000
430.70000,172.32000,-0.04246,0.10590,0.21259,0.02935,0.00000
430.80000,172.36000,-0.04923,0.10860,0.20179,0.03329,0.00000
430.90000,172.40000,-0.05592,0.11148,0.18945,0.03641,-0.00000
431.00000,172.44000,-0.06250,0.11453,0.17579,0.03904,-0.00000
431.10000,172.48000,-0.06891,0.11777,0.16101,0.04152,-0.00000
431.20000,172.52000,-0.07512,0.12121,0.14533,0.04420,0.00000
431.30000,172.56000,-0.08110,0.12486,0.12894,0.04741,-0.00000
431.40000,172.60000,-0.08680,0.12874,0.11204,0.05144,0.00000
431.50000,172.64000,-0.09219,0.13285,0.09482,0.05648,0.00000
431.60000,172.68000,-0.09722,0.13720,0.07745,0.06269,0.00000
431.70000,172.72000,-0.10187,0.14180,0.06009,0.07009,0.00000
431.80000,172.76000,-0.10609,0.14665,0.04291,0.07861,0.00000
431.90000,172.80000,-0.10985,0.15176,0.02605,0.08808,0.00000
432.00000,172.84000,-0.11311,0.15712,0.00967,0.09821,0.00000
432.10000,172.88000,-0.11582,0.16274,-0.00607,0.10864,-0.00000
432.20000,172.92000,-0.11795,0.16861,-0.02102,0.11894,-0.00000
432.30000,172.96000,-0.11947,0.17473,-0.03501,0.12862,0.00000
432.40000,173.00000,-0.12033,0.18109,-0.04788,0.13720,0.00000
432.50000,173.04000,-0.12049,0.18768,-0.05948,0.14420,0.00000
432.60000,173.08000,-0.11992,0.19451,-0.06965,0.14920,-0.00000
432.70000,173.12000,-0.11859,0.20156,-0.07826,0.15185,0.00000
432.80000,173.16000,-0.11645,0.20883,-0.08516,0.15192,0.00000
432.90000,173.20000,-0.11349,0.21632,-0.09027,0.14927,0.00000
433.00000,173.24000,-0.10967,0.22401,-0.09351,0.14393,-0.00000
433.10000,173.28000,-0.10497,0.23190,-0.09485,0.13605,0.00000
433.20000,173.32000,-0.09938,0.23998,-0.09429,0.12591,0.00000
433.30000,173.36000,-0.09289,0.24824,-0.09188,0.11392,0.00000
433.40000,173.40000,-0.08549,0.25665,-0.08769,0.10057,0.00000
433.50000,173.44000,-0.07719,0.26520,-0.08187,0.08643,0.00000
433.60000,173.48000,-0.06801,0.27387,-0.07457,0.07209,-0.00000
433.70000,173.52000,-0.05795,0.28261,-0.06601,0.05815,-0.00000
433.80000,173.56000,-0.04706,0.29140,-0.05640,0.04518,0.00000
433.90000,173.60000,-0.03536,0.30018,-0.04599,0.03364,0.00000
434.00000,173.64000,-0.02291,0.30892,-0.03504,0.02394,0.00000
434.10000,173.68000,-0.00976,0.31755,-0.02382,0.01635,0.00000
434.20000,173.72000,0.00403,0.32602,-0.01257,0.01099,0.00000
434.30000,173.76000,0.01839,0.33426,-0.00153,0.00786,0.00000
434.40000,173.80000,0.03323,0.34221,0.00908,0.00684,0.00000
434.50000,173.84000,0.04847,0.34980,0.01907,0.00766,0.00000
434.60000,173.88000,0.06402,0.35697,0.02828,0.00998,-0.00000
434.70000,173.92000,0.07978,0.36365,0.03658,0.01337,-0.00000
434.80000,173.96000,0.09565,0.36978,0.04389,0.01738,0.00000
434.90000,174.00000,0.11153,0.37532,0.05013,0.02154,0.00000
435.00000,174.04000,0.12730,0.38022,0.05530,0.02542,0.00000
435.10000,174.08000,0.14286,0.38444,0.05938,0.02864,0.00000
435.20000,174.12000,0.15809,0.38796,0.06241,0.03090,-0.00000
435.30000,174.16000,0.17290,0.39078,0.06442,0.03201,0.00000
435.40000,174.20000,0.18716,0.39289,0.06548,0.03186,0.00000
435.50000,174.24000,0.20078,0.39431,0.06566,0.03048,-0.00000
435.60000,174.28000,0.21366,0.39507,0.06503,0.02798,-0.00000
435.70000,174.32000,0.22570,0.39522,0.06368,0.02455,0.00000
435.80000,174.36000,0.23681,0.39482,0.06170,0.02045,-0.00000
435.90000,174.40000,0.24691,0.39393,0.05915,0.01600,0.00000
436.00000,174.44000,0.25593,0.39263,0.05612,0.01150,0.00000
436.10000,174.48000,0.26380,0.39103,0.05266,0.00724,-0.00000
436.20000,174.52000,0.27046,0.38920,0.04884,0.00347,0.00000
436.30000,174.56000,0.27585,0.38727,0.04470,0.00039,-0.00000
436.40000,174.60000,0.27995,0.38533,0.04028,-0.00189,0.00000
436.50000,174.64000,0.28273,0.38349,0.03561,-0.00335,-0.00000
436.60000,174.68000,0.28415,0.38185,0.03070,-0.00404,0.00000
436.70000,174.72000,0.28421,0.38052,0.02555,-0.00408,-0.00000
436.80000,174.76000,0.28290,0.37957,0.02016,-0.00368,0.00000
436.90000,174.80000,0.28023,0.37910,0.01452,-0.00306,0.00000
437.00000,174.84000,0.27622,0.37918,0.00860,-0.00249,0.00000
437.10000,174.88000,0.27089,0.37986,0.00237,-0.00219,0.00000
437.20000,174.92000,0.26426,0.38117,-0.00420,-0.00239,0.00000
437.30000,174.96000,0.25637,0.38316,-0.01112,-0.00324,0.00000
437.40000,175.00000,0.24727,0.38581,-0.01843,-0.00483,0.00000
437.50000,175.04000,0.23701,0.38913,-0.02612,-0.00714,0.00000
437.60000,175.08000,0.22563,0.39309,-0.03420,-0.01008,0.00000
437.70000,175.12000,0.21320,0.39764,-0.04263,-0.01349,-0.00000
437.80000,175.16000,0.19978,0.40273,-0.05139,-0.01709,-0.00000
437.90000,175.20000,0.18544,0.40829,-0.06038,-0.02057,0.00000
438.00000,175.24000,0.17025,0.41422,-0.06953,-0.02358,-0.00000
438.10000,175.28000,0.15428,0.42044,-0.07872,-0.02577,-0.00000
438.20000,175.32000,0.13762,0.42685,-0.08779,-0.02678,0.00000
438.30000,175.36000,0.12033,0.43333,-0.09661,-0.02633,0.00000
438.40000,175.40000,0.10252,0.43978,-0.10499,-0.02421,0.00000
438.50000,175.44000,0.08424,0.44608,-0.11277,-0.02028,0.00000
438.60000,175.48000,0.06560,0.45212,-0.11977,-0.01455,0.00000
438.70000,175.52000,0.04668,0.45780,-0.12583,-0.00712,0.00000
438.80000,175.56000,0.02756,0.46300,-0.13082,0.00177,0.00000
438.90000,175.60000,0.00833,0.46763,-0.13462,0.01178,0.00000
439.00000,175.64000,-0.01094,0.47160,-0.13716,0.02246,0.00000
439.10000,175.68000,-0.03015,0.47483,-0.13840,0.03330,-0.00000
439.20000,175.72000,-0.04922,0.47725,-0.13833,0.04372,0.00000
439.30000,175.76000,-0.06809,0.47878,-0.13701,0.05316,0.00000
439.40000,175.80000,-0.08666,0.47939,-0.13452,0.06103,0.00000
439.50000,175.84000,-0.10487,0.47902,-0.13098,0.06682,0.00000
439.60000,175.88000,-0.12265,0.47765,-0.12654,0.07008,0.00000
439.70000,175.92000,-0.13993,0.47525,-0.12136,0.07047,0.00000
439.80000,175.96000,-0.15666,0.47181,-0.11562,0.06775,0.00000
439.90000,176.00000,-0.17277,0.46733,-0.10949,0.06181,0.00000
440.00000,176.04000,-0.18821,0.46181,-0.10312,0.05268,-0.00000
440.10000,176.08000,-0.20294,0.45526,-0.09665,0.04052,0.00000
440.20000,176.12000,-0.21690,0.44772,-0.09018,0.02559,0.00000
440.30000,176.16000,-0.23007,0.43921,-0.08377,0.00826,0.00000
440.40000,176.20000,-0.24239,0.42977,-0.07744,-0.01102,-0.00000
440.50000,176.24000,-0.25384,0.41945,-0.07119,-0.03173,-0.00000
440.60000,176.28000,-0.26439,0.40831,-0.06494,-0.05334,0.00000
440.70000,176.32000,-0.27402,0.39641,-0.05862,-0.07529,0.00000
440.80000,176.36000,-0.28269,0.38382,-0.05212,-0.09706,0.00000
440.90000,176.40000,-0.29038,0.37061,-0.04531,-0.11813,0.00000
441.00000,176.44000,-0.29708,0.35686,-0.03807,-0.13806,-0.00000
441.10000,176.48000,-0.30278,0.34267,-0.03030,-0.15646,0.00000
441.20000,176.52000,-0.30745,0.32811,-0.02190,-0.17299,-0.00000
441.30000,176.56000,-0.31108,0.31328,-0.01283,-0.18740,-0.00000
441.40000,176.60000,-0.31367,0.29827,-0.00307,-0.19950,0.00000
441.50000,176.64000,-0.31520,0.28319,0.00735,-0.20918,0.00000
441.60000,176.68000,-0.31568,0.26812,0.01835,-0.21635,0.00000
441.70000,176.72000,-0.31511,0.25316,0.02981,-0.22101,0.00000
441.80000,176.76000,-0.31347,0.23841,0.04157,-0.22316,0.00000
441.90000,176.80000,-0.31080,0.22396,0.05344,-0.22285,-0.00000
442.00000,176.84000,-0.30708,0.20989,0.06521,-0.22017,0.00000
442.10000,176.88000,-0.30234,0.19630,0.07668,-0.21519,0.00000
442.20000,176.92000,-0.29660,0.18327,0.08763,-0.20803,0.00000
442.30000,176.96000,-0.28988,0.17087,0.09787,-0.19880,0.00000
442.40000,177.00000,-0.28221,0.15917,0.10725,-0.18762,0.00000
442.50000,177.04000,-0.27362,0.14826,0.11565,-0.17464,0.00000
442.60000,177.08000,-0.26415,0.13819,0.12300,-0.16000,0.00000
442.70000,177.12000,-0.25385,0.12903,0.12928,-0.14387,0.00000
442.80000,177.16000,-0.24276,0.12083,0.13451,-0.12644,-0.00000
442.90000,177.20000,-0.23094,0.11364,0.13876,-0.10791,-0.00000
443.00000,177.24000,-0.21844,0.10750,0.14213,-0.08848,0.00000
443.10000,177.28000,-0.20531,0.10246,0.14475,-0.06839,-0.00000
443.20000,177.32000,-0.19162,0.09855,0.14676,-0.04787,0.00000
443.30000,177.36000,-0.17743,0.09579,0.14830,-0.02716,0.00000
443.40000,177.40000,-0.16280,0.09420,0.14950,-0.00653,0.00000
443.50000,177.44000,-0.14780,0.09379,0.15045,0.01381,0.00000
443.60000,177.48000,-0.13249,0.09455,0.15123,0.03362,0.00000
443.70000,177.52000,-0.11692,0.09648,0.15185,0.05268,0.00000
443.80000,177.56000,-0.10117,0.09955,0.15228,0.07081,-0.00000
443.90000,177.60000,-0.08530,0.10373,0.15246,0.08783,-0.00000
444.00000,177.64000,-0.06935,0.10898,0.15228,0.10362,0.00000
444.10000,177.68000,-0.05338,0.11524,0.15158,0.11805,0.00000
444.20000,177.72000,-0.03745,0.12246,0.15019,0.13104,0.00000
444.30000,177.76000,-0.02160,0.13055,0.14793,0.14251,0.00000
444.40000,177.80000,-0.00588,0.13945,0.14460,0.15243,0.00000
444.50000,177.84000,0.00966,0.14905,0.14005,0.16077,0.00000
444.60000,177.88000,0.02499,0.15927,0.13413,0.16752,0.00000
444.70000,177.92000,0.04007,0.17001,0.12674,0.17266,0.00000
444.80000,177.96000,0.05485,0.18116,0.11783,0.17620,0.00000
444.90000,178.00000,0.06931,0.19264,0.10741,0.17816,-0.00000
445.00000,178.04000,0.08342,0.20433,0.09554,0.17855,0.00000
445.10000,178.08000,0.09713,0.21615,0.08234,0.17739,0.00000
445.20000,178.12000,0.11043,0.22800,0.06799,0.17472,0.00000
445.30000,178.16000,0.12327,0.23979,0.05272,0.17060,0.00000
445.40000,178.20000,0.13563,0.25145,0.03676,0.16508,0.00000
445.50000,178.24000,0.14749,0.26289,0.02039,0.15827,-0.00000
445.60000,178.28000,0.15880,0.27405,0.00390,0.15026,0.00000
445.70000,178.32000,0.16955,0.28487,-0.01245,0.14121,-0.00000
445.80000,178.36000,0.17971,0.29529,-0.02838,0.13127,0.00000
445.90000,178.40000,0.18924,0.30526,-0.04368,0.12063,0.00000
446.00000,178.44000,0.19812,0.31475,-0.05815,0.10949,0.00000
446.10000,178.48000,0.20633,0.32372,-0.07165,0.09807,0.00000
446.20000,178.52000,0.21383,0.33212,-0.08407,0.08660,0.00000
446.30000,178.56000,0.22060,0.33995,-0.09536,0.07529,0.00000
446.40000,178.60000,0.22663,0.34716,-0.10551,0.06436,-0.00000
446.50000,178.64000,0.23187,0.35375,-0.11453,0.05398,0.00000
446.60000,178.68000,0.23632,0.35968,-0.12249,0.04433,-0.00000
446.70000,178.72000,0.23996,0.36496,-0.12946,0.03551,-0.00000
446.80000,178.76000,0.24276,0.36956,-0.13553,0.02761,-0.00000
446.90000,178.80000,0.24472,0.37348,-0.14079,0.02065,0.00000
447.00000,178.84000,0.24583,0.37671,-0.14535,0.01462,0.00000
447.10000,178.88000,0.24608,0.37925,-0.14927,0.00947,0.00000
447.20000,178.92000,0.24548,0.38111,-0.15262,0.00510,0.00000
447.30000,178.96000,0.24401,0.38230,-0.15547,0.00139,0.00000
447.40000,179.00000,0.24171,0.38284,-0.15783,-0.00180,0.00000
447.50000,179.04000,0.23857,0.38273,-0.15972,-0.00462,0.00000
447.60000,179.08000,0.23462,0.38201,-0.16114,-0.00722,0.00000
447.70000,179.12000,0.22990,0.38070,-0.16207,-0.00974,-0.00000
447.80000,179.16000,0.22442,0.37884,-0.16248,-0.01228,0.00000
447.90000,179.20000,0.21823,0.37647,-0.16233,-0.01495,-0.00000
448.00000,179.24000,0.21139,0.37363,-0.16159,-0.01778,0.00000
448.10000,179.28000,0.20393,0.37036,-0.16022,-0.02081,0.00000
448.20000,179.32000,0.19591,0.36671,-0.15817,-0.02401,-0.00000
448.30000,179.36000,0.18741,0.36272,-0.15540,-0.02735,0.00000
448.40000,179.40000,0.17848,0.35845,-0.15187,-0.03075,0.00000
448.50000,179.44000,0.16919,0.35393,-0.14756,-0.03413,0.00000
448.60000,179.48000,0.15961,0.34922,-0.14241,-0.03740,-0.00000
448.70000,179.52000,0.14983,0.34436,-0.13639,-0.04044,0.00000
448.80000,179.56000,0.13990,0.33938,-0.12947,-0.04317,-0.00000
448.90000,179.60000,0.12990,0.33434,-0.12159,-0.04552,0.00000
449.00000,179.64000,0.11991,0.32926,-0.11272,-0.04741,0.00000
449.10000,179.68000,0.10998,0.32418,-0.10282,-0.04880,0.00000
449.20000,179.72000,0.10017,0.31913,-0.09185,-0.04966,0.00000
449.30000,179.76000,0.09056,0.31415,-0.07979,-0.04999,0.00000
449.40000,179.80000,0.08117,0.30927,-0.06662,-0.04978,0.00000
449.50000,179.84000,0.07207,0.30451,-0.05236,-0.04906,0.00000
449.60000,179.88000,0.06328,0.29990,-0.03705,-0.04783,-0.00000
449.70000,179.92000,0.05484,0.29546,-0.02074,-0.04611,0.00000
449.80000,179.96000,0.04676,0.29124,-0.00355,-0.04391,0.00000
449.90000,180.00000,0.03907,0.28724,0.01440,-0.04122,0.00000
450.00000,180.04000,0.03177,0.28350,0.03290,-0.03803,0.00000
450.10000,180.08000,0.02487,0.28003,0.05175,-0.03432,0.00000
450.20000,180.12000,0.01835,0.27686,0.07070,-0.03006,0.00000
450.30000,180.16000,0.01221,0.27401,0.08945,-0.02522,0.00000
450.40000,180.20000,0.00644,0.27150,0.10770,-0.01979,0.00000
450.50000,180.24000,0.00102,0.26934,0.12515,-0.01375,0.00000
450.60000,180.28000,-0.00409,0.26754,0.14148,-0.00714,0.00000
450.70000,180.32000,-0.00889,0.26611,0.15640,0.00000,0.00000
450.80000,180.36000,-0.01343,0.26505,0.16962,0.00758,0.00000
450.90000,180.40000,-0.01773,0.26436,0.18093,0.01545,0.00000
451.00000,180.44000,-0.02182,0.26404,0.19012,0.02344,0.00000
451.10000,180.48000,-0.02575,0.26406,0.19708,0.03133,0.00000
451.20000,180.52000,-0.02953,0.26443,0.20173,0.03885,0.00000
451.30000,180.56000,-0.03321,0.26513,0.20407,0.04574,0.00000
451.40000,180.60000,-0.03683,0.26612,0.20415,0.05168,-0.00000
451.50000,180.64000,-0.04041,0.26740,0.20208,0.05641,-0.00000
451.60000,180.68000,-0.04399,0.26893,0.19804,0.05963,-0.00000
451.70000,180.72000,-0.04761,0.27069,0.19223,0.06113,-0.00000
451.80000,180.76000,-0.05130,0.27265,0.18488,0.06072,0.00000
451.90000,180.80000,-0.05508,0.27479,0.17626,0.05829,-0.00000
452.00000,180.84000,-0.05899,0.27707,0.16663,0.05381,0.00000
452.10000,180.88000,-0.06304,0.27947,0.15623,0.04733,0.00000
452.20000,180.92000,-0.06727,0.28195,0.14532,0.03900,0.00000
452.30000,180.96000,-0.07167,0.28450,0.13411,0.02903,0.00000
452.40000,181.00000,-0.07628,0.28709,0.12276,0.01772,0.00000
452.50000,181.04000,-0.08108,0.28969,0.11143,0.00544,0.00000
452.60000,181.08000,-0.08608,0.29228,0.10022,-0.00742,-0.00000
452.70000,181.12000,-0.09128,0.29484,0.08918,-0.02041,-0.00000
452.80000,181.16000,-0.09665,0.29733,0.07834,-0.03310,0.00000
452.90000,181.20000,-0.10218,0.29975,0.06771,-0.04508,0.00000
453.00000,181.24000,-0.10785,0.30206,0.05725,-0.05596,0.00000
453.10000,181.28000,-0.11360,0.30425,0.04692,-0.06542,0.00000
453.20000,181.32000,-0.11942,0.30630,0.03667,-0.07321,0.00000
453.30000,181.36000,-0.12524,0.30819,0.02645,-0.07915,-0.00000
453.40000,181.40000,-0.13102,0.30990,0.01622,-0.08313,-0.00000
453.50000,181.44000,-0.13671,0.31143,0.00596,-0.08516,0.00000
453.60000,181.48000,-0.14225,0.31275,-0.00436,-0.08530,-0.00000
453.70000,181.52000,-0.14757,0.31386,-0.01473,-0.08366,0.00000
453.80000,181.56000,-0.15261,0.31475,-0.02510,-0.08044,0.00000
453.90000,181.60000,-0.15732,0.31543,-0.03544,-0.07586,-0.00000
454.00000,181.64000,-0.16163,0.31589,-0.04568,-0.07015,0.00000
454.10000,181.68000,-0.16548,0.31614,-0.05573,-0.06355,-0.00000
454.20000,181.72000,-0.16882,0.31620,-0.06550,-0.05631,0.00000
454.30000,181.76000,-0.17160,0.31607,-0.07489,-0.04862,0.00000
454.40000,181.80000,-0.17376,0.31579,-0.08378,-0.04067,0.00000
454.50000,181.84000,-0.17526,0.31537,-0.09207,-0.03261,0.00000
454.60000,181.88000,-0.17607,0.31485,-0.09967,-0.02454,0.00000
454.70000,181.92000,-0.17616,0.31425,-0.10648,-0.01654,0.00000
454.80000,181.96000,-0.17550,0.31362,-0.11242,-0.00867,-0.00000
454.90000,182.00000,-0.17407,0.31298,-0.11740,-0.00097,0.00000
455.00000,182.04000,-0.17186,0.31239,-0.12139,0.00654,0.00000
455.10000,182.08000,-0.16887,0.31187,-0.12432,0.01380,0.00000
455.20000,182.12000,-0.16511,0.31147,-0.12616,0.02077,0.00000
455.30000,182.16000,-0.16058,0.31122,-0.12690,0.02735,-0.00000
455.40000,182.20000,-0.15531,0.31116,-0.12653,0.03344,0.00000
455.50000,182.24000,-0.14931,0.31133,-0.12506,0.03890,0.00000
455.60000,182.28000,-0.14262,0.31176,-0.12253,0.04356,0.00000
455.70000,182.32000,-0.13528,0.31247,-0.11897,0.04723,-0.00000
455.80000,182.36000,-0.12732,0.31348,-0.11444,0.04971,0.00000
455.90000,182.40000,-0.11881,0.31482,-0.10903,0.05080,0.00000
456.00000,182.44000,-0.10978,0.31650,-0.10284,0.05031,0.00000
456.10000,182.48000,-0.10031,0.31852,-0.09598,0.04810,0.00000
456.20000,182.52000,-0.09045,0.32088,-0.08859,0.04405,0.00000
456.30000,182.56000,-0.08026,0.32357,-0.08083,0.03814,0.00000
456.40000,182.60000,-0.06982,0.32660,-0.07286,0.03037,0.00000
456.50000,182.64000,-0.05919,0.32993,-0.06486,0.02086,0.00000
456.60000,182.68000,-0.04844,0.33354,-0.05701,0.00978,0.00000
456.70000,182.72000,-0.03764,0.33740,-0.04947,-0.00261,-0.00000
456.80000,182.76000,-0.02687,0.34148,-0.04243,-0.01599,0.00000
456.90000,182.80000,-0.01618,0.34572,-0.03604,-0.02998,0.00000
457.00000,182.84000,-0.00565,0.35010,-0.03041,-0.04416,0.00000
457.10000,182.88000,0.00467,0.35454,-0.02566,-0.05809,0.00000
457.20000,182.92000,0.01470,0.35901,-0.02184,-0.07133,0.00000
457.30000,182.96000,0.02440,0.36343,-0.01899,-0.08345,0.00000
457.40000,183.00000,0.03372,0.36775,-0.01708,-0.09406,0.00000
457.50000,183.04000,0.04261,0.37191,-0.01607,-0.10284,0.00000
457.60000,183.08000,0.05103,0.37584,-0.01585,-0.10951,-0.00000
457.70000,183.12000,0.05894,0.37948,-0.01630,-0.11389,-0.00000
457.80000,183.16000,0.06631,0.38277,-0.01726,-0.11588,0.00000
457.90000,183.20000,0.07313,0.38564,-0.01856,-0.11545,0.00000
458.00000,183.24000,0.07937,0.38805,-0.02000,-0.11267,0.00000
458.10000,183.28000,0.08503,0.38993,-0.02139,-0.10767,-0.00000
458.20000,183.32000,0.09010,0.39125,-0.02255,-0.10065,0.00000
458.30000,183.36000,0.09457,0.39197,-0.02331,-0.09185,-0.00000
458.40000,183.40000,0.09847,0.39204,-0.02353,-0.08155,0.00000
458.50000,183.44000,0.10179,0.39145,-0.02311,-0.07005,-0.00000
458.60000,183.48000,0.10456,0.39018,-0.02197,-0.05763,0.00000
458.70000,183.52000,0.10680,0.38822,-0.02008,-0.04459,-0.00000
458.80000,183.56000,0.10853,0.38557,-0.01745,-0.03120,0.00000
458.90000,183.60000,0.10979,0.38225,-0.01413,-0.01768,-0.00000
459.00000,183.64000,0.11059,0.37827,-0.01018,-0.00424,0.00000
459.10000,183.68000,0.11099,0.37367,-0.00572,0.00896,0.00000
459.20000,183.72000,0.11101,0.36849,-0.00086,0.02180,0.00000
459.30000,183.76000,0.11068,0.36277,0.00427,0.03419,0.00000
459.40000,183.80000,0.11006,0.35657,0.00954,0.04608,-0.00000
459.50000,183.84000,0.10916,0.34996,0.01484,0.05743,0.00000
459.60000,183.88000,0.10803,0.34301,0.02004,0.06823,0.00000
459.70000,183.92000,0.10669,0.33579,0.02508,0.07848,0.00000
459.80000,183.96000,0.10519,0.32837,0.02989,0.08819,-0.00000
459.90000,184.00000,0.10354,0.32085,0.03445,0.09735,0.00000
460.00000,184.04000,0.10178,0.31330,0.03874,0.10596,-0.00000
460.10000,184.08000,0.09993,0.30580,0.04279,0.11402,0.00000
460.20000,184.12000,0.09801,0.29842,0.04664,0.12151,0.00000
460.30000,184.16000,0.09604,0.29122,0.05034,0.12840,-0.00000
460.40000,184.20000,0.09404,0.28428,0.05395,0.13466,0.00000
460.50000,184.24000,0.09203,0.27765,0.05754,0.14023,0.00000
460.60000,184.28000,0.09000,0.27136,0.06116,0.14507,0.00000
460.70000,184.32000,0.08799,0.26545,0.06485,0.14911,0.00000
460.80000,184.36000,0.08599,0.25994,0.06863,0.15228,-0.00000
460.90000,184.40000,0.08402,0.25483,0.07249,0.15453,-0.00000
461.00000,184.44000,0.08209,0.25011,0.07641,0.15576,-0.00000
461.10000,184.48000,0.08020,0.24577,0.08034,0.15591,0.00000
461.20000,184.52000,0.07835,0.24177,0.08420,0.15491,0.00000
461.30000,184.56000,0.07657,0.23806,0.08790,0.15268,-0.00000
461.40000,184.60000,0.07485,0.23459,0.09131,0.14914,-0.00000
461.50000,184.64000,0.07319,0.23130,0.09433,0.14422,0.00000
461.60000,184.68000,0.07160,0.22810,0.09684,0.13788,-0.00000
461.70000,184.72000,0.07008,0.22493,0.09872,0.13004,0.00000
461.80000,184.76000,0.06862,0.22169,0.09987,0.12069,0.00000
461.90000,184.80000,0.06722,0.21832,0.10020,0.10982,0.00000
462.00000,184.84000,0.06587,0.21472,0.09967,0.09743,0.00000
462.10000,184.88000,0.06457,0.21082,0.09823,0.08357,0.00000
462.20000,184.92000,0.06328,0.20657,0.09589,0.06835,0.00000
462.30000,184.96000,0.06201,0.20188,0.09267,0.05188,0.00000
462.40000,185.00000,0.06072,0.19673,0.08861,0.03436,-0.00000
462.50000,185.04000,0.05939,0.19107,0.08378,0.01599,0.00000
462.60000,185.08000,0.05799,0.18488,0.07827,-0.00294,0.00000
462.70000,185.12000,0.05650,0.17817,0.07217,-0.02213,0.00000
462.80000,185.16000,0.05487,0.17095,0.06557,-0.04124,0.00000
462.90000,185.20000,0.05309,0.16324,0.05856,-0.05989,0.00000
463.00000,185.24000,0.05112,0.15510,0.05122,-0.07771,0.00000
463.10000,185.28000,0.04893,0.14660,0.04362,-0.09433,0.00000
463.20000,185.32000,0.04649,0.13781,0.03580,-0.10939,0.00000
463.30000,185.36000,0.04379,0.12883,0.02778,-0.12256,-0.00000
463.40000,185.40000,0.04079,0.11979,0.01955,-0.13357,0.00000
463.50000,185.44000,0.03749,0.11079,0.01111,-0.14220,0.00000
463.60000,185.48000,0.03387,0.10197,0.00241,-0.14832,0.00000
463.70000,185.52000,0.02993,0.09347,-0.00660,-0.15186,0.00000
463.80000,185.56000,0.02568,0.08544,-0.01597,-0.15283,0.00000
463.90000,185.60000,0.02110,0.07803,-0.02576,-0.15134,0.00000
464.00000,185.64000,0.01623,0.07138,-0.03601,-0.14757,0.00000
464.10000,185.68000,0.01108,0.06564,-0.04674,-0.14177,0.00000
464.20000,185.72000,0.00567,0.06095,-0.05795,-0.13427,0.00000
464.30000,185.76000,0.00002,0.05744,-0.06962,-0.12540,0.00000
464.40000,185.80000,-0.00582,0.05523,-0.08168,-0.11556,-0.00000
464.50000,185.84000,-0.01184,0.05444,-0.09403,-0.10513,0.00000
464.60000,185.88000,-0.01798,0.05517,-0.10652,-0.09451,0.00000
464.70000,185.92000,-0.02422,0.05750,-0.11897,-0.08405,-0.00000
464.80000,185.96000,-0.03051,0.06150,-0.13117,-0.07406,0.00000
464.90000,186.00000,-0.03681,0.06721,-0.14288,-0.06482,0.00000
465.00000,186.04000,-0.04309,0.07468,-0.15384,-0.05653,0.00000
465.10000,186.08000,-0.04929,0.08391,-0.16376,-0.04932,0.00000
465.20000,186.12000,-0.05540,0.09491,-0.17237,-0.04326,0.00000
465.30000,186.16000,-0.06136,0.10764,-0.17940,-0.03836,0.00000
465.40000,186.20000,-0.06714,0.12208,-0.18461,-0.03454,-0.00000
465.50000,186.24000,-0.07272,0.13817,-0.18777,-0.03171,0.00000
465.60000,186.28000,-0.07805,0.15584,-0.18871,-0.02972,0.00000
465.70000,186.32000,-0.08311,0.17499,-0.18728,-0.02838,0.00000
465.80000,186.36000,-0.08787,0.19554,-0.18341,-0.02750,0.00000
465.90000,186.40000,-0.09232,0.21736,-0.17707,-0.02689,0.00000
466.00000,186.44000,-0.09642,0.24032,-0.16827,-0.02636,0.00000
466.10000,186.48000,-0.10015,0.26431,-0.15710,-0.02575,0.00000
466.20000,186.52000,-0.10351,0.28917,-0.14368,-0.02490,-0.00000
466.30000,186.56000,-0.10647,0.31475,-0.12819,-0.02371,0.00000
466.40000,186.60000,-0.10903,0.34090,-0.11083,-0.02210,0.00000
466.50000,186.64000,-0.11118,0.36746,-0.09184,-0.02003,-0.00000
466.60000,186.68000,-0.11290,0.39428,-0.07147,-0.01748,0.00000
466.70000,186.72000,-0.11420,0.42119,-0.04998,-0.01448,0.00000
466.80000,186.76000,-0.11508,0.44804,-0.02764,-0.01105,-0.00000
466.90000,186.80000,-0.11553,0.47466,-0.00471,-0.00724,0.00000
467.00000,186.84000,-0.11556,0.50090,0.01859,-0.00313,0.00000
467.10000,186.88000,-0.11516,0.52661,0.04201,0.00122,0.00000
467.20000,186.92000,-0.11435,0.55165,0.06537,0.00574,0.00000
467.30000,186.96000,-0.11313,0.57587,0.08848,0.01038,-0.00000
467.40000,187.00000,-0.11150,0.59914,0.11117,0.01506,0.00000
467.50000,187.04000,-0.10949,0.62134,0.13331,0.01975,0.00000
467.60000,187.08000,-0.10708,0.64232,0.15476,0.02440,0.00000
467.70000,187.12000,-0.10430,0.66199,0.17540,0.02897,0.00000
467.80000,187.16000,-0.10115,0.68022,0.19512,0.03345,-0.00000
467.90000,187.20000,-0.09765,0.69692,0.21377,0.03779,0.00000
468.00000,187.24000,-0.09380,0.71198,0.23123,0.04198,0.00000
468.10000,187.28000,-0.08962,0.72531,0.24735,0.04598,0.00000
468.20000,187.32000,-0.08512,0.73683,0.26197,0.04977,0.00000
468.30000,187.36000,-0.08032,0.74645,0.27490,0.05332,0.00000
468.40000,187.40000,-0.07524,0.75410,0.28597,0.05658,0.00000
468.50000,187.44000,-0.06989,0.75972,0.29496,0.05952,0.00000
468.60000,187.48000,-0.06429,0.76324,0.30169,0.06211,0.00000
468.70000,187.52000,-0.05847,0.76463,0.30596,0.06430,-0.00000
468.80000,187.56000,-0.05246,0.76383,0.30758,0.06607,0.00000
468.90000,187.60000,-0.04628,0.76082,0.30641,0.06739,0.00000
469.00000,187.64000,-0.03997,0.75558,0.30231,0.06825,-0.00000
469.10000,187.68000,-0.03356,0.74811,0.29521,0.06866,0.00000
469.20000,187.72000,-0.02709,0.73842,0.28507,0.06863,0.00000
469.30000,187.76000,-0.02059,0.72654,0.27192,0.06819,-0.00000
469.40000,187.80000,-0.01411,0.71250,0.25584,0.06739,0.00000
469.50000,187.84000,-0.00769,0.69636,0.23697,0.06629,0.00000
469.60000,187.88000,-0.00137,0.67820,0.21550,0.06495,0.00000
469.70000,187.92000,0.00481,0.65810,0.19167,0.06344,0.00000
469.80000,187.96000,0.01079,0.63618,0.16577,0.06184,0.00000
469.90000,188.00000,0.01655,0.61256,0.13812,0.06021,-0.00000
470.00000,188.04000,0.02204,0.58738,0.10906,0.05863,0.00000
470.10000,188.08000,0.02722,0.56079,0.07893,0.05714,0.00000
470.20000,188.12000,0.03207,0.53296,0.04807,0.05577,0.00000
470.30000,188.16000,0.03654,0.50405,0.01682,0.05454,0.00000
470.40000,188.20000,0.04061,0.47425,-0.01451,0.05345,0.00000
470.50000,188.24000,0.04426,0.44375,-0.04565,0.05245,-0.00000
470.60000,188.28000,0.04747,0.41274,-0.07638,0.05150,-0.00000
470.70000,188.32000,0.05023,0.38140,-0.10648,0.05054,-0.00000
470.80000,188.36000,0.05252,0.34994,-0.13581,0.04947,0.00000
470.90000,188.40000,0.05435,0.31852,-0.16424,0.04822,0.00000
471.00000,188.44000,0.05571,0.28735,-0.19168,0.04667,0.00000
471.10000,188.48000,0.05661,0.25659,-0.21807,0.04473,0.00000
471.20000,188.52000,0.05707,0.22640,-0.24335,0.04231,0.00000
471.30000,188.56000,0.05710,0.19695,-0.26747,0.03933,0.00000
471.40000,188.60000,0.05672,0.16837,-0.29037,0.03573,0.00000
471.50000,188.64000,0.05596,0.14082,-0.31200,0.03148,0.00000
471.60000,188.68000,0.05485,0.11440,-0.33224,0.02657,0.00000
471.70000,188.72000,0.05342,0.08924,-0.35100,0.02101,0.00000
471.80000,188.76000,0.05171,0.06543,-0.36812,0.01486,-0.00000
471.90000,188.80000,0.04977,0.04306,-0.38344,0.00819,0.00000
472.00000,188.84000,0.04763,0.02223,-0.39675,0.00110,0.00000
472.10000,188.88000,0.04533,0.00298,-0.40786,-0.00627,0.00000
472.20000,188.92000,0.04294,-0.01461,-0.41652,-0.01378,0.00000
472.30000,188.96000,0.04049,-0.03051,-0.42253,-0.02128,0.00000
472.40000,189.00000,0.03802,-0.04468,-0.42565,-0.02860,0.00000
472.50000,189.04000,0.03559,-0.05711,-0.42571,-0.03560,0.00000
472.60000,189.08000,0.03324,-0.06777,-0.42254,-0.04212,0.00000
472.70000,189.12000,0.03100,-0.07668,-0.41602,-0.04805,0.00000
472.80000,189.16000,0.02892,-0.08384,-0.40608,-0.05327,-0.00000
472.90000,189.20000,0.02704,-0.08929,-0.39269,-0.05773,0.00000
473.00000,189.24000,0.02537,-0.09306,-0.37590,-0.06139,-0.00000
473.10000,189.28000,0.02396,-0.09520,-0.35580,-0.06426,0.00000
473.20000,189.32000,0.02282,-0.09578,-0.33255,-0.06638,-0.00000
473.30000,189.36000,0.02197,-0.09486,-0.30634,-0.06782,0.00000
473.40000,189.40000,0.02141,-0.09252,-0.27743,-0.06871,0.00000
473.50000,189.44000,0.02116,-0.08886,-0.24610,-0.06918,0.00000
473.60000,189.48000,0.02120,-0.08396,-0.21268,-0.06940,0.00000
473.70000,189.52000,0.02155,-0.07793,-0.17750,-0.06954,0.00000
473.80000,189.56000,0.02218,-0.07086,-0.14093,-0.06976,0.00000
473.90000,189.60000,0.02307,-0.06287,-0.10333,-0.07024,0.00000
474.00000,189.64000,0.02422,-0.05404,-0.06507,-0.07112,0.00000
474.10000,189.68000,0.02558,-0.04448,-0.02651,-0.07251,-0.00000
474.20000,189.72000,0.02714,-0.03427,0.01198,-0.07449,-0.00000
474.30000,189.76000,0.02886,-0.02352,0.05006,-0.07709,-0.00000
474.40000,189.80000,0.03071,-0.01229,0.08739,-0.08029,-0.00000
474.50000,189.84000,0.03265,-0.00065,0.12363,-0.08404,0.00000
474.60000,189.88000,0.03463,0.01132,0.15849,-0.08822,0.00000
474.70000,189.92000,0.03663,0.02357,0.19165,-0.09267,0.00000
474.80000,189.96000,0.03861,0.03605,0.22283,-0.09721,0.00000
474.90000,190.00000,0.04051,0.04873,0.25176,-0.10162,0.00000
475.00000,190.04000,0.04231,0.06157,0.27820,-0.10567,0.00000
475.10000,190.08000,0.04397,0.07455,0.30193,-0.10912,0.00000
475.20000,190.12000,0.04545,0.08764,0.32276,-0.11175,0.00000
475.30000,190.16000,0.04672,0.10083,0.34053,-0.11337,0.00000
475.40000,190.20000,0.04775,0.11409,0.35512,-0.11382,-0.00000
475.50000,190.24000,0.04850,0.12742,0.36647,-0.11297,0.00000
475.60000,190.28000,0.04897,0.14081,0.37456,-0.11076,0.00000
475.70000,190.32000,0.04912,0.15424,0.37942,-0.10719,-0.00000
475.80000,190.36000,0.04893,0.16769,0.38116,-0.10229,0.00000
475.90000,190.40000,0.04840,0.18117,0.37990,-0.09617,0.00000
476.00000,190.44000,0.04751,0.19465,0.37586,-0.08896,0.00000
476.10000,190.48000,0.04626,0.20812,0.36927,-0.08084,0.00000
476.20000,190.52000,0.04465,0.22158,0.36042,-0.07202,0.00000
476.30000,190.56000,0.04268,0.23499,0.34963,-0.06271,0.00000
476.40000,190.60000,0.04036,0.24837,0.33722,-0.05309,-0.00000
476.50000,190.64000,0.03770,0.26168,0.32352,-0.04337,-0.00000
476.60000,190.68000,0.03471,0.27493,0.30886,-0.03370,0.00000
476.70000,190.72000,0.03141,0.28809,0.29355,-0.02419,0.00000
476.80000,190.76000,0.02783,0.30117,0.27787,-0.01491,0.00000
476.90000,190.80000,0.02398,0.31416,0.26203,-0.00587,-0.00000
477.00000,190.84000,0.01991,0.32705,0.24624,0.00297,0.00000
477.10000,190.88000,0.01563,0.33983,0.23063,0.01168,0.00000
477.20000,190.92000,0.01119,0.35250,0.21527,0.02039,0.00000
477.30000,190.96000,0.00662,0.36504,0.20020,0.02924,0.00000
477.40000,191.00000,0.00195,0.37746,0.18540,0.03840,0.00000
477.50000,191.04000,-0.00277,0.38974,0.17083,0.04802,0.00000
477.60000,191.08000,-0.00750,0.40186,0.15640,0.05823,0.00000
477.70000,191.12000,-0.01221,0.41380,0.14201,0.06916,0.00000
477.80000,191.16000,-0.01685,0.42555,0.12758,0.08086,0.00000
477.90000,191.20000,-0.02138,0.43707,0.11299,0.09335,0.00000
478.00000,191.24000,-0.02576,0.44833,0.09817,0.10656,0.00000
478.10000,191.28000,-0.02995,0.45930,0.08305,0.12039,0.00000
478.20000,191.32000,-0.03391,0.46994,0.06760,0.13465,0.00000
478.30000,191.36000,-0.03761,0.48019,0.05182,0.14910,0.00000
478.40000,191.40000,-0.04101,0.49001,0.03574,0.16345,0.00000
478.50000,191.44000,-0.04409,0.49935,0.01941,0.17739,-0.00000
478.60000,191.48000,-0.04680,0.50817,0.00293,0.19055,0.00000
478.70000,191.52000,-0.04913,0.51639,-0.01362,0.20260,0.00000
478.80000,191.56000,-0.05105,0.52399,-0.03011,0.21317,-0.00000
478.90000,191.60000,-0.05254,0.53089,-0.04645,0.22195,-0.00000
479.00000,191.64000,-0.05360,0.53707,-0.06250,0.22865,0.00000
479.10000,191.68000,-0.05420,0.54248,-0.07819,0.23305,0.00000
479.20000,191.72000,-0.05433,0.54709,-0.09342,0.23496,0.00000
479.30000,191.76000,-0.05400,0.55086,-0.10814,0.23428,-0.00000
479.40000,191.80000,-0.05320,0.55377,-0.12230,0.23095,0.00000
479.50000,191.84000,-0.05193,0.55581,-0.13588,0.22501,0.00000
479.60000,191.88000,-0.05021,0.55699,-0.14888,0.21652,-0.00000
479.70000,191.92000,-0.04803,0.55729,-0.16129,0.20563,0.00000
479.80000,191.96000,-0.04542,0.55673,-0.17312,0.19253,0.00000
479.90000,192.00000,-0.04239,0.55534,-0.18437,0.17743,0.00000
480.00000,192.04000,-0.03895,0.55314,-0.19504,0.16059,0.00000
480.10000,192.08000,-0.03514,0.55017,-0.20510,0.14230,0.00000
480.20000,192.12000,-0.03097,0.54648,-0.21450,0.12285,0.00000
480.30000,192.16000,-0.02647,0.54211,-0.22316,0.10254,0.00000
480.40000,192.20000,-0.02166,0.53713,-0.23099,0.08167,0.00000
480.50000,192.24000,-0.01659,0.53159,-0.23785,0.06056,-0.00000
480.60000,192.28000,-0.01129,0.52556,-0.24361,0.03950,-0.00000
480.70000,192.32000,-0.00579,0.51910,-0.24810,0.01878,-0.00000
480.80000,192.36000,-0.00013,0.51228,-0.25115,-0.00131,-0.00000
480.90000,192.40000,0.00566,0.50515,-0.25260,-0.02052,0.00000
481.00000,192.44000,0.01152,0.49778,-0.25228,-0.03858,0.00000
481.10000,192.48000,0.01742,0.49024,-0.25008,-0.05527,0.00000
481.20000,192.52000,0.02332,0.48256,-0.24590,-0.07039,0.00000
481.30000,192.56000,0.02917,0.47480,-0.23966,-0.08379,0.00000
481.40000,192.60000,0.03493,0.46700,-0.23137,-0.09532,-0.00000
481.50000,192.64000,0.04056,0.45919,-0.22105,-0.10493,0.00000
481.60000,192.68000,0.04601,0.45140,-0.20880,-0.11258,0.00000
481.70000,192.72000,0.05124,0.44364,-0.19473,-0.11832,0.00000
481.80000,192.76000,0.05621,0.43593,-0.17904,-0.12223,0.00000
481.90000,192.80000,0.06088,0.42827,-0.16193,-0.12449,0.00000
482.00000,192.84000,0.06521,0.42066,-0.14364,-0.12529,0.00000
482.10000,192.88000,0.06917,0.41309,-0.12444,-0.12492,0.00000
482.20000,192.92000,0.07273,0.40556,-0.10460,-0.12368,0.00000
482.30000,192.96000,0.07586,0.39806,-0.08439,-0.12190,0.00000
482.40000,193.00000,0.07852,0.39056,-0.06409,-0.11992,-0.00000
482.50000,193.04000,0.08070,0.38306,-0.04394,-0.11807,0.00000
482.60000,193.08000,0.08236,0.37554,-0.02418,-0.11667,-0.00000
482.70000,193.12000,0.08349,0.36799,-0.00502,-0.11595,-0.00000
482.80000,193.16000,0.08407,0.36040,0.01336,-0.11610,0.00000
482.90000,193.20000,0.08409,0.35276,0.03079,-0.11723,0.00000
483.00000,193.24000,0.08352,0.34507,0.04714,-0.11934,0.00000
483.10000,193.28000,0.08235,0.33732,0.06229,-0.12234,0.00000
483.20000,193.32000,0.08058,0.32952,0.07614,-0.12605,0.00000
483.30000,193.36000,0.07818,0.32167,0.08860,-0.13020,0.00000
483.40000,193.40000,0.07516,0.31379,0.09959,-0.13443,0.00000
483.50000,193.44000,0.07150,0.30587,0.10905,-0.13836,0.00000
483.60000,193.48000,0.06719,0.29794,0.11691,-0.14154,0.00000
483.70000,193.52000,0.06223,0.29001,0.12310,-0.14355,-0.00000
483.80000,193.56000,0.05662,0.28209,0.12759,-0.14398,-0.00000
483.90000,193.60000,0.05035,0.27419,0.13032,-0.14248,0.00000
484.00000,193.64000,0.04343,0.26632,0.13127,-0.13881,0.00000
484.10000,193.68000,0.03588,0.25851,0.13043,-0.13279,0.00000
484.20000,193.72000,0.02768,0.25077,0.12780,-0.12440,0.00000
484.30000,193.76000,0.01887,0.24311,0.12343,-0.11373,0.00000
484.40000,193.80000,0.00947,0.23554,0.11739,-0.10100,0.00000
484.50000,193.84000,-0.00051,0.22809,0.10977,-0.08656,0.00000
484.60000,193.88000,-0.01103,0.22078,0.10072,-0.07086,0.00000
484.70000,193.92000,-0.02204,0.21361,0.09040,-0.05443,-0.00000
484.80000,193.96000,-0.03352,0.20662,0.07901,-0.03785,0.00000
484.90000,194.00000,-0.04539,0.19984,0.06679,-0.02171,-0.00000
485.00000,194.04000,-0.05760,0.19329,0.05399,-0.00660,0.00000
485.10000,194.08000,-0.07010,0.18700,0.04087,0.00696,-0.00000
485.20000,194.12000,-0.08280,0.18102,0.02772,0.01853,0.00000
485.30000,194.16000,-0.09563,0.17538,0.01479,0.02778,0.00000
485.40000,194.20000,-0.10850,0.17013,0.00235,0.03450,0.00000
485.50000,194.24000,-0.12133,0.16531,-0.00936,0.03864,-0.00000
485.60000,194.28000,-0.13403,0.16097,-0.02012,0.04028,-0.00000
485.70000,194.32000,-0.14650,0.15714,-0.02975,0.03962,0.00000
485.80000,194.36000,-0.15865,0.15388,-0.03811,0.03700,0.00000
485.90000,194.40000,-0.17037,0.15121,-0.04509,0.03284,-0.00000
486.00000,194.44000,-0.18157,0.14917,-0.05063,0.02763,0.00000
486.10000,194.48000,-0.19215,0.14779,-0.05471,0.02188,0.00000
486.20000,194.52000,-0.20203,0.14708,-0.05735,0.01610,-0.00000
486.30000,194.56000,-0.21109,0.14705,-0.05859,0.01076,0.00000
486.40000,194.60000,-0.21927,0.14770,-0.05852,0.00627,-0.00000
486.50000,194.64000,-0.22647,0.14901,-0.05722,0.00294,0.00000
486.60000,194.68000,-0.23262,0.15095,-0.05483,0.00097,0.00000
486.70000,194.72000,-0.23764,0.15348,-0.05147,0.00045,0.00000
486.80000,194.76000,-0.24149,0.15657,-0.04728,0.00136,0.00000
486.90000,194.80000,-0.24411,0.16013,-0.04240,0.00355,0.00000
487.00000,194.84000,-0.24544,0.16410,-0.03695,0.00680,0.00000
487.10000,194.88000,-0.24547,0.16839,-0.03105,0.01082,0.00000
487.20000,194.92000,-0.24416,0.17293,-0.02483,0.01528,0.00000
487.30000,194.96000,-0.24149,0.17760,-0.01838,0.01982,0.00000
487.40000,195.00000,-0.23748,0.18232,-0.01180,0.02411,0.00000
487.50000,195.04000,-0.23212,0.18698,-0.00514,0.02788,0.00000
487.60000,195.08000,-0.22543,0.19149,0.00152,0.03089,-0.00000
487.70000,195.12000,-0.21744,0.19574,0.00814,0.03302,0.00000
487.80000,195.16000,-0.20819,0.19966,0.01469,0.03420,-0.00000
487.90000,195.20000,-0.19771,0.20315,0.02115,0.03447,0.00000
488.00000,195.24000,-0.18607,0.20616,0.02751,0.03395,0.00000
488.10000,195.28000,-0.17333,0.20862,0.03377,0.03282,-0.00000
488.20000,195.32000,-0.15955,0.21049,0.03994,0.03132,0.00000
488.30000,195.36000,-0.14481,0.21174,0.04603,0.02969,0.00000
488.40000,195.40000,-0.12920,0.21236,0.05206,0.02820,0.00000
488.50000,195.44000,-0.11279,0.21235,0.05803,0.02706,0.00000
488.60000,195.48000,-0.09567,0.21174,0.06397,0.02645,0.00000
488.70000,195.52000,-0.07793,0.21057,0.06989,0.02648,-0.00000
488.80000,195.56000,-0.05968,0.20888,0.07577,0.02718,0.00000
488.90000,195.60000,-0.04100,0.20675,0.08160,0.02847,0.00000
489.00000,195.64000,-0.02198,0.20427,0.08736,0.03024,0.00000
489.10000,195.68000,-0.00273,0.20152,0.09299,0.03225,0.00000
489.20000,195.72000,0.01665,0.19860,0.09843,0.03425,0.00000
489.30000,195.76000,0.03608,0.19563,0.10360,0.03592,-0.00000
489.40000,195.80000,0.05546,0.19272,0.10839,0.03697,0.00000
489.50000,195.84000,0.07470,0.18998,0.11269,0.03711,0.00000
489.60000,195.88000,0.09371,0.18753,0.11638,0.03609,-0.00000
489.70000,195.92000,0.11240,0.18548,0.11931,0.03374,0.00000
489.80000,195.96000,0.13069,0.18393,0.12137,0.02999,-0.00000
489.90000,196.00000,0.14848,0.18297,0.12243,0.02487,0.00000
490.00000,196.04000,0.16572,0.18271,0.12238,0.01852,-0.00000
490.10000,196.08000,0.18232,0.18320,0.12114,0.01118,0.00000
490.20000,196.12000,0.19820,0.18453,0.11865,0.00321,0.00000
490.30000,196.16000,0.21331,0.18673,0.11489,-0.00496,0.00000
490.40000,196.20000,0.22759,0.18985,0.10988,-0.01283,0.00000
490.50000,196.24000,0.24098,0.19391,0.10367,-0.01990,0.00000
490.60000,196.28000,0.25342,0.19892,0.09636,-0.02563,-0.00000
490.70000,196.32000,0.26487,0.20489,0.08808,-0.02953,-0.00000
490.80000,196.36000,0.27530,0.21180,0.07899,-0.03118,0.00000
490.90000,196.40000,0.28466,0.21962,0.06926,-0.03025,0.00000
491.00000,196.44000,0.29294,0.22832,0.05910,-0.02650,0.00000
491.10000,196.48000,0.30010,0.23786,0.04870,-0.01984,0.00000
491.20000,196.52000,0.30613,0.24817,0.03825,-0.01031,0.00000
491.30000,196.56000,0.31103,0.25921,0.02793,0.00194,0.00000
491.40000,196.60000,0.31478,0.27090,0.01787,0.01661,-0.00000
491.50000,196.64000,0.31739,0.28316,0.00819,0.03329,0.00000
491.60000,196.68000,0.31886,0.29592,-0.00103,0.05150,0.00000
491.70000,196.72000,0.31919,0.30910,-0.00978,0.07067,0.00000
491.80000,196.76000,0.31840,0.32260,-0.01805,0.09021,0.00000
491.90000,196.80000,0.31652,0.33634,-0.02591,0.10951,0.00000
492.00000,196.84000,0.31354,0.35022,-0.03343,0.12797,0.00000
492.10000,196.88000,0.30950,0.36415,-0.04071,0.14506,0.00000
492.20000,196.92000,0.30443,0.37803,-0.04788,0.16027,-0.00000
492.30000,196.96000,0.29834,0.39176,-0.05504,0.17321,0.00000
492.40000,197.00000,0.29126,0.40525,-0.06229,0.18355,0.00000
492.50000,197.04000,0.28324,0.41839,-0.06973,0.19106,0.00000
492.60000,197.08000,0.27429,0.43111,-0.07739,0.19560,0.00000
492.70000,197.12000,0.26445,0.44331,-0.08530,0.19713,0.00000
492.80000,197.16000,0.25376,0.45490,-0.09341,0.19568,0.00000
492.90000,197.20000,0.24226,0.46580,-0.10165,0.19135,0.00000
493.00000,197.24000,0.22998,0.47593,-0.10991,0.18429,-0.00000
493.10000,197.28000,0.21697,0.48523,-0.11804,0.17470,0.00000
493.20000,197.32000,0.20328,0.49362,-0.12585,0.16280,-0.00000
493.30000,197.36000,0.18894,0.50106,-0.13316,0.14885,0.00000
493.40000,197.40000,0.17401,0.50749,-0.13978,0.13308,0.00000
493.50000,197.44000,0.15855,0.51287,-0.14551,0.11576,0.00000
493.60000,197.48000,0.14261,0.51717,-0.15020,0.09713,0.00000
493.70000,197.52000,0.12625,0.52035,-0.15371,0.07744,0.00000
493.80000,197.56000,0.10953,0.52240,-0.15595,0.05692,0.00000
493.90000,197.60000,0.09251,0.52331,-0.15690,0.03581,-0.00000
494.00000,197.64000,0.07526,0.52307,-0.15655,0.01434,-0.00000
494.10000,197.68000,0.05786,0.52167,-0.15496,-0.00726,-0.00000
494.20000,197.72000,0.04036,0.51914,-0.15224,-0.02878,0.00000
494.30000,197.76000,0.02283,0.51548,-0.14851,-0.04999,0.00000
494.40000,197.80000,0.00535,0.51072,-0.14394,-0.07065,0.00000
494.50000,197.84000,-0.01201,0.50488,-0.13871,-0.09056,0.00000
494.60000,197.88000,-0.02919,0.49801,-0.13297,-0.10949,0.00000
494.70000,197.92000,-0.04611,0.49013,-0.12690,-0.12723,0.00000
494.80000,197.96000,-0.06273,0.48130,-0.12061,-0.14361,-0.00000
494.90000,198.00000,-0.07898,0.47159,-0.11421,-0.15845,-0.00000
495.00000,198.04000,-0.09479,0.46105,-0.10775,-0.17160,0.00000
495.10000,198.08000,-0.11012,0.44975,-0.10124,-0.18294,0.00000
495.20000,198.12000,-0.12493,0.43778,-0.09464,-0.19239,0.00000
495.30000,198.16000,-0.13916,0.42522,-0.08787,-0.19990,0.00000
495.40000,198.20000,-0.15277,0.41217,-0.08083,-0.20543,-0.00000
495.50000,198.24000,-0.16574,0.39872,-0.07337,-0.20901,0.00000
495.60000,198.28000,-0.17803,0.38498,-0.06535,-0.21067,0.00000
495.70000,198.32000,-0.18961,0.37105,-0.05664,-0.21047,0.00000
495.80000,198.36000,-0.20047,0.35705,-0.04711,-0.20849,0.00000
495.90000,198.40000,-0.21059,0.34307,-0.03666,-0.20482,-0.00000
496.00000,198.44000,-0.21994,0.32923,-0.02524,-0.19957,0.00000
496.10000,198.48000,-0.22852,0.31563,-0.01284,-0.19284,0.00000
496.20000,198.52000,-0.23633,0.30237,0.00048,-0.18476,0.00000
496.30000,198.56000,-0.24334,0.28953,0.01462,-0.17544,0.00000
496.40000,198.60000,-0.24956,0.27722,0.02942,-0.16498,0.00000
496.50000,198.64000,-0.25499,0.26550,0.04467,-0.15352,0.00000
496.60000,198.68000,-0.25961,0.25444,0.06013,-0.14118,-0.00000
496.70000,198.72000,-0.26344,0.24410,0.07553,-0.12808,0.00000
496.80000,198.76000,-0.26646,0.23452,0.09059,-0.11436,0.00000
496.90000,198.80000,-0.26868,0.22574,0.10503,-0.10017,0.00000
497.00000,198.84000,-0.27010,0.21779,0.11857,-0.08568,0.00000
497.10000,198.88000,-0.27072,0.21069,0.13098,-0.07105,0.00000
497.20000,198.92000,-0.27054,0.20444,0.14206,-0.05647,0.00000
497.30000,198.96000,-0.26957,0.19905,0.15165,-0.04214,0.00000
497.40000,199.00000,-0.26781,0.19451,0.15965,-0.02825,0.00000
497.50000,199.04000,-0.26527,0.19082,0.16602,-0.01499,0.00000
497.60000,199.08000,-0.26195,0.18795,0.17075,-0.00254,0.00000
497.70000,199.12000,-0.25786,0.18590,0.17389,0.00893,-0.00000
497.80000,199.16000,-0.25301,0.18464,0.17554,0.01928,0.00000
497.90000,199.20000,-0.24742,0.18414,0.17582,0.02841,0.00000
498.00000,199.24000,-0.24110,0.18439,0.17486,0.03625,0.00000
498.10000,199.28000,-0.23407,0.18535,0.17283,0.04279,0.00000
498.20000,199.32000,-0.22636,0.18699,0.16989,0.04803,0.00000
498.30000,199.36000,-0.21798,0.18928,0.16618,0.05205,-0.00000
498.40000,199.40000,-0.20897,0.19219,0.16182,0.05496,-0.00000
498.50000,199.44000,-0.19937,0.19567,0.15695,0.05688,0.00000
498.60000,199.48000,-0.18919,0.19969,0.15164,0.05799,0.00000
498.70000,199.52000,-0.17850,0.20420,0.14596,0.05845,0.00000
498.80000,199.56000,-0.16733,0.20915,0.13994,0.05846,-0.00000
498.90000,199.60000,-0.15574,0.21450,0.13360,0.05820,0.00000
499.00000,199.64000,-0.14377,0.22020,0.12694,0.05781,0.00000
499.10000,199.68000,-0.13149,0.22618,0.11994,0.05744,-0.00000
499.20000,199.72000,-0.11895,0.23240,0.11258,0.05719,0.00000
499.30000,199.76000,-0.10623,0.23880,0.10483,0.05712,0.00000
499.40000,199.80000,-0.09338,0.24532,0.09665,0.05726,0.00000
499.50000,199.84000,-0.08048,0.25190,0.08802,0.05759,0.00000
499.60000,199.88000,-0.06760,0.25850,0.07892,0.05807,0.00000
499.70000,199.92000,-0.05481,0.26505,0.06933,0.05864,0.00000
499.80000,199.96000,-0.04218,0.27151,0.05925,0.05919,0.00000
499.90000,200.00000,-0.02977,0.27784,0.04866,0.05962,0.00000
500.00000,200.04000,-0.01766,0.28398,0.03757,0.05983,0.00000
500.10000,200.08000,-0.00590,0.28992,0.02600,0.05973,0.00000
500.20000,200.12000,0.00544,0.29560,0.01394,0.05922,0.00000
500.30000,200.16000,0.01632,0.30101,0.00142,0.05825,0.00000
500.40000,200.20000,0.02668,0.30612,-0.01155,0.05678,0.00000
500.50000,200.24000,0.03649,0.31090,-0.02494,0.05478,0.00000
500.60000,200.28000,0.04572,0.31535,-0.03873,0.05227,0.00000
500.70000,200.32000,0.05434,0.31944,-0.05286,0.04927,0.00000
500.80000,200.36000,0.06234,0.32317,-0.06727,0.04581,0.00000
500.90000,200.40000,0.06971,0.32652,-0.08189,0.04196,0.00000
501.00000,200.44000,0.07646,0.32949,-0.09661,0.03776,0.00000
501.10000,200.48000,0.08258,0.33207,-0.11131,0.03326,-0.00000
501.20000,200.52000,0.08810,0.33425,-0.12583,0.02850,0.00000
501.30000,200.56000,0.09304,0.33603,-0.13999,0.02352,0.00000
501.40000,200.60000,0.09743,0.33740,-0.15358,0.01835,0.00000
501.50000,200.64000,0.10129,0.33838,-0.16638,0.01301,0.00000
501.60000,200.68000,0.10468,0.33895,-0.17815,0.00749,0.00000
501.70000,200.72000,0.10761,0.33913,-0.18864,0.00183,-0.00000
501.80000,200.76000,0.11015,0.33892,-0.19759,-0.00395,0.00000
501.90000,200.80000,0.11232,0.33833,-0.20479,-0.00983,0.00000
502.00000,200.84000,0.11418,0.33737,-0.21003,-0.01574,-0.00000
502.10000,200.88000,0.11577,0.33606,-0.21313,-0.02160,0.00000
502.20000,200.92000,0.11713,0.33442,-0.21396,-0.02728,0.00000
502.30000,200.96000,0.11831,0.33248,-0.21246,-0.03266,-0.00000
502.40000,201.00000,0.11934,0.33026,-0.20860,-0.03754,0.00000
502.50000,201.04000,0.12026,0.32779,-0.20243,-0.04175,0.00000
502.60000,201.08000,0.12110,0.32510,-0.19405,-0.04505,0.00000
502.70000,201.12000,0.12191,0.32224,-0.18364,-0.04725,0.00000
502.80000,201.16000,0.12271,0.31922,-0.17141,-0.04814,-0.00000
502.90000,201.20000,0.12353,0.31609,-0.15761,-0.04754,0.00000
503.00000,201.24000,0.12440,0.31288,-0.14255,-0.04531,-0.00000
503.10000,201.28000,0.12532,0.30963,-0.12653,-0.04137,-0.00000
503.20000,201.32000,0.12632,0.30637,-0.10988,-0.03570,0.00000
503.30000,201.36000,0.12742,0.30314,-0.09291,-0.02836,0.00000
503.40000,201.40000,0.12862,0.29995,-0.07592,-0.01946,0.00000
503.50000,201.44000,0.12992,0.29684,-0.05917,-0.00923,0.00000
503.60000,201.48000,0.13132,0.29383,-0.04290,0.00206,0.00000
503.70000,201.52000,0.13281,0.29095,-0.02728,0.01407,0.00000
503.80000,201.56000,0.13439,0.28821,-0.01245,0.02641,0.00000
503.90000,201.60000,0.13603,0.28564,0.00150,0.03867,-0.00000
504.00000,201.64000,0.13771,0.28324,0.01453,0.05040,0.00000
504.10000,201.68000,0.13940,0.28104,0.02665,0.06120,0.00000
504.20000,201.72000,0.14106,0.27903,0.03788,0.07069,0.00000
504.30000,201.76000,0.14267,0.27724,0.04830,0.07853,0.00000
504.40000,201.80000,0.14417,0.27566,0.05797,0.08447,-0.00000
504.50000,201.84000,0.14551,0.27431,0.06699,0.08831,0.00000
504.60000,201.88000,0.14665,0.27319,0.07544,0.08996,0.00000
504.70000,201.92000,0.14754,0.27230,0.08340,0.08943,0.00000
504.80000,201.96000,0.14813,0.27164,0.09093,0.08679,0.00000
504.90000,202.00000,0.14835,0.27121,0.09806,0.08221,0.00000
505.00000,202.04000,0.14817,0.27099,0.10483,0.07592,-0.00000
505.10000,202.08000,0.14752,0.27099,0.11121,0.06819,-0.00000
505.20000,202.12000,0.14637,0.27118,0.11718,0.05935,0.00000
505.30000,202.16000,0.14468,0.27156,0.12269,0.04972,0.00000
505.40000,202.20000,0.14241,0.27210,0.12769,0.03963,0.00000
505.50000,202.24000,0.13952,0.27278,0.13208,0.02938,-0.00000
505.60000,202.28000,0.13600,0.27357,0.13581,0.01924,0.00000
505.70000,202.32000,0.13182,0.27445,0.13878,0.00944,0.00000
505.80000,202.36000,0.12699,0.27538,0.14092,0.00016,0.00000
505.90000,202.40000,0.12149,0.27634,0.14216,-0.00847,-0.00000
506.00000,202.44000,0.11533,0.27728,0.14245,-0.01636,0.00000
506.10000,202.48000,0.10853,0.27818,0.14175,-0.02347,0.00000
506.20000,202.52000,0.10110,0.27899,0.14003,-0.02979,0.00000
506.30000,202.56000,0.09308,0.27969,0.13730,-0.03531,0.00000
506.40000,202.60000,0.08450,0.28024,0.13355,-0.04006,0.00000
506.50000,202.64000,0.07539,0.28060,0.12882,-0.04402,-0.00000
506.60000,202.68000,0.06582,0.28077,0.12315,-0.04720,0.00000
506.70000,202.72000,0.05582,0.28070,0.11660,-0.04956,0.00000
506.80000,202.76000,0.04545,0.28039,0.10924,-0.05106,0.00000
506.90000,202.80000,0.03478,0.27982,0.10114,-0.05163,0.00000
507.00000,202.84000,0.02387,0.27898,0.09242,-0.05117,0.00000
507.10000,202.88000,0.01278,0.27787,0.08316,-0.04959,0.00000
507.20000,202.92000,0.00159,0.27650,0.07349,-0.04678,0.00000
507.30000,202.96000,-0.00963,0.27487,0.06354,-0.04268,0.00000
507.40000,203.00000,-0.02081,0.27299,0.05345,-0.03721,0.00000
507.50000,203.04000,-0.03189,0.27090,0.04335,-0.03037,0.00000
507.60000,203.08000,-0.04279,0.26862,0.03339,-0.02220,-0.00000
507.70000,203.12000,-0.05344,0.26617,0.02374,-0.01278,0.00000
507.80000,203.16000,-0.06377,0.26360,0.01453,-0.00229,0.00000
507.90000,203.20000,-0.07373,0.26095,0.00592,0.00905,0.00000
508.00000,203.24000,-0.08325,0.25826,-0.00195,0.02096,0.00000
508.10000,203.28000,-0.09228,0.25558,-0.00898,0.03309,0.00000
508.20000,203.32000,-0.10076,0.25296,-0.01505,0.04506,0.00000
508.30000,203.36000,-0.10866,0.25046,-0.02010,0.05647,0.00000
508.40000,203.40000,-0.11592,0.24813,-0.02408,0.06692,0.00000
508.50000,203.44000,-0.12252,0.24602,-0.02699,0.07600,0.00000
508.60000,203.48000,-0.12843,0.24419,-0.02884,0.08336,0.00000
508.70000,203.52000,-0.13363,0.24269,-0.02972,0.08869,0.00000
508.80000,203.56000,-0.13810,0.24157,-0.02972,0.09174,0.00000
508.90000,203.60000,-0.14184,0.24088,-0.02897,0.09237,0.00000
509.00000,203.64000,-0.14485,0.24067,-0.02764,0.09048,0.00000
509.10000,203.68000,-0.14713,0.24097,-0.02591,0.08611,0.00000
509.20000,203.72000,-0.14869,0.24181,-0.02397,0.07934,0.00000
509.30000,203.76000,-0.14956,0.24323,-0.02203,0.07037,0.00000
509.40000,203.80000,-0.14976,0.24524,-0.02028,0.05944,0.00000
509.50000,203.84000,-0.14931,0.24786,-0.01889,0.04688,0.00000
509.60000,203.88000,-0.14825,0.25109,-0.01801,0.03302,0.00000
509.70000,203.92000,-0.14662,0.25493,-0.01778,0.01824,0.00000
509.80000,203.96000,-0.14445,0.25937,-0.01826,0.00293,0.00000
509.90000,204.00000,-0.14180,0.26438,-0.01951,-0.01256,0.00000
510.00000,204.04000,-0.13870,0.26994,-0.02153,-0.02789,0.00000
510.10000,204.08000,-0.13521,0.27602,-0.02427,-0.04274,0.00000
510.20000,204.12000,-0.13138,0.28255,-0.02766,-0.05687,0.00000
510.30000,204.16000,-0.12725,0.28950,-0.03159,-0.07007,0.00000
510.40000,204.20000,-0.12287,0.29680,-0.03594,-0.08220,0.00000
510.50000,204.24000,-0.11830,0.30439,-0.04054,-0.09314,-0.00000
510.60000,204.28000,-0.11356,0.31219,-0.04525,-0.10286,0.00000
510.70000,204.32000,-0.10872,0.32013,-0.04992,-0.11134,0.00000
510.80000,204.36000,-0.10381,0.32813,-0.05441,-0.11860,-0.00000
510.90000,204.40000,-0.09886,0.33612,-0.05860,-0.12468,0.00000
511.00000,204.44000,-0.09392,0.34400,-0.06241,-0.12965,0.00000
511.10000,204.48000,-0.08900,0.35172,-0.06575,-0.13356,0.00000
511.20000,204.52000,-0.08415,0.35918,-0.06861,-0.13650,-0.00000
511.30000,204.56000,-0.07937,0.36633,-0.07097,-0.13850,0.00000
511.40000,204.60000,-0.07470,0.37310,-0.07287,-0.13962,0.00000
511.50000,204.64000,-0.07014,0.37943,-0.07433,-0.13990,0.00000
511.60000,204.68000,-0.06570,0.38527,-0.07544,-0.13935,0.00000
511.70000,204.72000,-0.06139,0.39059,-0.07625,-0.13798,0.00000
511.80000,204.76000,-0.05723,0.39537,-0.07683,-0.13580,0.00000
511.90000,204.80000,-0.05320,0.39959,-0.07726,-0.13278,0.00000
512.00000,204.84000,-0.04932,0.40324,-0.07758,-0.12892,0.00000
512.10000,204.88000,-0.04558,0.40634,-0.07782,-0.12419,0.00000
512.20000,204.92000,-0.04198,0.40892,-0.07799,-0.11857,0.00000
512.30000,204.96000,-0.03852,0.41100,-0.07808,-0.11204,0.00000
512.40000,205.00000,-0.03520,0.41263,-0.07805,-0.10458,0.00000
512.50000,205.04000,-0.03200,0.41386,-0.07784,-0.09618,0.00000
512.60000,205.08000,-0.02894,0.41477,-0.07737,-0.08683,-0.00000
512.70000,205.12000,-0.02599,0.41541,-0.07655,-0.07653,-0.00000
512.80000,205.16000,-0.02315,0.41587,-0.07529,-0.06529,0.00000
512.90000,205.20000,-0.02043,0.41621,-0.07348,-0.05313,0.00000
513.00000,205.24000,-0.01780,0.41652,-0.07103,-0.04009,0.00000
513.10000,205.28000,-0.01526,0.41687,-0.06789,-0.02620,0.00000
513.20000,205.32000,-0.01279,0.41732,-0.06398,-0.01155,-0.00000
513.30000,205.36000,-0.01039,0.41794,-0.05929,0.00379,0.00000
513.40000,205.40000,-0.00803,0.41879,-0.05381,0.01970,0.00000
513.50000,205.44000,-0.00570,0.41989,-0.04757,0.03603,0.00000
513.60000,205.48000,-0.00337,0.42128,-0.04062,0.05262,-0.00000
513.70000,205.52000,-0.00103,0.42297,-0.03305,0.06926,0.00000
513.80000,205.56000,0.00134,0.42497,-0.02496,0.08571,-0.00000
513.90000,205.60000,0.00378,0.42725,-0.01645,0.10171,0.00000
514.00000,205.64000,0.00631,0.42977,-0.00766,0.11699,0.00000
514.10000,205.68000,0.00895,0.43250,0.00131,0.13125,0.00000
514.20000,205.72000,0.01172,0.43536,0.01033,0.14417,0.00000
514.30000,205.76000,0.01465,0.43827,0.01930,0.15548,0.00000
514.40000,205.80000,0.01774,0.44114,0.02814,0.16488,0.00000
514.50000,205.84000,0.02103,0.44387,0.03677,0.17213,0.00000
514.60000,205.88000,0.02451,0.44634,0.04517,0.17703,0.00000
514.70000,205.92000,0.02818,0.44843,0.05329,0.17942,0.00000
514.80000,205.96000,0.03206,0.45002,0.06116,0.17923,0.00000
514.90000,206.00000,0.03614,0.45098,0.06877,0.17645,0.00000
515.00000,206.04000,0.04039,0.45119,0.07618,0.17113,-0.00000
515.10000,206.08000,0.04481,0.45052,0.08340,0.16343,0.00000
515.20000,206.12000,0.04937,0.44886,0.09047,0.15358,0.00000
515.30000,206.16000,0.05405,0.44610,0.09743,0.14184,0.00000
515.40000,206.20000,0.05881,0.44214,0.10428,0.12858,-0.00000
515.50000,206.24000,0.06361,0.43691,0.11101,0.11419,0.00000
515.60000,206.28000,0.06842,0.43032,0.11759,0.09907,0.00000
515.70000,206.32000,0.07320,0.42234,0.12395,0.08367,0.00000
515.80000,206.36000,0.07791,0.41291,0.12999,0.06839,-0.00000
515.90000,206.40000,0.08249,0.40204,0.13558,0.05363,-0.00000
516.00000,206.44000,0.08692,0.38970,0.14056,0.03975,0.00000
516.10000,206.48000,0.09115,0.37594,0.14476,0.02703,-0.00000
516.20000,206.52000,0.09514,0.36078,0.14798,0.01570,0.00000
516.30000,206.56000,0.09885,0.34429,0.14999,0.00591,0.00000
516.40000,206.60000,0.10226,0.32654,0.15061,-0.00225,-0.00000
516.50000,206.64000,0.10533,0.30762,0.14963,-0.00879,0.00000
516.60000,206.68000,0.10803,0.28764,0.14686,-0.01378,0.00000
516.70000,206.72000,0.11034,0.26672,0.14217,-0.01736,0.00000
516.80000,206.76000,0.11225,0.24500,0.13544,-0.01970,-0.00000
516.90000,206.80000,0.11373,0.22262,0.12660,-0.02102,0.00000
517.00000,206.84000,0.11477,0.19973,0.11563,-0.02157,0.00000
517.10000,206.88000,0.11537,0.17651,0.10258,-0.02159,0.00000
517.20000,206.92000,0.11552,0.15310,0.08753,-0.02134,0.00000
517.30000,206.96000,0.11521,0.12969,0.07064,-0.02103,0.00000
517.40000,207.00000,0.11445,0.10644,0.05209,-0.02086,-0.00000
517.50000,207.04000,0.11325,0.08353,0.03212,-0.02099,0.00000
517.60000,207.08000,0.11160,0.06111,0.01101,-0.02153,-0.00000
517.70000,207.12000,0.10952,0.03937,-0.01095,-0.02256,-0.00000
517.80000,207.16000,0.10701,0.01845,-0.03343,-0.02411,-0.00000
517.90000,207.20000,0.10410,-0.00149,-0.05612,-0.02617,0.00000
518.00000,207.24000,0.10080,-0.02030,-0.07869,-0.02869,0.00000
518.10000,207.28000,0.09713,-0.03786,-0.10084,-0.03163,-0.00000
518.20000,207.32000,0.09310,-0.05403,-0.12229,-0.03488,0.00000
518.30000,207.36000,0.08874,-0.06870,-0.14278,-0.03835,0.00000
518.40000,207.40000,0.08406,-0.08177,-0.16209,-0.04195,-0.00000
518.50000,207.44000,0.07909,-0.09314,-0.18001,-0.04557,0.00000
518.60000,207.48000,0.07386,-0.10272,-0.19641,-0.04913,0.00000
518.70000,207.52000,0.06838,-0.11046,-0.21114,-0.05255,0.00000
518.80000,207.56000,0.06268,-0.11630,-0.22413,-0.05577,0.00000
518.90000,207.60000,0.05678,-0.12017,-0.23529,-0.05874,0.00000
519.00000,207.64000,0.05071,-0.12205,-0.24458,-0.06143,0.00000
519.10000,207.68000,0.04448,-0.12192,-0.25196,-0.06380,0.00000
519.20000,207.72000,0.03813,-0.11975,-0.25739,-0.06584,0.00000
519.30000,207.76000,0.03168,-0.11553,-0.26083,-0.06754,-0.00000
519.40000,207.80000,0.02514,-0.10928,-0.26226,-0.06889,0.00000
519.50000,207.84000,0.01854,-0.10099,-0.26162,-0.06988,-0.00000
519.60000,207.88000,0.01191,-0.09070,-0.25886,-0.07051,0.00000
519.70000,207.92000,0.00528,-0.07842,-0.25393,-0.07076,0.00000
519.80000,207.96000,-0.00134,-0.06420,-0.24676,-0.07062,0.00000
519.90000,208.00000,-0.00792,-0.04808,-0.23730,-0.07009,0.00000
520.00000,208.04000,-0.01442,-0.03011,-0.22551,-0.06915,0.00000
520.10000,208.08000,-0.02082,-0.01036,-0.21134,-0.06778,0.00000
520.20000,208.12000,-0.02709,0.01110,-0.19480,-0.06601,0.00000
520.30000,208.16000,-0.03320,0.03418,-0.17590,-0.06382,-0.00000
520.40000,208.20000,-0.03911,0.05879,-0.15472,-0.06124,0.00000
520.50000,208.24000,-0.04480,0.08482,-0.13135,-0.05830,0.00000
520.60000,208.28000,-0.05022,0.11216,-0.10595,-0.05504,0.00000
520.70000,208.32000,-0.05535,0.14067,-0.07874,-0.05151,0.00000
520.80000,208.36000,-0.06016,0.17022,-0.04996,-0.04777,-0.00000
520.90000,208.40000,-0.06461,0.20064,-0.01990,-0.04389,0.00000
521.00000,208.44000,-0.06867,0.23179,0.01109,-0.03995,-0.00000
521.10000,208.48000,-0.07232,0.26349,0.04266,-0.03601,0.00000
521.20000,208.52000,-0.07554,0.29555,0.07442,-0.03214,0.00000
521.30000,208.56000,-0.07830,0.32780,0.10600,-0.02840,0.00000
521.40000,208.60000,-0.08059,0.36004,0.13700,-0.02483,0.00000
521.50000,208.64000,-0.08240,0.39207,0.16708,-0.02147,-0.00000
521.60000,208.68000,-0.08371,0.42371,0.19589,-0.01831,0.00000
521.70000,208.72000,-0.08453,0.45475,0.22314,-0.01535,0.00000
521.80000,208.76000,-0.08485,0.48502,0.24859,-0.01257,0.00000
521.90000,208.80000,-0.08469,0.51433,0.27203,-0.00990,0.00000
522.00000,208.84000,-0.08406,0.54250,0.29332,-0.00730,-0.00000
522.10000,208.88000,-0.08298,0.56938,0.31235,-0.00467,0.00000
522.20000,208.92000,-0.08146,0.59482,0.32908,-0.00194,0.00000
522.30000,208.96000,-0.07954,0.61868,0.34349,0.00097,0.00000
522.40000,209.00000,-0.07724,0.64083,0.35559,0.00415,0.00000
522.50000,209.04000,-0.07460,0.66118,0.36542,0.00766,-0.00000
522.60000,209.08000,-0.07165,0.67964,0.37304,0.01156,0.00000
522.70000,209.12000,-0.06845,0.69613,0.37847,0.01590,0.00000
522.80000,209.16000,-0.06503,0.71061,0.38177,0.02067,-0.00000
522.90000,209.20000,-0.06143,0.72302,0.38295,0.02586,0.00000
523.00000,209.24000,-0.05771,0.73336,0.38201,0.03144,0.00000
523.10000,209.28000,-0.05390,0.74160,0.37894,0.03734,0.00000
523.20000,209.32000,-0.05007,0.74775,0.37368,0.04346,0.00000
523.30000,209.36000,-0.04625,0.75183,0.36618,0.04970,0.00000
523.40000,209.40000,-0.04249,0.75387,0.35636,0.05591,0.00000
523.50000,209.44000,-0.03883,0.75391,0.34413,0.06196,0.00000
523.60000,209.48000,-0.03532,0.75200,0.32941,0.06771,0.00000
523.70000,209.52000,-0.03200,0.74821,0.31214,0.07300,0.00000
523.80000,209.56000,-0.02889,0.74260,0.29227,0.07771,0.00000
523.90000,209.60000,-0.02604,0.73526,0.26980,0.08171,0.00000
524.00000,209.64000,-0.02347,0.72626,0.24475,0.08492,0.00000
524.10000,209.68000,-0.02119,0.71572,0.21722,0.08726,0.00000
524.20000,209.72000,-0.01924,0.70373,0.18732,0.08870,0.00000
524.30000,209.76000,-0.01762,0.69041,0.15525,0.08925,0.00000
524.40000,209.80000,-0.01633,0.67586,0.12124,0.08894,0.00000
524.50000,209.84000,-0.01537,0.66022,0.08558,0.08784,-0.00000
524.60000,209.88000,-0.01475,0.64360,0.04860,0.08607,0.00000
524.70000,209.92000,-0.01445,0.62615,0.01066,0.08374,0.00000
524.80000,209.96000,-0.01444,0.60798,-0.02786,0.08102,-0.00000
524.90000,210.00000,-0.01472,0.58923,-0.06654,0.07807,0.00000
525.00000,210.04000,-0.01525,0.57002,-0.10499,0.07505,0.00000
525.10000,210.08000,-0.01601,0.55049,-0.14280,0.07214,0.00000
525.20000,210.12000,-0.01696,0.53074,-0.17958,0.06948,0.00000
525.30000,210.16000,-0.01806,0.51090,-0.21495,0.06719,0.00000
525.40000,210.20000,-0.01927,0.49106,-0.24858,0.06538,0.00000
525.50000,210.24000,-0.02056,0.47132,-0.28014,0.06408,0.00000
525.60000,210.28000,-0.02189,0.45176,-0.30936,0.06332,0.00000
525.70000,210.32000,-0.02320,0.43246,-0.33598,0.06305,0.00000
525.80000,210.36000,-0.02447,0.41348,-0.35979,0.06320,0.00000
525.90000,210.40000,-0.02565,0.39487,-0.38060,0.06364,0.00000
526.00000,210.44000,-0.02670,0.37666,-0.39826,0.06421,0.00000
526.10000,210.48000,-0.02759,0.35890,-0.41265,0.06473,0.00000
526.20000,210.52000,-0.02829,0.34159,-0.42368,0.06498,-0.00000
526.30000,210.56000,-0.02875,0.32475,-0.43128,0.06476,-0.00000
526.40000,210.60000,-0.02897,0.30838,-0.43543,0.06385,0.00000
526.50000,210.64000,-0.02891,0.29249,-0.43613,0.06208,0.00000
526.60000,210.68000,-0.02855,0.27707,-0.43342,0.05927,0.00000
526.70000,210.72000,-0.02789,0.26212,-0.42738,0.05531,0.00000
526.80000,210.76000,-0.02690,0.24763,-0.41813,0.05013,0.00000
526.90000,210.80000,-0.02560,0.23359,-0.40583,0.04371,0.00000
527.00000,210.84000,-0.02396,0.22000,-0.39067,0.03608,-0.00000
527.10000,210.88000,-0.02201,0.20685,-0.37290,0.02735,0.00000
527.20000,210.92000,-0.01974,0.19413,-0.35281,0.01764,0.00000
527.30000,210.96000,-0.01716,0.18185,-0.33072,0.00715,0.00000
527.40000,211.00000,-0.01430,0.17001,-0.30696,-0.00392,0.00000
527.50000,211.04000,-0.01117,0.15859,-0.28192,-0.01534,0.00000
527.60000,211.08000,-0.00780,0.14762,-0.25597,-0.02686,-0.00000
527.70000,211.12000,-0.00420,0.13708,-0.22948,-0.03827,0.00000
527.80000,211.16000,-0.00042,0.12699,-0.20284,-0.04935,0.00000
527.90000,211.20000,0.00352,0.11733,-0.17637,-0.05994,0.00000
528.00000,211.24000,0.00759,0.10813,-0.15039,-0.06991,-0.00000
528.10000,211.28000,0.01174,0.09937,-0.12517,-0.07919,0.00000
528.20000,211.32000,0.01594,0.09105,-0.10092,-0.08774,0.00000
528.30000,211.36000,0.02016,0.08319,-0.07779,-0.09561,0.00000
528.40000,211.40000,0.02434,0.07577,-0.05589,-0.10285,-0.00000
528.50000,211.44000,0.02846,0.06880,-0.03524,-0.10958,0.00000
528.60000,211.48000,0.03248,0.06228,-0.01585,-0.11593,-0.00000
528.70000,211.52000,0.03634,0.05621,0.00236,-0.12205,-0.00000
528.80000,211.56000,0.04003,0.05061,0.01948,-0.12809,0.00000
528.90000,211.60000,0.04349,0.04547,0.03564,-0.13416,0.00000
529.00000,211.64000,0.04670,0.04081,0.05098,-0.14037,-0.00000
529.10000,211.68000,0.04962,0.03664,0.06565,-0.14676,0.00000
529.20000,211.72000,0.05222,0.03297,0.07979,-0.15334,0.00000
529.30000,211.76000,0.05447,0.02984,0.09350,-0.16004,0.00000
529.40000,211.80000,0.05635,0.02727,0.10688,-0.16676,0.00000
529.50000,211.84000,0.05783,0.02527,0.12000,-0.17331,-0.00000
529.60000,211.88000,0.05890,0.02388,0.13287,-0.17948,0.00000
529.70000,211.92000,0.05955,0.02312,0.14549,-0.18500,0.00000
529.80000,211.96000,0.05975,0.02303,0.15781,-0.18959,0.00000
529.90000,212.00000,0.05951,0.02364,0.16975,-0.19295,0.00000
530.00000,212.04000,0.05882,0.02497,0.18122,-0.19478,-0.00000
530.10000,212.08000,0.05769,0.02704,0.19213,-0.19482,0.00000
530.20000,212.12000,0.05611,0.02987,0.20235,-0.19282,0.00000
530.30000,212.16000,0.05410,0.03347,0.21178,-0.18860,0.00000
530.40000,212.20000,0.05166,0.03786,0.22033,-0.18204,0.00000
530.50000,212.24000,0.04883,0.04303,0.22792,-0.17308,0.00000
530.60000,212.28000,0.04561,0.04898,0.23450,-0.16173,-0.00000
530.70000,212.32000,0.04203,0.05568,0.24003,-0.14808,0.00000
530.80000,212.36000,0.03812,0.06311,0.24451,-0.13227,0.00000
530.90000,212.40000,0.03391,0.07125,0.24795,-0.11453,-0.00000
531.00000,212.44000,0.02942,0.08006,0.25037,-0.09510,0.00000
531.10000,212.48000,0.02469,0.08948,0.25181,-0.07431,0.00000
531.20000,212.52000,0.01976,0.09946,0.25230,-0.05248,0.00000
531.30000,212.56000,0.01467,0.10995,0.25187,-0.02995,0.00000
531.40000,212.60000,0.00944,0.12087,0.25054,-0.00710,-0.00000
531.50000,212.64000,0.00413,0.13216,0.24832,0.01573,-0.00000
531.60000,212.68000,-0.00124,0.14375,0.24518,0.03820,0.00000
531.70000,212.72000,-0.00661,0.15556,0.24108,0.05999,0.00000
531.80000,212.76000,-0.01195,0.16752,0.23598,0.08080,0.00000
531.90000,212.80000,-0.01722,0.17956,0.22979,0.10037,-0.00000
532.00000,212.84000,-0.02237,0.19160,0.22242,0.11845,0.00000
532.10000,212.88000,-0.02737,0.20358,0.21379,0.13484,-0.00000
532.20000,212.92000,-0.03218,0.21543,0.20381,0.14936,-0.00000
532.30000,212.96000,-0.03675,0.22710,0.19242,0.16188,0.00000
532.40000,213.00000,-0.04105,0.23855,0.17957,0.17229,-0.00000
532.50000,213.04000,-0.04504,0.24971,0.16524,0.18051,0.00000
532.60000,213.08000,-0.04869,0.26057,0.14947,0.18652,-0.00000
532.70000,213.12000,-0.05196,0.27110,0.13232,0.19032,-0.00000
532.80000,213.16000,-0.05483,0.28127,0.11390,0.19197,0.00000
532.90000,213.20000,-0.05725,0.29107,0.09437,0.19155,-0.00000
533.00000,213.24000,-0.05922,0.30052,0.07393,0.18921,0.00000
533.10000,213.28000,-0.06069,0.30960,0.05283,0.18514,0.00000
533.20000,213.32000,-0.06166,0.31833,0.03132,0.17958,0.00000
533.30000,213.36000,-0.06211,0.32672,0.00970,0.17278,0.00000
533.40000,213.40000,-0.06202,0.33481,-0.01175,0.16506,0.00000
533.50000,213.44000,-0.06139,0.34260,-0.03273,0.15674,0.00000
533.60000,213.48000,-0.06020,0.35012,-0.05296,0.14816,0.00000
533.70000,213.52000,-0.05846,0.35740,-0.07218,0.13965,0.00000
533.80000,213.56000,-0.05616,0.36446,-0.09015,0.13151,0.00000
533.90000,213.60000,-0.05331,0.37133,-0.10667,0.12402,0.00000
534.00000,213.64000,-0.04992,0.37801,-0.12158,0.11739,0.00000
534.10000,213.68000,-0.04599,0.38453,-0.13476,0.11176,0.00000
534.20000,213.72000,-0.04154,0.39089,-0.14610,0.10721,0.00000
534.30000,213.76000,-0.03658,0.39711,-0.15556,0.10371,0.00000
534.40000,213.80000,-0.03112,0.40318,-0.16312,0.10116,0.00000
534.50000,213.84000,-0.02519,0.40910,-0.16877,0.09936,0.00000
534.60000,213.88000,-0.01880,0.41486,-0.17253,0.09804,0.00000
534.70000,213.92000,-0.01197,0.42046,-0.17445,0.09687,0.00000
534.80000,213.96000,-0.00472,0.42589,-0.17456,0.09549,0.00000
534.90000,214.00000,0.00291,0.43113,-0.17294,0.09350,0.00000
535.00000,214.04000,0.01092,0.43616,-0.16963,0.09053,0.00000
535.10000,214.08000,0.01926,0.44098,-0.16470,0.08623,0.00000
535.20000,214.12000,0.02792,0.44556,-0.15823,0.08033,0.00000
535.30000,214.16000,0.03685,0.44990,-0.15030,0.07264,-0.00000
535.40000,214.20000,0.04603,0.45397,-0.14100,0.06306,0.00000
535.50000,214.24000,0.05541,0.45777,-0.13044,0.05163,-0.00000
535.60000,214.28000,0.06496,0.46128,-0.11873,0.03850,0.00000
535.70000,214.32000,0.07462,0.46448,-0.10603,0.02393,0.00000
535.80000,214.36000,0.08435,0.46738,-0.09249,0.00831,0.00000
535.90000,214.40000,0.09410,0.46995,-0.07832,-0.00791,-0.00000
536.00000,214.44000,0.10380,0.47217,-0.06370,-0.02419,0.00000
536.10000,214.48000,0.11339,0.47405,-0.04889,-0.03997,0.00000
536.20000,214.52000,0.12281,0.47555,-0.03411,-0.05468,0.00000
536.30000,214.56000,0.13199,0.47666,-0.01962,-0.06780,0.00000
536.40000,214.60000,0.14086,0.47737,-0.00568,-0.07886,0.00000
536.50000,214.64000,0.14933,0.47765,0.00747,-0.08750,0.00000
536.60000,214.68000,0.15733,0.47748,0.01959,-0.09345,0.00000
536.70000,214.72000,0.16479,0.47684,0.03047,-0.09662,-0.00000
536.80000,214.76000,0.17163,0.47570,0.03993,-0.09702,-0.00000
536.90000,214.80000,0.17776,0.47406,0.04782,-0.09483,0.00000
537.00000,214.84000,0.18311,0.47189,0.05403,-0.09034,0.00000
537.10000,214.88000,0.18762,0.46917,0.05851,-0.08397,0.00000
537.20000,214.92000,0.19120,0.46591,0.06124,-0.07621,0.00000
537.30000,214.96000,0.19380,0.46210,0.06225,-0.06760,-0.00000
537.40000,215.00000,0.19535,0.45775,0.06160,-0.05870,-0.00000
537.50000,215.04000,0.19581,0.45286,0.05940,-0.05006,0.00000
537.60000,215.08000,0.19513,0.44747,0.05580,-0.04218,0.00000
537.70000,215.12000,0.19327,0.44161,0.05096,-0.03546,-0.00000
537.80000,215.16000,0.19021,0.43532,0.04505,-0.03022,-0.00000
537.90000,215.20000,0.18592,0.42866,0.03827,-0.02665,0.00000
538.00000,215.24000,0.18039,0.42168,0.03082,-0.02480,0.00000
538.10000,215.28000,0.17364,0.41446,0.02288,-0.02463,0.00000
538.20000,215.32000,0.16566,0.40708,0.01462,-0.02595,0.00000
538.30000,215.36000,0.15648,0.39962,0.00623,-0.02850,0.00000
538.40000,215.40000,0.14614,0.39216,-0.00215,-0.03194,0.00000
538.50000,215.44000,0.13467,0.38480,-0.01040,-0.03589,0.00000
538.60000,215.48000,0.12212,0.37763,-0.01840,-0.03996,0.00000
538.70000,215.52000,0.10857,0.37073,-0.02607,-0.04378,0.00000
538.80000,215.56000,0.09407,0.36419,-0.03334,-0.04704,-0.00000
538.90000,215.60000,0.07870,0.35808,-0.04018,-0.04948,0.00000
539.00000,215.64000,0.06256,0.35248,-0.04653,-0.05093,0.00000
539.10000,215.68000,0.04572,0.34744,-0.05240,-0.05132,0.00000
539.20000,215.72000,0.02829,0.34300,-0.05779,-0.05069,0.00000
539.30000,215.76000,0.01037,0.33919,-0.06269,-0.04913,0.00000
539.40000,215.80000,-0.00793,0.33603,-0.06713,-0.04684,0.00000
539.50000,215.84000,-0.02652,0.33352,-0.07114,-0.04405,0.00000
539.60000,215.88000,-0.04527,0.33164,-0.07473,-0.04102,0.00000
539.70000,215.92000,-0.06409,0.33037,-0.07794,-0.03804,-0.00000
539.80000,215.96000,-0.08287,0.32964,-0.08079,-0.03535,0.00000
539.90000,216.00000,-0.10149,0.32941,-0.08330,-0.03315,0.00000
540.00000,216.04000,-0.11986,0.32958,-0.08549,-0.03156,-0.00000
540.10000,216.08000,-0.13787,0.33009,-0.08737,-0.03067,0.00000
540.20000,216.12000,-0.15542,0.33082,-0.08893,-0.03043,0.00000
540.30000,216.16000,-0.17243,0.33167,-0.09015,-0.03075,-0.00000
540.40000,216.20000,-0.18880,0.33254,-0.09100,-0.03145,0.00000
540.50000,216.24000,-0.20445,0.33331,-0.09145,-0.03230,0.00000
540.60000,216.28000,-0.21930,0.33386,-0.09143,-0.03304,0.00000
540.70000,216.32000,-0.23328,0.33410,-0.09087,-0.03339,-0.00000
540.80000,216.36000,-0.24632,0.33391,-0.08971,-0.03309,0.00000
540.90000,216.40000,-0.25836,0.33319,-0.08784,-0.03193,0.00000
541.00000,216.44000,-0.26935,0.33187,-0.08520,-0.02978,-0.00000
541.10000,216.48000,-0.27924,0.32987,-0.08170,-0.02655,0.00000
541.20000,216.52000,-0.28799,0.32713,-0.07727,-0.02231,0.00000
541.30000,216.56000,-0.29556,0.32359,-0.07186,-0.01717,0.00000
541.40000,216.60000,-0.30192,0.31923,-0.06545,-0.01138,0.00000
541.50000,216.64000,-0.30705,0.31404,-0.05803,-0.00527,0.00000
541.60000,216.68000,-0.31093,0.30801,-0.04964,0.00077,0.00000
541.70000,216.72000,-0.31355,0.30117,-0.04034,0.00630,0.00000
541.80000,216.76000,-0.31491,0.29353,-0.03022,0.01086,0.00000
541.90000,216.80000,-0.31501,0.28515,-0.01942,0.01400,0.00000
542.00000,216.84000,-0.31386,0.27607,-0.00810,0.01533,0.00000
542.10000,216.88000,-0.31147,0.26637,0.00356,0.01452,0.00000
542.20000,216.92000,-0.30786,0.25612,0.01536,0.01132,0.00000
542.30000,216.96000,-0.30306,0.24541,0.02710,0.00564,0.00000
542.40000,217.00000,-0.29711,0.23432,0.03857,-0.00251,0.00000
542.50000,217.04000,-0.29002,0.22295,0.04959,-0.01300,0.00000
542.60000,217.08000,-0.28186,0.21139,0.05999,-0.02553,0.00000
542.70000,217.12000,-0.27265,0.19976,0.06963,-0.03973,0.00000
542.80000,217.16000,-0.26246,0.18813,0.07842,-0.05511,0.00000
542.90000,217.20000,-0.25132,0.17663,0.08631,-0.07109,0.00000
543.00000,217.24000,-0.23931,0.16534,0.09327,-0.08708,0.00000
543.10000,217.28000,-0.22647,0.15436,0.09935,-0.10244,0.00000
543.20000,217.32000,-0.21286,0.14379,0.10459,-0.11658,-0.00000
543.30000,217.36000,-0.19854,0.13372,0.10911,-0.12892,0.00000
543.40000,217.40000,-0.18358,0.12423,0.11302,-0.13896,0.00000
543.50000,217.44000,-0.16803,0.11541,0.11645,-0.14630,0.00000
543.60000,217.48000,-0.15195,0.10734,0.11953,-0.15063,0.00000
543.70000,217.52000,-0.13541,0.10009,0.12237,-0.15176,0.00000
543.80000,217.56000,-0.11846,0.09372,0.12507,-0.14959,0.00000
543.90000,217.60000,-0.10117,0.08829,0.12770,-0.14416,0.00000
544.00000,217.64000,-0.08360,0.08387,0.13028,-0.13560,0.00000
544.10000,217.68000,-0.06580,0.08049,0.13279,-0.12411,-0.00000
544.20000,217.72000,-0.04783,0.07818,0.13519,-0.10998,0.00000
544.30000,217.76000,-0.02976,0.07699,0.13738,-0.09355,0.00000
544.40000,217.80000,-0.01164,0.07693,0.13922,-0.07517,0.00000
544.50000,217.84000,0.00646,0.07800,0.14058,-0.05526,0.00000
544.60000,217.88000,0.02450,0.08022,0.14129,-0.03418,0.00000
544.70000,217.92000,0.04240,0.08357,0.14119,-0.01232,-0.00000
544.80000,217.96000,0.06011,0.08805,0.14012,0.00996,0.00000
544.90000,218.00000,0.07757,0.09362,0.13796,0.03233,0.00000
545.00000,218.04000,0.09472,0.10026,0.13462,0.05448,0.00000
545.10000,218.08000,0.11149,0.10792,0.13005,0.07614,-0.00000
545.20000,218.12000,0.12783,0.11657,0.12424,0.09706,-0.00000
545.30000,218.16000,0.14368,0.12614,0.11724,0.11704,-0.00000
545.40000,218.20000,0.15898,0.13659,0.10914,0.13586,0.00000
545.50000,218.24000,0.17367,0.14785,0.10009,0.15336,0.00000
545.60000,218.28000,0.18769,0.15985,0.09024,0.16936,-0.00000
545.70000,218.32000,0.20101,0.17252,0.07980,0.18374,0.00000
545.80000,218.36000,0.21356,0.18578,0.06896,0.19634,0.00000
545.90000,218.40000,0.22531,0.19956,0.05792,0.20705,0.00000
546.00000,218.44000,0.23621,0.21377,0.04686,0.21578,-0.00000
546.10000,218.48000,0.24622,0.22833,0.03595,0.22243,0.00000
546.20000,218.52000,0.25533,0.24314,0.02529,0.22696,0.00000
546.30000,218.56000,0.26350,0.25812,0.01497,0.22932,-0.00000
546.40000,218.60000,0.27071,0.27317,0.00501,0.22952,0.00000
546.50000,218.64000,0.27694,0.28820,-0.00460,0.22758,0.00000
546.60000,218.68000,0.28220,0.30309,-0.01391,0.22355,-0.00000
546.70000,218.72000,0.28648,0.31777,-0.02303,0.21754,0.00000
546.80000,218.76000,0.28978,0.33211,-0.03206,0.20966,0.00000
546.90000,218.80000,0.29210,0.34604,-0.04112,0.20006,0.00000
547.00000,218.84000,0.29346,0.35945,-0.05034,0.18889,0.00000
547.10000,218.88000,0.29387,0.37225,-0.05982,0.17634,-0.00000
547.20000,218.92000,0.29336,0.38434,-0.06964,0.16259,-0.00000
547.30000,218.96000,0.29195,0.39566,-0.07983,0.14785,-0.00000
547.40000,219.00000,0.28965,0.40613,-0.09038,0.13230,-0.00000
547.50000,219.04000,0.28650,0.41567,-0.10123,0.11613,0.00000
547.60000,219.08000,0.28253,0.42425,-0.11227,0.09951,0.00000
547.70000,219.12000,0.27776,0.43181,-0.12334,0.08262,0.00000
547.80000,219.16000,0.27222,0.43832,-0.13423,0.06561,0.00000
547.90000,219.20000,0.26594,0.44377,-0.14472,0.04864,0.00000
548.00000,219.24000,0.25896,0.44814,-0.15454,0.03184,0.00000
548.10000,219.28000,0.25130,0.45144,-0.16344,0.01536,0.00000
548.20000,219.32000,0.24300,0.45368,-0.17117,-0.00067,-0.00000
548.30000,219.36000,0.23408,0.45489,-0.17751,-0.01611,0.00000
548.40000,219.40000,0.22457,0.45510,-0.18227,-0.03082,-0.00000
548.50000,219.44000,0.21450,0.45435,-0.18530,-0.04467,0.00000
548.60000,219.48000,0.20391,0.45270,-0.18651,-0.05751,0.00000
548.70000,219.52000,0.19283,0.45018,-0.18588,-0.06923,0.00000
548.80000,219.56000,0.18128,0.44687,-0.18341,-0.07970,-0.00000
548.90000,219.60000,0.16930,0.44282,-0.17920,-0.08880,-0.00000
549.00000,219.64000,0.15692,0.43808,-0.17336,-0.09646,0.00000
549.10000,219.68000,0.14418,0.43272,-0.16607,-0.10260,-0.00000
549.20000,219.72000,0.13111,0.42681,-0.15753,-0.10722,0.00000
549.30000,219.76000,0.11776,0.42039,-0.14793,-0.11030,0.00000
549.40000,219.80000,0.10415,0.41354,-0.13752,-0.11190,0.00000
549.50000,219.84000,0.09034,0.40630,-0.12649,-0.11211,0.00000
549.60000,219.88000,0.07637,0.39874,-0.11506,-0.11104,0.00000
549.70000,219.92000,0.06227,0.39091,-0.10340,-0.10886,0.00000
549.80000,219.96000,0.04811,0.38287,-0.09165,-0.10575,0.00000
549.90000,220.00000,0.03393,0.37468,-0.07992,-0.10192,-0.00000
550.00000,220.04000,0.01979,0.36638,-0.06831,-0.09757,0.00000
550.10000,220.08000,0.00573,0.35804,-0.05685,-0.09292,0.00000
550.20000,220.12000,-0.00818,0.34972,-0.04558,-0.08816,0.00000
550.30000,220.16000,-0.02190,0.34145,-0.03448,-0.08347,0.00000
550.40000,220.20000,-0.03535,0.33331,-0.02354,-0.07900,0.00000
550.50000,220.24000,-0.04849,0.32535,-0.01272,-0.07484,-0.00000
550.60000,220.28000,-0.06126,0.31761,-0.00199,-0.07107,0.00000
550.70000,220.32000,-0.07359,0.31014,0.00869,-0.06770,-0.00000
550.80000,220.36000,-0.08543,0.30299,0.01934,-0.06473,0.00000
550.90000,220.40000,-0.09673,0.29621,0.03000,-0.06208,0.00000
551.00000,220.44000,-0.10743,0.28983,0.04067,-0.05969,0.00000
551.10000,220.48000,-0.11749,0.28388,0.05135,-0.05745,0.00000
551.20000,220.52000,-0.12687,0.27839,0.06203,-0.05525,0.00000
551.30000,220.56000,-0.13552,0.27338,0.07270,-0.05296,0.00000
551.40000,220.60000,-0.14341,0.26887,0.08331,-0.05049,0.00000
551.50000,220.64000,-0.15053,0.26487,0.09384,-0.04774,-0.00000
551.60000,220.68000,-0.15684,0.26139,0.10425,-0.04465,0.00000
551.70000,220.72000,-0.16235,0.25842,0.11449,-0.04118,-0.00000
551.80000,220.76000,-0.16704,0.25596,0.12451,-0.03731,0.00000
551.90000,220.80000,-0.17093,0.25400,0.13425,-0.03307,0.00000
552.00000,220.84000,-0.17403,0.25254,0.14365,-0.02850,0.00000
552.10000,220.88000,-0.17636,0.25155,0.15264,-0.02364,0.00000
552.20000,220.92000,-0.17796,0.25103,0.16115,-0.01858,0.00000
552.30000,220.96000,-0.17885,0.25095,0.16906,-0.01339,0.00000
552.40000,221.00000,-0.17908,0.25131,0.17629,-0.00816,0.00000
552.50000,221.04000,-0.17870,0.25207,0.18269,-0.00296,0.00000
552.60000,221.08000,-0.17776,0.25322,0.18814,0.00215,-0.00000
552.70000,221.12000,-0.17631,0.25474,0.19248,0.00712,0.00000
552.80000,221.16000,-0.17442,0.25661,0.19556,0.01191,0.00000
552.90000,221.20000,-0.17214,0.25881,0.19720,0.01648,0.00000
553.00000,221.24000,-0.16953,0.26131,0.19725,0.02081,-0.00000
553.10000,221.28000,-0.16664,0.26409,0.19557,0.02488,0.00000
553.20000,221.32000,-0.16353,0.26713,0.19202,0.02866,0.00000
553.30000,221.36000,-0.16026,0.27038,0.18651,0.03212,0.00000
553.40000,221.40000,-0.15687,0.27383,0.17898,0.03519,0.00000
553.50000,221.44000,-0.15340,0.27744,0.16940,0.03781,0.00000
553.60000,221.48000,-0.14991,0.28117,0.15783,0.03989,0.00000
553.70000,221.52000,-0.14642,0.28500,0.14435,0.04131,0.00000
553.80000,221.56000,-0.14297,0.28888,0.12911,0.04195,-0.00000
553.90000,221.60000,-0.13959,0.29277,0.11231,0.04169,0.00000
554.00000,221.64000,-0.13629,0.29665,0.09420,0.04038,0.00000
554.10000,221.68000,-0.13310,0.30047,0.07506,0.03792,0.00000
554.20000,221.72000,-0.13002,0.30420,0.05522,0.03421,0.00000
554.30000,221.76000,-0.12708,0.30781,0.03503,0.02920,0.00000
554.40000,221.80000,-0.12426,0.31126,0.01483,0.02288,-0.00000
554.50000,221.84000,-0.12158,0.31453,-0.00505,0.01530,0.00000
554.60000,221.88000,-0.11902,0.31760,-0.02427,0.00657,0.00000
554.70000,221.92000,-0.11657,0.32043,-0.04256,-0.00312,-0.00000
554.80000,221.96000,-0.11423,0.32302,-0.05966,-0.01354,0.00000
554.90000,222.00000,-0.11198,0.32536,-0.07538,-0.02439,0.00000
555.00000,222.04000,-0.10979,0.32743,-0.08958,-0.03532,0.00000
555.10000,222.08000,-0.10763,0.32922,-0.10217,-0.04595,0.00000
555.20000,222.12000,-0.10549,0.33074,-0.11313,-0.05591,0.00000
555.30000,222.16000,-0.10332,0.33198,-0.12248,-0.06479,0.00000
555.40000,222.20000,-0.10110,0.33295,-0.13029,-0.07224,0.00000
555.50000,222.24000,-0.09877,0.33364,-0.13666,-0.07795,0.00000
555.60000,222.28000,-0.09630,0.33408,-0.14171,-0.08167,-0.00000
555.70000,222.32000,-0.09365,0.33426,-0.14561,-0.08322,0.00000
555.80000,222.36000,-0.09078,0.33419,-0.14850,-0.08251,0.00000
555.90000,222.40000,-0.08764,0.33390,-0.15052,-0.07956,0.00000
556.00000,222.44000,-0.08420,0.33338,-0.15180,-0.07445,0.00000
556.10000,222.48000,-0.08041,0.33266,-0.15246,-0.06737,0.00000
556.20000,222.52000,-0.07623,0.33175,-0.15258,-0.05859,0.00000
556.30000,222.56000,-0.07164,0.33068,-0.15221,-0.04842,-0.00000
556.40000,222.60000,-0.06661,0.32945,-0.15140,-0.03723,0.00000
556.50000,222.64000,-0.06112,0.32810,-0.15013,-0.02540,0.00000
556.60000,222.68000,-0.05516,0.32664,-0.14839,-0.01334,-0.00000
556.70000,222.72000,-0.04871,0.32511,-0.14615,-0.00141,-0.00000
556.80000,222.76000,-0.04178,0.32353,-0.14336,0.01005,0.00000
556.90000,222.80000,-0.03438,0.32192,-0.13995,0.02073,0.00000
557.00000,222.84000,-0.02651,0.32033,-0.13588,0.03041,0.00000
557.10000,222.88000,-0.01821,0.31877,-0.13110,0.03891,0.00000
557.20000,222.92000,-0.00951,0.31729,-0.12558,0.04612,-0.00000
557.30000,222.96000,-0.00043,0.31590,-0.11930,0.05199,0.00000
557.40000,223.00000,0.00897,0.31464,-0.11225,0.05654,0.00000
557.50000,223.04000,0.01864,0.31353,-0.10445,0.05980,0.00000
557.60000,223.08000,0.02853,0.31259,-0.09594,0.06186,0.00000
557.70000,223.12000,0.03858,0.31185,-0.08676,0.06280,0.00000
557.80000,223.16000,0.04873,0.31133,-0.07700,0.06272,0.00000
557.90000,223.20000,0.05891,0.31102,-0.06674,0.06170,0.00000
558.00000,223.24000,0.06905,0.31094,-0.05607,0.05982,0.00000
558.10000,223.28000,0.07908,0.31109,-0.04509,0.05714,0.00000
558.20000,223.32000,0.08894,0.31147,-0.03394,0.05366,0.00000
558.30000,223.36000,0.09855,0.31206,-0.02271,0.04941,0.00000
558.40000,223.40000,0.10784,0.31284,-0.01154,0.04437,0.00000
558.50000,223.44000,0.11676,0.31380,-0.00054,0.03854,0.00000
558.60000,223.48000,0.12524,0.31491,0.01015,0.03190,0.00000
558.70000,223.52000,0.13321,0.31614,0.02041,0.02447,0.00000
558.80000,223.56000,0.14062,0.31746,0.03013,0.01630,0.00000
558.90000,223.60000,0.14742,0.31881,0.03918,0.00745,0.00000
559.00000,223.64000,0.15357,0.32017,0.04745,-0.00194,0.00000
559.10000,223.68000,0.15901,0.32149,0.05485,-0.01170,0.00000
559.20000,223.72000,0.16372,0.32272,0.06127,-0.02160,0.00000
559.30000,223.76000,0.16767,0.32381,0.06666,-0.03137,0.00000
559.40000,223.80000,0.17084,0.32472,0.07094,-0.04071,-0.00000
559.50000,223.84000,0.17320,0.32540,0.07408,-0.04927,-0.00000
559.60000,223.88000,0.17475,0.32580,0.07609,-0.05673,0.00000
559.70000,223.92000,0.17549,0.32589,0.07697,-0.06273,0.00000
559.80000,223.96000,0.17543,0.32562,0.07679,-0.06698,0.00000
559.90000,224.00000,0.17457,0.32496,0.07561,-0.06922,0.00000
560.00000,224.04000,0.17294,0.32386,0.07356,-0.06923,0.00000
560.10000,224.08000,0.17055,0.32232,0.07078,-0.06690,0.00000
560.20000,224.12000,0.16745,0.32030,0.06743,-0.06218,0.00000
560.30000,224.16000,0.16367,0.31778,0.06369,-0.05512,-0.00000
560.40000,224.20000,0.15925,0.31477,0.05977,-0.04584,0.00000
560.50000,224.24000,0.15424,0.31126,0.05586,-0.03456,0.00000
560.60000,224.28000,0.14868,0.30724,0.05214,-0.02158,0.00000
560.70000,224.32000,0.14264,0.30275,0.04881,-0.00725,0.00000
560.80000,224.36000,0.13616,0.29779,0.04602,0.00804,-0.00000
560.90000,224.40000,0.12931,0.29239,0.04390,0.02385,0.00000
561.00000,224.44000,0.12215,0.28660,0.04253,0.03977,-0.00000
561.10000,224.48000,0.11473,0.28045,0.04196,0.05536,0.00000
561.20000,224.52000,0.10712,0.27399,0.04221,0.07024,-0.00000
561.30000,224.56000,0.09937,0.26727,0.04323,0.08407,0.00000
561.40000,224.60000,0.09154,0.26037,0.04496,0.09655,-0.00000
561.50000,224.64000,0.08368,0.25334,0.04727,0.10747,-0.00000
561.60000,224.68000,0.07585,0.24625,0.05003,0.11665,0.00000
561.70000,224.72000,0.06810,0.23919,0.05309,0.12401,-0.00000
561.80000,224.76000,0.06046,0.23221,0.05626,0.12953,0.00000
561.90000,224.80000,0.05299,0.22540,0.05938,0.13323,-0.00000
562.00000,224.84000,0.04572,0.21883,0.06229,0.13518,0.00000
562.10000,224.88000,0.03867,0.21257,0.06484,0.13550,0.00000
562.20000,224.92000,0.03188,0.20669,0.06690,0.13433,0.00000
562.30000,224.96000,0.02536,0.20126,0.06839,0.13181,0.00000
562.40000,225.00000,0.01914,0.19634,0.06924,0.12810,0.00000
562.50000,225.04000,0.01322,0.19197,0.06944,0.12335,0.00000
562.60000,225.08000,0.00761,0.18820,0.06900,0.11770,0.00000
562.70000,225.12000,0.00232,0.18507,0.06794,0.11125,0.00000
562.80000,225.16000,-0.00267,0.18260,0.06634,0.10412,0.00000
562.90000,225.20000,-0.00735,0.18080,0.06428,0.09637,0.00000
563.00000,225.24000,-0.01173,0.17968,0.06184,0.08806,0.00000
563.10000,225.28000,-0.01582,0.17922,0.05911,0.07924,0.00000
563.20000,225.32000,-0.01964,0.17941,0.05618,0.06993,0.00000
563.30000,225.36000,-0.02319,0.18021,0.05313,0.06016,0.00000
563.40000,225.40000,-0.02650,0.18159,0.05000,0.04993,-0.00000
563.50000,225.44000,-0.02959,0.18349,0.04682,0.03926,0.00000
563.60000,225.48000,-0.03245,0.18586,0.04359,0.02816,0.00000
563.70000,225.52000,-0.03512,0.18862,0.04031,0.01665,0.00000
563.80000,225.56000,-0.03761,0.19171,0.03693,0.00476,0.00000
563.90000,225.60000,-0.03992,0.19505,0.03339,-0.00749,0.00000
564.00000,225.64000,-0.04209,0.19856,0.02962,-0.02004,0.00000
564.10000,225.68000,-0.04411,0.20217,0.02555,-0.03285,-0.00000
564.20000,225.72000,-0.04601,0.20580,0.02109,-0.04585,0.00000
564.30000,225.76000,-0.04780,0.20940,0.01620,-0.05896,-0.00000
564.40000,225.80000,-0.04950,0.21288,0.01080,-0.07212,0.00000
564.50000,225.84000,-0.05112,0.21621,0.00489,-0.08521,0.00000
564.60000,225.88000,-0.05267,0.21935,-0.00155,-0.09813,0.00000
564.70000,225.92000,-0.05418,0.22226,-0.00849,-0.11074,0.00000
564.80000,225.96000,-0.05566,0.22492,-0.01589,-0.12290,0.00000
564.90000,226.00000,-0.05713,0.22735,-0.02366,-0.13446,-0.00000
565.00000,226.04000,-0.05860,0.22955,-0.03171,-0.14523,0.00000
565.10000,226.08000,-0.06010,0.23155,-0.03991,-0.15503,0.00000
565.20000,226.12000,-0.06164,0.23339,-0.04815,-0.16366,0.00000
565.30000,226.16000,-0.06324,0.23514,-0.05628,-0.17090,0.00000
565.40000,226.20000,-0.06491,0.23687,-0.06418,-0.17654,0.00000
565.50000,226.24000,-0.06667,0.23864,-0.07171,-0.18040,0.00000
565.60000,226.28000,-0.06852,0.24057,-0.07878,-0.18229,0.00000
565.70000,226.32000,-0.07047,0.24273,-0.08529,-0.18205,0.00000
565.80000,226.36000,-0.07253,0.24524,-0.09118,-0.17956,0.00000
565.90000,226.40000,-0.07468,0.24820,-0.09642,-0.17475,0.00000
566.00000,226.44000,-0.07693,0.25171,-0.10097,-0.16762,0.00000
566.10000,226.48000,-0.07925,0.25588,-0.10485,-0.15820,0.00000
566.20000,226.52000,-0.08164,0.26079,-0.10809,-0.14661,0.00000
566.30000,226.56000,-0.08406,0.26655,-0.11072,-0.13304,0.00000
566.40000,226.60000,-0.08649,0.27321,-0.11279,-0.11773,0.00000
566.50000,226.64000,-0.08890,0.28085,-0.11435,-0.10099,-0.00000
566.60000,226.68000,-0.09126,0.28951,-0.11543,-0.08318,0.00000
566.70000,226.72000,-0.09352,0.29923,-0.11607,-0.06471,-0.00000
566.80000,226.76000,-0.09564,0.31002,-0.11628,-0.04600,0.00000
566.90000,226.80000,-0.09760,0.32188,-0.11604,-0.02747,-0.00000
567.00000,226.84000,-0.09934,0.33478,-0.11532,-0.00957,0.00000
567.10000,226.88000,-0.10083,0.34869,-0.11405,0.00732,-0.00000
567.20000,226.92000,-0.10203,0.36354,-0.11214,0.02285,0.00000
567.30000,226.96000,-0.10291,0.37926,-0.10950,0.03670,0.00000
567.40000,227.00000,-0.10343,0.39575,-0.10598,0.04867,-0.00000
567.50000,227.04000,-0.10358,0.41290,-0.10146,0.05859,0.00000
567.60000,227.08000,-0.10333,0.43059,-0.09580,0.06641,0.00000
567.70000,227.12000,-0.10265,0.44868,-0.08888,0.07214,0.00000
567.80000,227.16000,-0.10155,0.46701,-0.08057,0.07588,0.00000
567.90000,227.20000,-0.10000,0.48544,-0.07080,0.07778,0.00000
568.00000,227.24000,-0.09802,0.50381,-0.05951,0.07808,-0.00000
568.10000,227.28000,-0.09559,0.52193,-0.04668,0.07704,0.00000
568.20000,227.32000,-0.09274,0.53965,-0.03235,0.07495,0.00000
568.30000,227.36000,-0.08945,0.55679,-0.01660,0.07213,0.00000
568.40000,227.40000,-0.08576,0.57319,0.00043,0.06888,0.00000
568.50000,227.44000,-0.08167,0.58868,0.01858,0.06549,0.00000
568.60000,227.48000,-0.07721,0.60311,0.03760,0.06221,-0.00000
568.70000,227.52000,-0.07239,0.61633,0.05723,0.05925,0.00000
568.80000,227.56000,-0.06725,0.62820,0.07719,0.05678,0.00000
568.90000,227.60000,-0.06181,0.63860,0.09714,0.05492,0.00000
569.00000,227.64000,-0.05609,0.64740,0.11676,0.05370,-0.00000
569.10000,227.68000,-0.05013,0.65451,0.13570,0.05315,0.00000
569.20000,227.72000,-0.04396,0.65984,0.15366,0.05323,0.00000
569.30000,227.76000,-0.03760,0.66331,0.17032,0.05385,0.00000
569.40000,227.80000,-0.03110,0.66486,0.18540,0.05492,0.00000
569.50000,227.84000,-0.02447,0.66445,0.19866,0.05632,0.00000
569.60000,227.88000,-0.01775,0.66206,0.20992,0.05790,0.00000
569.70000,227.92000,-0.01098,0.65767,0.21900,0.05955,0.00000
569.80000,227.96000,-0.00418,0.65127,0.22580,0.06113,0.00000
569.90000,228.00000,0.00261,0.64290,0.23026,0.06253,0.00000
570.00000,228.04000,0.00938,0.63256,0.23236,0.06367,0.00000
570.10000,228.08000,0.01608,0.62030,0.23211,0.06447,-0.00000
570.20000,228.12000,0.02269,0.60618,0.22956,0.06488,0.00000
570.30000,228.16000,0.02920,0.59026,0.22477,0.06487,0.00000
570.40000,228.20000,0.03556,0.57260,0.21784,0.06443,0.00000
570.50000,228.24000,0.04176,0.55330,0.20885,0.06356,0.00000
570.60000,228.28000,0.04778,0.53244,0.19792,0.06228,0.00000
570.70000,228.32000,0.05360,0.51011,0.18512,0.06059,0.00000
570.80000,228.36000,0.05919,0.48642,0.17055,0.05852,0.00000
570.90000,228.40000,0.06453,0.46148,0.15429,0.05610,0.00000
571.00000,228.44000,0.06961,0.43540,0.13643,0.05333,0.00000
571.10000,228.48000,0.07441,0.40829,0.11702,0.05025,0.00000
571.20000,228.52000,0.07891,0.38029,0.09614,0.04686,-0.00000
571.30000,228.56000,0.08308,0.35152,0.07387,0.04318,-0.00000
571.40000,228.60000,0.08692,0.32212,0.05028,0.03922,0.00000
571.50000,228.64000,0.09039,0.29221,0.02548,0.03501,0.00000
571.60000,228.68000,0.09350,0.26195,-0.00041,0.03056,0.00000
571.70000,228.72000,0.09621,0.23148,-0.02723,0.02590,-0.00000
571.80000,228.76000,0.09851,0.20094,-0.05479,0.02107,0.00000
571.90000,228.80000,0.10038,0.17050,-0.08288,0.01611,-0.00000
572.00000,228.84000,0.10181,0.14031,-0.11123,0.01108,0.00000
572.10000,228.88000,0.10280,0.11053,-0.13956,0.00604,-0.00000
572.20000,228.92000,0.10332,0.08133,-0.16754,0.00104,0.00000
572.30000,228.96000,0.10337,0.05288,-0.19484,-0.00384,0.00000
572.40000,229.00000,0.10295,0.02535,-0.22110,-0.00855,0.00000
572.50000,229.04000,0.10206,-0.00111,-0.24597,-0.01302,-0.00000
572.60000,229.08000,0.10070,-0.02632,-0.26911,-0.01722,0.00000
572.70000,229.12000,0.09888,-0.05013,-0.29019,-0.02110,-0.00000
572.80000,229.16000,0.09661,-0.07238,-0.30892,-0.02464,0.00000
572.90000,229.20000,0.09391,-0.09293,-0.32506,-0.02785,0.00000
573.00000,229.24000,0.09080,-0.11165,-0.33839,-0.03074,0.00000
573.10000,229.28000,0.08731,-0.12841,-0.34879,-0.03335,-0.00000
573.20000,229.32000,0.08346,-0.14311,-0.35617,-0.03572,-0.00000
573.30000,229.36000,0.07929,-0.15565,-0.36049,-0.03791,0.00000
573.40000,229.40000,0.07484,-0.16596,-0.36179,-0.04001,0.00000
573.50000,229.44000,0.07015,-0.17399,-0.36015,-0.04209,-0.00000
573.60000,229.48000,0.06527,-0.17970,-0.35568,-0.04421,0.00000
573.70000,229.52000,0.06023,-0.18307,-0.34854,-0.04646,0.00000
573.80000,229.56000,0.05508,-0.18411,-0.33890,-0.04889,0.00000
573.90000,229.60000,0.04987,-0.18282,-0.32695,-0.05153,0.00000
574.00000,229.64000,0.04466,-0.17926,-0.31285,-0.05442,0.00000
574.10000,229.68000,0.03947,-0.17347,-0.29680,-0.05754,0.00000
574.20000,229.72000,0.03438,-0.16552,-0.27893,-0.06088,0.00000
574.30000,229.76000,0.02941,-0.15551,-0.25938,-0.06438,-0.00000
574.40000,229.80000,0.02460,-0.14352,-0.23826,-0.06797,-0.00000
574.50000,229.84000,0.02002,-0.12967,-0.21564,-0.07154,0.00000
574.60000,229.88000,0.01567,-0.11407,-0.19159,-0.07501,-0.00000
574.70000,229.92000,0.01161,-0.09684,-0.16615,-0.07822,0.00000
574.80000,229.96000,0.00786,-0.07812,-0.13934,-0.08108,0.00000
574.90000,230.00000,0.00445,-0.05805,-0.11120,-0.08343,-0.00000
575.00000,230.04000,0.00139,-0.03675,-0.08177,-0.08517,-0.00000
575.10000,230.08000,-0.00129,-0.01438,-0.05112,-0.08620,0.00000
575.20000,230.12000,-0.00360,0.00892,-0.01933,-0.08642,0.00000
575.30000,230.16000,-0.00551,0.03300,0.01347,-0.08578,0.00000
575.40000,230.20000,-0.00704,0.05772,0.04713,-0.08425,0.00000
575.50000,230.24000,-0.00820,0.08294,0.08142,-0.08184,0.00000
575.60000,230.28000,-0.00898,0.10850,0.11610,-0.07858,0.00000
575.70000,230.32000,-0.00942,0.13426,0.15088,-0.07454,0.00000
575.80000,230.36000,-0.00952,0.16009,0.18544,-0.06983,0.00000
575.90000,230.40000,-0.00933,0.18584,0.21940,-0.06457,0.00000
576.00000,230.44000,-0.00887,0.21138,0.25242,-0.05891,-0.00000
576.10000,230.48000,-0.00818,0.23658,0.28409,-0.05300,0.00000
576.20000,230.52000,-0.00728,0.26133,0.31404,-0.04703,0.00000
576.30000,230.56000,-0.00624,0.28550,0.34191,-0.04115,0.00000
576.40000,230.60000,-0.00508,0.30900,0.36736,-0.03551,-0.00000
576.50000,230.64000,-0.00385,0.33173,0.39008,-0.03026,0.00000
576.60000,230.68000,-0.00259,0.35362,0.40979,-0.02549,0.00000
576.70000,230.72000,-0.00135,0.37458,0.42627,-0.02127,0.00000
576.80000,230.76000,-0.00017,0.39457,0.43936,-0.01765,0.00000
576.90000,230.80000,0.00090,0.41354,0.44891,-0.01459,0.00000
577.00000,230.84000,0.00184,0.43145,0.45485,-0.01207,0.00000
577.10000,230.88000,0.00261,0.44830,0.45714,-0.00997,0.00000
577.20000,230.92000,0.00317,0.46408,0.45580,-0.00816,0.00000
577.30000,230.96000,0.00350,0.47879,0.45088,-0.00650,0.00000
577.40000,231.00000,0.00358,0.49246,0.44246,-0.00480,0.00000
577.50000,231.04000,0.00338,0.50509,0.43065,-0.00286,0.00000
577.60000,231.08000,0.00289,0.51673,0.41562,-0.00050,0.00000
577.70000,231.12000,0.00211,0.52741,0.39752,0.00246,-0.00000
577.80000,231.16000,0.00102,0.53717,0.37656,0.00618,0.00000
577.90000,231.20000,-0.00036,0.54605,0.35296,0.01078,0.00000
578.00000,231.24000,-0.00203,0.55409,0.32697,0.01633,0.00000
578.10000,231.28000,-0.00399,0.56134,0.29886,0.02287,0.00000
578.20000,231.32000,-0.00622,0.56782,0.26893,0.03036,0.00000
578.30000,231.36000,-0.00870,0.57359,0.23749,0.03873,0.00000
578.40000,231.40000,-0.01140,0.57866,0.20489,0.04786,0.00000
578.50000,231.44000,-0.01431,0.58307,0.17148,0.05756,0.00000
578.60000,231.48000,-0.01738,0.58684,0.13763,0.06763,0.00000
578.70000,231.52000,-0.02060,0.58999,0.10372,0.07783,0.00000
578.80000,231.56000,-0.02392,0.59253,0.07013,0.08792,0.00000
578.90000,231.60000,-0.02731,0.59449,0.03723,0.09765,0.00000
579.00000,231.64000,-0.03073,0.59588,0.00537,0.10679,0.00000
579.10000,231.68000,-0.03415,0.59670,-0.02513,0.11515,0.00000
579.20000,231.72000,-0.03752,0.59697,-0.05399,0.12255,0.00000
579.30000,231.76000,-0.04081,0.59670,-0.08095,0.12889,0.00000
579.40000,231.80000,-0.04398,0.59590,-0.10584,0.13410,0.00000
579.50000,231.84000,-0.04698,0.59457,-0.12853,0.13816,0.00000
579.60000,231.88000,-0.04980,0.59273,-0.14895,0.14114,-0.00000
579.70000,231.92000,-0.05238,0.59040,-0.16711,0.14310,0.00000
579.80000,231.96000,-0.05470,0.58757,-0.18305,0.14418,0.00000
579.90000,232.00000,-0.05673,0.58426,-0.19688,0.14453,0.00000
580.00000,232.04000,-0.05844,0.58047,-0.20876,0.14431,0.00000
580.10000,232.08000,-0.05981,0.57622,-0.21888,0.14367,0.00000
580.20000,232.12000,-0.06081,0.57150,-0.22743,0.14276,0.00000
580.30000,232.16000,-0.06142,0.56633,-0.23464,0.14168,0.00000
580.40000,232.20000,-0.06164,0.56069,-0.24071,0.14051,0.00000
580.50000,232.24000,-0.06145,0.55459,-0.24586,0.13927,0.00000
580.60000,232.28000,-0.06084,0.54803,-0.25024,0.13791,0.00000
580.70000,232.32000,-0.05981,0.54099,-0.25401,0.13636,0.00000
580.80000,232.36000,-0.05837,0.53348,-0.25724,0.13448,0.00000
580.90000,232.40000,-0.05651,0.52547,-0.26001,0.13207,0.00000
581.00000,232.44000,-0.05425,0.51697,-0.26234,0.12894,0.00000
581.10000,232.48000,-0.05161,0.50798,-0.26419,0.12485,0.00000
581.20000,232.52000,-0.04859,0.49847,-0.26551,0.11957,0.00000
581.30000,232.56000,-0.04521,0.48847,-0.26624,0.11287,-0.00000
581.40000,232.60000,-0.04151,0.47796,-0.26628,0.10458,0.00000
581.50000,232.64000,-0.03752,0.46696,-0.26553,0.09454,0.00000
581.60000,232.68000,-0.03325,0.45549,-0.26390,0.08266,-0.00000
581.70000,232.72000,-0.02874,0.44355,-0.26131,0.06892,0.00000
581.80000,232.76000,-0.02404,0.43120,-0.25771,0.05336,0.00000
581.90000,232.80000,-0.01917,0.41844,-0.25305,0.03610,0.00000
582.00000,232.84000,-0.01418,0.40534,-0.24733,0.01732,0.00000
582.10000,232.88000,-0.00910,0.39193,-0.24056,-0.00273,0.00000
582.20000,232.92000,-0.00399,0.37828,-0.23279,-0.02375,0.00000
582.30000,232.96000,0.00113,0.36444,-0.22406,-0.04541,0.00000
582.40000,233.00000,0.00620,0.35047,-0.21446,-0.06733,0.00000
582.50000,233.04000,0.01120,0.33645,-0.20405,-0.08912,-0.00000
582.60000,233.08000,0.01606,0.32245,-0.19293,-0.11042,0.00000
582.70000,233.12000,0.02077,0.30854,-0.18114,-0.13084,-0.00000
582.80000,233.16000,0.02527,0.29480,-0.16875,-0.15004,0.00000
582.90000,233.20000,0.02954,0.28128,-0.15581,-0.16771,0.00000
583.00000,233.24000,0.03353,0.26808,-0.14231,-0.18358,0.00000
583.10000,233.28000,0.03721,0.25524,-0.12828,-0.19743,0.00000
583.20000,233.32000,0.04055,0.24284,-0.11370,-0.20908,0.00000
583.30000,233.36000,0.04353,0.23093,-0.09853,-0.21840,0.00000
583.40000,233.40000,0.04610,0.21956,-0.08276,-0.22531,0.00000
583.50000,233.44000,0.04826,0.20877,-0.06636,-0.22977,0.00000
583.60000,233.48000,0.04997,0.19859,-0.04931,-0.23179,0.00000
583.70000,233.52000,0.05122,0.18905,-0.03164,-0.23141,0.00000
583.80000,233.56000,0.05200,0.18017,-0.01337,-0.22871,0.00000
583.90000,233.60000,0.05228,0.17195,0.00543,-0.22380,0.00000
584.00000,233.64000,0.05205,0.16438,0.02465,-0.21682,-0.00000
584.10000,233.68000,0.05132,0.15748,0.04413,-0.20797,0.00000
584.20000,233.72000,0.05008,0.15120,0.06371,-0.19744,-0.00000
584.30000,233.76000,0.04832,0.14553,0.08316,-0.18547,0.00000
584.40000,233.80000,0.04605,0.14045,0.10224,-0.17232,0.00000
584.50000,233.84000,0.04327,0.13591,0.12070,-0.15828,0.00000
584.60000,233.88000,0.04001,0.13187,0.13826,-0.14365,0.00000
584.70000,233.92000,0.03626,0.12831,0.15465,-0.12875,0.00000
584.80000,233.96000,0.03205,0.12517,0.16962,-0.11390,0.00000
584.90000,234.00000,0.02740,0.12242,0.18294,-0.09940,0.00000
585.00000,234.04000,0.02234,0.12002,0.19441,-0.08556,0.00000
585.10000,234.08000,0.01688,0.11794,0.20386,-0.07262,0.00000
585.20000,234.12000,0.01107,0.11614,0.21118,-0.06081,0.00000
585.30000,234.16000,0.00492,0.11460,0.21630,-0.05028,0.00000
585.40000,234.20000,-0.00152,0.11330,0.21920,-0.04113,0.00000
585.50000,234.24000,-0.00822,0.11222,0.21988,-0.03336,-0.00000
585.60000,234.28000,-0.01514,0.11136,0.21842,-0.02691,0.00000
585.70000,234.32000,-0.02226,0.11070,0.21490,-0.02165,0.00000
585.80000,234.36000,-0.02952,0.11026,0.20945,-0.01735,-0.00000
585.90000,234.40000,-0.03689,0.11003,0.20221,-0.01374,-0.00000
586.00000,234.44000,-0.04434,0.11002,0.19334,-0.01049,0.00000
586.10000,234.48000,-0.05182,0.11025,0.18299,-0.00726,0.00000
586.20000,234.52000,-0.05929,0.11071,0.17135,-0.00368,0.00000
586.30000,234.56000,-0.06672,0.11144,0.15856,0.00057,0.00000
586.40000,234.60000,-0.07407,0.11243,0.14480,0.00581,0.00000
586.50000,234.64000,-0.08129,0.11371,0.13023,0.01225,0.00000
586.60000,234.68000,-0.08834,0.11528,0.11500,0.02004,0.00000
586.70000,234.72000,-0.09519,0.11715,0.09926,0.02922,0.00000
586.80000,234.76000,-0.10178,0.11932,0.08318,0.03972,0.00000
586.90000,234.80000,-0.10808,0.12181,0.06691,0.05136,0.00000
587.00000,234.84000,-0.11403,0.12462,0.05061,0.06386,0.00000
587.10000,234.88000,-0.11959,0.12775,0.03446,0.07683,-0.00000
587.20000,234.92000,-0.12471,0.13120,0.01865,0.08983,0.00000
587.30000,234.96000,-0.12934,0.13498,0.00337,0.10236,-0.00000
587.40000,235.00000,-0.13343,0.13909,-0.01119,0.11388,0.00000
587.50000,235.04000,-0.13692,0.14352,-0.02483,0.12391,-0.00000
587.60000,235.08000,-0.13976,0.14828,-0.03735,0.13197,0.00000
587.70000,235.12000,-0.14190,0.15337,-0.04856,0.13769,-0.00000
587.80000,235.16000,-0.14328,0.15879,-0.05828,0.14078,0.00000
587.90000,235.20000,-0.14387,0.16454,-0.06637,0.14110,0.00000
588.00000,235.24000,-0.14360,0.17063,-0.07270,0.13862,-0.00000
588.10000,235.28000,-0.14245,0.17706,-0.07719,0.13347,0.00000
588.20000,235.32000,-0.14037,0.18381,-0.07978,0.12590,0.00000
588.30000,235.36000,-0.13732,0.19089,-0.08048,0.11629,0.00000
588.40000,235.40000,-0.13328,0.19829,-0.07932,0.10512,0.00000
588.50000,235.44000,-0.12823,0.20599,-0.07639,0.09293,0.00000
588.60000,235.48000,-0.12216,0.21396,-0.07182,0.08032,0.00000
588.70000,235.52000,-0.11505,0.22219,-0.06576,0.06787,0.00000
588.80000,235.56000,-0.10692,0.23064,-0.05842,0.05614,0.00000
588.90000,235.60000,-0.09778,0.23926,-0.05001,0.04563,-0.00000
589.00000,235.64000,-0.08765,0.24802,-0.04077,0.03673,-0.00000
589.10000,235.68000,-0.07655,0.25684,-0.03094,0.02972,0.00000
589.20000,235.72000,-0.06454,0.26568,-0.02076,0.02476,0.00000
589.30000,235.76000,-0.05166,0.27446,-0.01046,0.02186,0.00000
589.40000,235.80000,-0.03797,0.28311,-0.00026,0.02091,-0.00000
589.50000,235.84000,-0.02353,0.29156,0.00964,0.02168,0.00000
589.60000,235.88000,-0.00843,0.29973,0.01908,0.02385,-0.00000
589.70000,235.92000,0.00725,0.30755,0.02791,0.02702,0.00000
589.80000,235.96000,0.02342,0.31494,0.03602,0.03077,0.00000
589.90000,236.00000,0.03999,0.32184,0.04333,0.03465,0.00000
590.00000,236.04000,0.05685,0.32819,0.04979,0.03825,0.00000
590.10000,236.08000,0.07390,0.33394,0.05537,0.04122,0.00000
590.20000,236.12000,0.09103,0.33903,0.06006,0.04328,0.00000
590.30000,236.16000,0.10813,0.34345,0.06388,0.04424,0.00000
590.40000,236.20000,0.12508,0.34718,0.06686,0.04403,0.00000
590.50000,236.24000,0.14178,0.35021,0.06905,0.04265,-0.00000
590.60000,236.28000,0.15811,0.35256,0.07049,0.04023,0.00000
590.70000,236.32000,0.17397,0.35425,0.07123,0.03697,0.00000
590.80000,236.36000,0.18924,0.35533,0.07136,0.03311,-0.00000
590.90000,236.40000,0.20384,0.35585,0.07091,0.02895,0.00000
591.00000,236.44000,0.21765,0.35589,0.06994,0.02478,0.00000
591.10000,236.48000,0.23061,0.35551,0.06851,0.02088,0.00000
591.20000,236.52000,0.24261,0.35481,0.06667,0.01748,0.00000
591.30000,236.56000,0.25359,0.35390,0.06444,0.01474,0.00000
591.40000,236.60000,0.26348,0.35287,0.06185,0.01276,0.00000
591.50000,236.64000,0.27221,0.35183,0.05893,0.01154,-0.00000
591.60000,236.68000,0.27974,0.35089,0.05567,0.01102,0.00000
591.70000,236.72000,0.28603,0.35017,0.05207,0.01104,-0.00000
591.80000,236.76000,0.29104,0.34975,0.04811,0.01140,0.00000
591.90000,236.80000,0.29473,0.34974,0.04377,0.01185,0.00000
592.00000,236.84000,0.29710,0.35022,0.03901,0.01215,0.00000
592.10000,236.88000,0.29814,0.35127,0.03378,0.01204,0.00000
592.20000,236.92000,0.29784,0.35295,0.02805,0.01132,0.00000
592.30000,236.96000,0.29620,0.35530,0.02177,0.00985,0.00000
592.40000,237.00000,0.29325,0.35835,0.01492,0.00757,0.00000
592.50000,237.04000,0.28899,0.36213,0.00746,0.00448,0.00000
592.60000,237.08000,0.28345,0.36661,-0.00061,0.00072,0.00000
592.70000,237.12000,0.27667,0.37180,-0.00927,-0.00352,0.00000
592.80000,237.16000,0.26867,0.37764,-0.01849,-0.00794,0.00000
592.90000,237.20000,0.25952,0.38408,-0.02821,-0.01220,0.00000
593.00000,237.24000,0.24924,0.39107,-0.03834,-0.01593,0.00000
593.10000,237.28000,0.23790,0.39853,-0.04874,-0.01872,0.00000
593.20000,237.32000,0.22555,0.40636,-0.05929,-0.02021,0.00000
593.30000,237.36000,0.21225,0.41447,-0.06981,-0.02008,0.00000
593.40000,237.40000,0.19807,0.42275,-0.08012,-0.01809,-0.00000
593.50000,237.44000,0.18308,0.43111,-0.09004,-0.01408,0.00000
593.60000,237.48000,0.16735,0.43943,-0.09938,-0.00804,0.00000
593.70000,237.52000,0.15095,0.44760,-0.10795,-0.00005,-0.00000
593.80000,237.56000,0.13396,0.45552,-0.11560,0.00966,0.00000
593.90000,237.60000,0.11646,0.46307,-0.12220,0.02075,0.00000
594.00000,237.64000,0.09853,0.47017,-0.12764,0.03278,0.00000
594.10000,237.68000,0.08024,0.47670,-0.13186,0.04523,0.00000
594.20000,237.72000,0.06168,0.48259,-0.13485,0.05752,-0.00000
594.30000,237.76000,0.04292,0.48776,-0.13664,0.06905,0.00000
594.40000,237.80000,0.02405,0.49212,-0.13728,0.07921,-0.00000
594.50000,237.84000,0.00513,0.49562,-0.13688,0.08747,-0.00000
594.60000,237.88000,-0.01375,0.49820,-0.13557,0.09332,-0.00000
594.70000,237.92000,-0.03252,0.49981,-0.13349,0.09636,0.00000
594.80000,237.96000,-0.05112,0.50040,-0.13082,0.09632,0.00000
594.90000,238.00000,-0.06947,0.49996,-0.12769,0.09301,-0.00000
595.00000,238.04000,-0.08752,0.49845,-0.12427,0.08640,0.00000
595.10000,238.08000,-0.10520,0.49586,-0.12065,0.07656,0.00000
595.20000,238.12000,-0.12245,0.49218,-0.11694,0.06371,0.00000
595.30000,238.16000,-0.13923,0.48743,-0.11318,0.04814,0.00000
595.40000,238.20000,-0.15547,0.48161,-0.10939,0.03022,-0.00000
595.50000,238.24000,-0.17113,0.47474,-0.10552,0.01042,0.00000
595.60000,238.28000,-0.18617,0.46686,-0.10152,-0.01079,0.00000
595.70000,238.32000,-0.20053,0.45799,-0.09728,-0.03289,0.00000
595.80000,238.36000,-0.21418,0.44820,-0.09269,-0.05540,0.00000
595.90000,238.40000,-0.22707,0.43752,-0.08760,-0.07782,0.00000
596.00000,238.44000,-0.23917,0.42603,-0.08190,-0.09972,-0.00000
596.10000,238.48000,-0.25044,0.41379,-0.07546,-0.12069,0.00000
596.20000,238.52000,-0.26085,0.40087,-0.06818,-0.14040,0.00000
596.30000,238.56000,-0.27036,0.38735,-0.06001,-0.15856,0.00000
596.40000,238.60000,-0.27894,0.37332,-0.05092,-0.17493,0.00000
596.50000,238.64000,-0.28656,0.35887,-0.04095,-0.18934,0.00000
596.60000,238.68000,-0.29321,0.34407,-0.03016,-0.20165,0.00000
596.70000,238.72000,-0.29884,0.32903,-0.01869,-0.21178,-0.00000
596.80000,238.76000,-0.30345,0.31383,-0.00668,-0.21966,0.00000
596.90000,238.80000,-0.30702,0.29858,0.00568,-0.22526,0.00000
597.00000,238.84000,-0.30954,0.28335,0.01817,-0.22857,-0.00000
597.10000,238.88000,-0.31100,0.26825,0.03059,-0.22961,-0.00000
597.20000,238.92000,-0.31140,0.25336,0.04271,-0.22839,-0.00000
597.30000,238.96000,-0.31073,0.23878,0.05436,-0.22497,0.00000
597.40000,239.00000,-0.30902,0.22458,0.06537,-0.21939,-0.00000
597.50000,239.04000,-0.30626,0.21087,0.07562,-0.21174,0.00000
597.60000,239.08000,-0.30249,0.19770,0.08503,-0.20211,0.00000
597.70000,239.12000,-0.29772,0.18518,0.09358,-0.19061,0.00000
597.80000,239.16000,-0.29198,0.17338,0.10128,-0.17740,0.00000
597.90000,239.20000,-0.28531,0.16236,0.10819,-0.16262,0.00000
598.00000,239.24000,-0.27775,0.15220,0.11442,-0.14646,0.00000
598.10000,239.28000,-0.26933,0.14297,0.12007,-0.12914,0.00000
598.20000,239.32000,-0.26011,0.13472,0.12528,-0.11086,-0.00000
598.30000,239.36000,-0.25014,0.12750,0.13017,-0.09188,0.00000
598.40000,239.40000,-0.23946,0.12137,0.13486,-0.07241,0.00000
598.50000,239.44000,-0.22813,0.11637,0.13943,-0.05270,0.00000
598.60000,239.48000,-0.21620,0.11251,0.14393,-0.03299,-0.00000
598.70000,239.52000,-0.20374,0.10982,0.14836,-0.01349,-0.00000
598.80000,239.56000,-0.19078,0.10830,0.15268,0.00559,-0.00000
598.90000,239.60000,-0.17739,0.10796,0.15679,0.02407,0.00000
599.00000,239.64000,-0.16363,0.10878,0.16057,0.04179,0.00000
599.10000,239.68000,-0.14953,0.11073,0.16384,0.05860,-0.00000
599.20000,239.72000,-0.13516,0.11377,0.16640,0.07438,0.00000
599.30000,239.76000,-0.12056,0.11786,0.16804,0.08903,0.00000
599.40000,239.80000,-0.10578,0.12293,0.16856,0.10246,0.00000
599.50000,239.84000,-0.09086,0.12892,0.16775,0.11460,0.00000
599.60000,239.88000,-0.07584,0.13576,0.16545,0.12539,0.00000
599.70000,239.92000,-0.06078,0.14335,0.16154,0.13476,0.00000
599.80000,239.96000,-0.04570,0.15163,0.15593,0.14268,0.00000
599.90000,240.00000,-0.03065,0.16048,0.14862,0.14909,-0.00000
